product_id,merchant,name,price_min,price_max,currency,available,variant_id,image,queries
prd_e784c6f2e40d45b6b8ee3cb148c666f8,Tech For Less,Barco MXRT-6700 K9306047 8 GB Graphics Card,223.97,223.97,USD,True,var_a9d3ceccfa2545ef82f94f0ab127eac4,https://cdn.shopify.com/s/files/1/0725/7020/8392/files/74e7e900-4e19-4bea-b47e-a4a8e69d89a6.jpg,graphics card
prd_7635c3857fe04425a082dbf1abca8a17,Schupan Tech,NVIDIA QUADRO RTX 4000 8GB GRAPHICS CARD | USED GOOD,169.99,169.99,USD,True,var_bc102a164f9f4ef5b2a194e682d76aba,https://cdn.shopify.com/s/files/1/0752/0364/1561/files/data_e74654d5-4432-4a5b-90f5-5b8e77bc0fd9.jpg,graphics card
prd_d9c757d69122492fae763d1b45b988fd,Tech For Less,Dell W022Y AMD Radeon Pro WX4150 Graphics Card,35.97,35.97,USD,True,var_76bd9069fb874bd7a339f86f644a91b7,https://cdn.shopify.com/s/files/1/0725/7020/8392/files/0d6fe3a0-3f6f-4449-bd77-f90e0a79596f.jpg,graphics card
prd_1dc7d550116d41aba7edec0ac36d6902,Schupan Tech,NVIDIA GEFORCE GTX TITAN BLACK 6GB GRAPHICS CARD,89.99,89.99,USD,True,var_de282ca6ec264983bfa24a2970f23486,https://cdn.shopify.com/s/files/1/0752/0364/1561/files/data_2435305c-fc45-47c9-af36-d9ad72aa4da7.jpg,graphics card
prd_4fd5ca7306d74e39b335fb222e8fe92e,Tech For Less,HP Nvidia RTX A2000 340L0AA 6 GB Graphics Card With Single Fan,568.97,568.97,USD,True,var_86137b7d8a0f4791a0d7ece6466c3c91,https://cdn.shopify.com/s/files/1/0725/7020/8392/files/b28be3d7-49e8-4175-b06d-c19f7ea9462e.jpg,graphics card
prd_7e5c334298ec435d97a92f412c51b94b,Tech For Less,Dell 84MHH NVIDIA RTX 5000 Ada Gen 32 GB Workstation Graphics Card,3945.49,3945.49,USD,True,var_9352f8684d904e1fb2f644d45e6a5820,https://cdn.shopify.com/s/files/1/0725/7020/8392/files/0de0d8b0-8ea7-4d1c-9626-ef60e63ea4bb.jpg,graphics card
prd_b2246f3fe4a7414b9913dd7f3f7168c9,Tech For Less,Dell XCV9V AMD Radeon Pro W6600 8GB GDDR6 PCI-E 4.0 X16 Graphics Card,282.97,282.97,USD,True,var_7d2cad1c9dae419d9299daa475a7590e,https://cdn.shopify.com/s/files/1/0725/7020/8392/files/4b486412-7937-4cd5-b666-7476ae44e849.jpg,graphics card
prd_6457106c59c44576bbfa5dcf7442a73a,Tech For Less,Dell V9XT2 Nvidia L4 Ada 24 GB Passive Graphics Card,4597.49,4597.49,USD,True,var_2e7051a809364611b84c61b25c2df8b9,https://cdn.shopify.com/s/files/1/0725/7020/8392/files/cf600c5d-914d-4a75-b9b8-825c888fe345.jpg,graphics card
prd_ab8984facf7846c7815908b3ec1931b7,Tech For Less,VisionTek 901458 Graphic Card,159.97,159.97,USD,True,var_d338e7e578c8472c964f592c2da82533,https://cdn.shopify.com/s/files/1/0725/7020/8392/files/e71d8237-6238-4298-9903-f756f51db4d7.jpg,graphics card
prd_d5ffb28db3824067a6ea28cb63a2a59c,Tech For Less,VisionTek 900614 AMD Radeon HD 7750 2 GB Graphics Card,154.97,154.97,USD,True,var_32a8946363174894b9f9d6df7e7bb167,https://cdn.shopify.com/s/files/1/0725/7020/8392/files/283c7e08-5cfc-4406-b0ad-f050a2b020b1.jpg,graphics card
prd_2db7b4c0b1d048c9aa4c0deec795dd13,Tech For Less,VisionTek AMD 901466 Radeon RX 550 2 GB Graphics Card,123.97,123.97,USD,True,var_72c8c4ade0c44ddc9b04b2f604175a2b,https://cdn.shopify.com/s/files/1/0725/7020/8392/files/c6fd1e52-2fe7-49d3-8f3f-45517944ed91.jpg,graphics card
prd_2ded60ec29924ab798b7260342269e18,Schupan Tech,AMD FIREPRO W5100 4GB GRAPHICS CARD,29.99,29.99,USD,True,var_95e1b674c470416aba465647d5fedc45,https://cdn.shopify.com/s/files/1/0752/0364/1561/files/data_1e8dcdca-1b21-425b-a3b6-a510806428a9.jpg,graphics card
prd_011ef753923b42aebe3983f43e843798,Tech For Less,Rtx A400 Single-slot Half-height Pcie 4.0 X16 4gb Gddr6 Graphics Card,191.49,191.49,USD,True,var_292f63fcff644f06969d685c19fae2d3,https://cdn.shopify.com/s/files/1/0725/7020/8392/files/7fb5e7da-8656-41f1-9001-2b5808f8922b.jpg,graphics card
prd_a14cf4bcd569472aa3fb87cacd1f1917,Tech For Less,HP Nvidia Tesla T4 R0W29C 16 GB Graphics Accelerator,2593.49,2593.49,USD,True,var_33625bf2e71c4b8eb82c8b9c5fd42d35,https://cdn.shopify.com/s/files/1/0725/7020/8392/files/ea0012bf-348a-4123-8674-eea1a497fdba.jpg,graphics card
prd_c1cb1009a5f546cc91d84d4e5ae3b8e7,Tech For Less,Dell Radeon R7 250 Video Card,14.97,14.97,USD,True,var_5f6055dcc3cf4d088099130b70e6d38b,https://cdn.shopify.com/s/files/1/0725/7020/8392/files/0a4c2844-ac70-4a19-9bef-19d2ed0ccd4b_f268ad8a-784e-465a-9461-5c17c8a414dd.jpg,graphics card
prd_5336e94b83834d6f90ecaf80ab7c64f6,Tech For Less,Dell 4GD86 Nvidia Quadro P1000 4GB Graphics Card,9.49,9.49,USD,True,var_ffe22c1a18bb4445801616aa5f069614,https://cdn.shopify.com/s/files/1/0725/7020/8392/files/d7e18064-1e5b-4ec1-b08a-22507703f707.jpg,graphics card
prd_bae63dff87ef4355b12bdd1db6a56bed,Tech For Less,PNY VCNVS315DVI-PB 1GB Graphic Card,27.49,27.49,USD,True,var_45b8ab66a0b1496d9cc1f2fcd49eca20,https://cdn.shopify.com/s/files/1/0725/7020/8392/files/4862fb9f-787f-4a91-9524-59f2d480b43c.jpg,graphics card
prd_bd95b6a6eacc482d99fc285a4758d10b,Tech For Less,Dell NG3PY (Nvidia 900-2G193-0100-001) Nvidia L4 Ada 24 GB Graphics,4451.97,4451.97,USD,True,var_8e648b96a09349faa7894ebeac72d37c,https://cdn.shopify.com/s/files/1/0725/7020/8392/files/46969308-dd98-4c44-9c53-3250dc0d09f6.jpg,graphics card
prd_34d4e3116c044c7198d8c936fdef6fd4,Tech For Less,Dell PK3RJ (Nvidia 699-2G402-0060-310) NVIDIA Tesla M60 Graphics,81.49,81.49,USD,True,var_1d3499c06cd349b8a20dab35a2eb4f0d,https://cdn.shopify.com/s/files/1/0725/7020/8392/files/8e1fa77c-106b-449a-b095-58ca8c3f47d8.jpg,graphics card
prd_21ca26d77a7442b5999dff8f004e62a6,Tech For Less,Dell Nvidia RTX 2060 Graphics Card,62.97,62.97,USD,True,var_e14cd24135f941dfb50d24568d17b9ac,https://cdn.shopify.com/s/files/1/0725/7020/8392/files/6120131a-937e-4380-ac29-d5452a970995.jpg,graphics card
prd_85989adb2f9d4d1894b8d6d6f6c689bf,Tech For Less,Dell MM3MP (Nvidia 900-21010-0120-030) NVIDIA H100 NVL Tensor Core GPU,30236.49,30236.49,USD,True,var_2407b42cbbac424cb6658af531aee150,https://cdn.shopify.com/s/files/1/0725/7020/8392/files/fbcac5e5-a4c6-4892-912a-69932e653361.jpg,GPU
prd_90eb86ecdbe84b36860b42e2e1ad631b,Tech For Less,Dell DHG15 (Intel 24P06C00BADL) Intel Data Center GPU,1739.97,1739.97,USD,True,var_850e434b65434e82b6c39577b4402ab1,https://cdn.shopify.com/s/files/1/0725/7020/8392/files/91df748f-81f3-44f0-a708-0741edbb0530.jpg,GPU
prd_9f06c7da95494bf484447fa59a81fb0f,Tech For Less,MicroStar/MSI Nvidia GeForce RTX 4080 Ventus 3X G408016V3X Graphics,1152.97,1152.97,USD,True,var_0c2ae9f0735e4afb97e4cf25b96c7678,https://cdn.shopify.com/s/files/1/0725/7020/8392/files/7ea27ffb-1ac0-4215-be18-6dffe142b342_2e707f27-aaf6-4f92-ac51-73605b52e728.jpg,GPU
prd_7fd904eb4c6343d6b5f1455a55893246,Tech For Less,Barco MXRT-6700 K9306047 8 GB Graphics Card,223.97,223.97,USD,True,var_f0062f6327e74137b930815c89fb2702,https://cdn.shopify.com/s/files/1/0725/7020/8392/files/74e7e900-4e19-4bea-b47e-a4a8e69d89a6.jpg,GPU
prd_a7ca10536ebf48788add2b6e545cf065,Schupan Tech,NVIDIA GEFORCE GTX TITAN BLACK 6GB GRAPHICS CARD,89.99,89.99,USD,True,var_a7fc004f01b849f687599ed03270892e,https://cdn.shopify.com/s/files/1/0752/0364/1561/files/data_2435305c-fc45-47c9-af36-d9ad72aa4da7.jpg,GPU
prd_1c066810bffb4e01b32eff09ca958065,Schupan Tech,NVIDIA QUADRO RTX 4000 8GB GRAPHICS CARD | USED GOOD,169.99,169.99,USD,True,var_d3b5a78aeafe4d86a87f82d0dba3b49d,https://cdn.shopify.com/s/files/1/0752/0364/1561/files/data_e74654d5-4432-4a5b-90f5-5b8e77bc0fd9.jpg,GPU
prd_dee4bb5c785f40b495fba6c7674f9ef8,Tech For Less,Dell 84MHH NVIDIA RTX 5000 Ada Gen 32 GB Workstation Graphics Card,3945.49,3945.49,USD,True,var_0cc04050449f4b38babf67b9ac4592c1,https://cdn.shopify.com/s/files/1/0725/7020/8392/files/0de0d8b0-8ea7-4d1c-9626-ef60e63ea4bb.jpg,GPU
prd_bb8744ca316b4fdeaa52f73e63a4a770,Tech For Less,HP Nvidia RTX A2000 340L0AA 6 GB Graphics Card With Single Fan,568.97,568.97,USD,True,var_809cadcab33240299b7dbec0d6cf2e48,https://cdn.shopify.com/s/files/1/0725/7020/8392/files/b28be3d7-49e8-4175-b06d-c19f7ea9462e.jpg,GPU
prd_987a4bac316a45c188c03faf70586cac,Tech For Less,HP Nvidia Tesla T4 R0W29C 16 GB Graphics Accelerator,2593.49,2593.49,USD,True,var_296980a78c584ebbbac5c233aceaa4bd,https://cdn.shopify.com/s/files/1/0725/7020/8392/files/ea0012bf-348a-4123-8674-eea1a497fdba.jpg,GPU
prd_13798c88699249628fad5da8632cb6b7,Tech For Less,VisionTek AMD 901466 Radeon RX 550 2 GB Graphics Card,123.97,123.97,USD,True,var_beaab122ef194fb3bf9bbaf4e59b1aac,https://cdn.shopify.com/s/files/1/0725/7020/8392/files/c6fd1e52-2fe7-49d3-8f3f-45517944ed91.jpg,GPU
prd_39d1409beb1a404dbda6374328b08666,Tech For Less,Dell W022Y AMD Radeon Pro WX4150 Graphics Card,35.97,35.97,USD,True,var_c4fd3d06eb8d4dc6970fc03bcb8efeee,https://cdn.shopify.com/s/files/1/0725/7020/8392/files/0d6fe3a0-3f6f-4449-bd77-f90e0a79596f.jpg,GPU
prd_8919f951302c4320938334b840fdf700,Schupan Tech,AMD FIREPRO W5100 4GB GRAPHICS CARD,29.99,29.99,USD,True,var_e98f60e6d5df47029fd9082194d2998d,https://cdn.shopify.com/s/files/1/0752/0364/1561/files/data_1e8dcdca-1b21-425b-a3b6-a510806428a9.jpg,GPU
prd_48f5145f1dbc472a821783d4af0d4f7a,Tech For Less,Dell XCV9V AMD Radeon Pro W6600 8GB GDDR6 PCI-E 4.0 X16 Graphics Card,282.97,282.97,USD,True,var_35898346eb6949fe94449d686c4791f2,https://cdn.shopify.com/s/files/1/0725/7020/8392/files/4b486412-7937-4cd5-b666-7476ae44e849.jpg,GPU
prd_dae2220626d44c8aaf479bec32823bbf,Tech For Less,Dell V9XT2 Nvidia L4 Ada 24 GB Passive Graphics Card,4597.49,4597.49,USD,True,var_ed412901910c471781113764054979b2,https://cdn.shopify.com/s/files/1/0725/7020/8392/files/cf600c5d-914d-4a75-b9b8-825c888fe345.jpg,GPU
prd_60dac7daf0d24c24b3b39322ee9cd285,Tech For Less,VisionTek 900614 AMD Radeon HD 7750 2 GB Graphics Card,154.97,154.97,USD,True,var_05eb355a45bd4743a7319497c120e811,https://cdn.shopify.com/s/files/1/0725/7020/8392/files/283c7e08-5cfc-4406-b0ad-f050a2b020b1.jpg,GPU
prd_bb4d873f7b714ebfa9c80585184b504b,Tech For Less,PNY VCNVS315DVI-PB 1GB Graphic Card,27.49,27.49,USD,True,var_b527a46cb720493ab28c2a67e62368a6,https://cdn.shopify.com/s/files/1/0725/7020/8392/files/4862fb9f-787f-4a91-9524-59f2d480b43c.jpg,GPU
prd_a60104a4e5fb4d9f9b732159bd9a9e54,Tech For Less,Dell Radeon R7 250 Video Card,14.97,14.97,USD,True,var_0b93d52660a94216bc75bda58b8e8d78,https://cdn.shopify.com/s/files/1/0725/7020/8392/files/0a4c2844-ac70-4a19-9bef-19d2ed0ccd4b_f268ad8a-784e-465a-9461-5c17c8a414dd.jpg,GPU
prd_8c3e4a773afb43c1b6b6565b158827f0,Tech For Less,Rtx A400 Single-slot Half-height Pcie 4.0 X16 4gb Gddr6 Graphics Card,191.49,191.49,USD,True,var_a20c312958294730892801b85f361d86,https://cdn.shopify.com/s/files/1/0725/7020/8392/files/7fb5e7da-8656-41f1-9001-2b5808f8922b.jpg,GPU
prd_d2e19b96a3ed417d80c02b33f26bd80a,Tech For Less,Dell 4GD86 Nvidia Quadro P1000 4GB Graphics Card,9.49,9.49,USD,True,var_0bd3a346e8ba446ca4a97e9ab417c1b8,https://cdn.shopify.com/s/files/1/0725/7020/8392/files/d7e18064-1e5b-4ec1-b08a-22507703f707.jpg,GPU
prd_0fe299ed8e1d4888bf01c39d17fec6c9,Tech For Less,Dell NG3PY (Nvidia 900-2G193-0100-001) Nvidia L4 Ada 24 GB Graphics,4451.97,4451.97,USD,True,var_12b824720fdd4fc19018eddb5072e894,https://cdn.shopify.com/s/files/1/0725/7020/8392/files/46969308-dd98-4c44-9c53-3250dc0d09f6.jpg,GPU
prd_5d14a3e878ec4520827ad78d8937ed1b,Tech For Less,Dell PK3RJ (Nvidia 699-2G402-0060-310) NVIDIA Tesla M60 Graphics,81.49,81.49,USD,True,var_cfed17364da64fcd9d89916589d965e4,https://cdn.shopify.com/s/files/1/0725/7020/8392/files/8e1fa77c-106b-449a-b095-58ca8c3f47d8.jpg,GPU
prd_94261fdb57a44fc89a325926c988fe3b,Tech For Less,Dell JN65C NVIDIA RTX 2000 Ada Generation WN21-X4-A1 8GB GDDR6 Laptop,248.97,248.97,USD,True,var_afe5cd58e4d74d558f41793cafcc063b,https://cdn.shopify.com/s/files/1/0725/7020/8392/files/284905eb-b44b-4e1d-9d54-37f75715d8d3.jpg,GPU
prd_e3ba5513dc674dcaad2f194ae94ca788,Tech For Less,Dell Nvidia RTX 2060 Graphics Card,62.97,62.97,USD,True,var_a6c445bd6a51419fb3a2791b0c270254,https://cdn.shopify.com/s/files/1/0725/7020/8392/files/6120131a-937e-4380-ac29-d5452a970995.jpg,GPU
prd_784b0a3fa9ee40b2991eef362724d479,Tech For Less,MicroStar/MSI Nvidia GeForce RTX 4080 Ventus 3X G408016V3X Graphics,1152.97,1152.97,USD,True,var_de8b048124e74cb4b3e7f43ea95a0e5a,https://cdn.shopify.com/s/files/1/0725/7020/8392/files/7ea27ffb-1ac0-4215-be18-6dffe142b342_2e707f27-aaf6-4f92-ac51-73605b52e728.jpg,GeForce
prd_4deca885adfa43d5b48357ca12c8f1d4,Schupan Tech,NVIDIA GEFORCE GTX TITAN BLACK 6GB GRAPHICS CARD,89.99,89.99,USD,True,var_9a4837b199f54f98b314b26ce67589bd,https://cdn.shopify.com/s/files/1/0752/0364/1561/files/data_2435305c-fc45-47c9-af36-d9ad72aa4da7.jpg,GeForce
prd_fa94943b6be04870bc66995ae101d9e2,Tech For Less,HP Nvidia RTX A2000 340L0AA 6 GB Graphics Card With Single Fan,568.97,568.97,USD,True,var_1fd51c94de1a446ab342ad718604eddd,https://cdn.shopify.com/s/files/1/0725/7020/8392/files/b28be3d7-49e8-4175-b06d-c19f7ea9462e.jpg,GeForce
prd_2d62a1da5007433b8a18d952367d6f8f,Tech For Less,Dell 84MHH NVIDIA RTX 5000 Ada Gen 32 GB Workstation Graphics Card,3945.49,3945.49,USD,True,var_ad30f706a33548b5ac5e923951c7c642,https://cdn.shopify.com/s/files/1/0725/7020/8392/files/0de0d8b0-8ea7-4d1c-9626-ef60e63ea4bb.jpg,GeForce
prd_47df0fa611a34546bc0302167ce29355,Tech For Less,Dell V9XT2 Nvidia L4 Ada 24 GB Passive Graphics Card,4597.49,4597.49,USD,True,var_57a2ce9a2f3f4f40bb15333a36f87a31,https://cdn.shopify.com/s/files/1/0725/7020/8392/files/cf600c5d-914d-4a75-b9b8-825c888fe345.jpg,GeForce
prd_de586ace140443b1b23c232d4d8de40a,Tech For Less,VisionTek 901458 Graphic Card,159.97,159.97,USD,True,var_798ede8714744ead9d846bf3903c148c,https://cdn.shopify.com/s/files/1/0725/7020/8392/files/e71d8237-6238-4298-9903-f756f51db4d7.jpg,GeForce
prd_1c8232e2727749309e983e2dded05d75,Tech For Less,Barco MXRT-6700 K9306047 8 GB Graphics Card,223.97,223.97,USD,True,var_55e1f9e5bc5446ada62840453f5bfda3,https://cdn.shopify.com/s/files/1/0725/7020/8392/files/74e7e900-4e19-4bea-b47e-a4a8e69d89a6.jpg,GeForce
prd_4dc875539f09421cb379c8da9e2627ff,Tech For Less,Dell XCV9V AMD Radeon Pro W6600 8GB GDDR6 PCI-E 4.0 X16 Graphics Card,282.97,282.97,USD,True,var_0f415d1906654f30960e44aa287005ee,https://cdn.shopify.com/s/files/1/0725/7020/8392/files/4b486412-7937-4cd5-b666-7476ae44e849.jpg,GeForce
prd_f539fe6e70ad4ed8af92dd99d7ba2fdf,Tech For Less,Dell W022Y AMD Radeon Pro WX4150 Graphics Card,35.97,35.97,USD,True,var_7bcb8d12085b4eec8618747287dd2557,https://cdn.shopify.com/s/files/1/0725/7020/8392/files/0d6fe3a0-3f6f-4449-bd77-f90e0a79596f.jpg,GeForce
prd_7564f7db30774a5d84e5ddcbb25a29e8,GMKtec,GMKtec NEO-X1 Pro AMD Ryzen™ 9 9955HX3D + NVIDIA® GeForce RTX™ 5070 MODT Gaming PC,2199.99,2199.99,USD,True,var_a6a9e473c4ce47fe8ff6be520db02ca9,https://cdn.shopify.com/s/files/1/0715/1314/5498/files/NEO.png,GeForce
prd_2d863971002f402788dd8be0957db8d4,Tech For Less,Rtx A400 Single-slot Half-height Pcie 4.0 X16 4gb Gddr6 Graphics Card,191.49,191.49,USD,True,var_69432d7beb06496eb4d7095edbb9a66a,https://cdn.shopify.com/s/files/1/0725/7020/8392/files/7fb5e7da-8656-41f1-9001-2b5808f8922b.jpg,GeForce
prd_60a8d64d002a4bc0a9ec231f308769f1,Schupan Tech,NVIDIA QUADRO RTX 4000 8GB GRAPHICS CARD | USED GOOD,169.99,169.99,USD,True,var_09edfb60e40e4596ab3b6cb473af6083,https://cdn.shopify.com/s/files/1/0752/0364/1561/files/data_e74654d5-4432-4a5b-90f5-5b8e77bc0fd9.jpg,GeForce
prd_d5a8a269f56743918279d5b03f0d193e,Tech For Less,Dell 4GD86 Nvidia Quadro P1000 4GB Graphics Card,9.49,9.49,USD,True,var_a3fff12976ab49f580b82aaf9ed00359,https://cdn.shopify.com/s/files/1/0725/7020/8392/files/d7e18064-1e5b-4ec1-b08a-22507703f707.jpg,GeForce
prd_540fe76ab1244a86aadf68dc730b8747,Tech For Less,Dell Nvidia RTX 2060 Graphics Card,62.97,62.97,USD,True,var_1f7d63e63c36402280c0b1a627c05fa9,https://cdn.shopify.com/s/files/1/0725/7020/8392/files/6120131a-937e-4380-ac29-d5452a970995.jpg,GeForce
prd_6d492b639ed44bd89ab2edfdd0b15907,Tech For Less,Dell W022Y AMD Radeon Pro WX4150 Graphics Card,35.97,35.97,USD,True,var_37358d4961e84360869bf1557c243ca2,https://cdn.shopify.com/s/files/1/0725/7020/8392/files/0d6fe3a0-3f6f-4449-bd77-f90e0a79596f.jpg,Radeon
prd_bcdce309fe874dfebf0da0c41b0f3bd9,Tech For Less,Dell XCV9V AMD Radeon Pro W6600 8GB GDDR6 PCI-E 4.0 X16 Graphics Card,282.97,282.97,USD,True,var_77c8100ea92649c49dc8031314264854,https://cdn.shopify.com/s/files/1/0725/7020/8392/files/4b486412-7937-4cd5-b666-7476ae44e849.jpg,Radeon
prd_aac47d8d5df548f88dba778aea713d92,Tech For Less,VisionTek 901458 Graphic Card,159.97,159.97,USD,True,var_4fd190c90069486cab193e598e755a93,https://cdn.shopify.com/s/files/1/0725/7020/8392/files/e71d8237-6238-4298-9903-f756f51db4d7.jpg,Radeon
prd_104aeca336e549e2ab1ac031d46d7bb8,Tech For Less,VisionTek 900614 AMD Radeon HD 7750 2 GB Graphics Card,154.97,154.97,USD,True,var_3a2d614d7658430781952d8c9c1e71be,https://cdn.shopify.com/s/files/1/0725/7020/8392/files/283c7e08-5cfc-4406-b0ad-f050a2b020b1.jpg,Radeon
prd_b7cc8398c0f3403aa1624f51552bb0c2,Tech For Less,VisionTek AMD 901466 Radeon RX 550 2 GB Graphics Card,123.97,123.97,USD,True,var_68a9c0d0b87c48fe8295bc6404c73921,https://cdn.shopify.com/s/files/1/0725/7020/8392/files/c6fd1e52-2fe7-49d3-8f3f-45517944ed91.jpg,Radeon
prd_1efc505939e642c88a086fe813078a36,Schupan Tech,AMD FIREPRO W5100 4GB GRAPHICS CARD,29.99,29.99,USD,True,var_97216e26a8dd4862884cd7bbb4ddf03b,https://cdn.shopify.com/s/files/1/0752/0364/1561/files/data_1e8dcdca-1b21-425b-a3b6-a510806428a9.jpg,Radeon
prd_3c4d445da48743ddb57f2c97c9a07690,Tech For Less,Dell Radeon R7 250 Video Card,14.97,14.97,USD,True,var_311aa016a09745e7b47938cb49f78fdb,https://cdn.shopify.com/s/files/1/0725/7020/8392/files/0a4c2844-ac70-4a19-9bef-19d2ed0ccd4b_f268ad8a-784e-465a-9461-5c17c8a414dd.jpg,Radeon
prd_f07b26154c9a41f998eafaa8ff74a044,Schupan Tech,NVIDIA GEFORCE GTX TITAN BLACK 6GB GRAPHICS CARD,89.99,89.99,USD,True,var_c78362f3557041b6b4cc3d9ed06c17da,https://cdn.shopify.com/s/files/1/0752/0364/1561/files/data_2435305c-fc45-47c9-af36-d9ad72aa4da7.jpg,Radeon
prd_b712bafe4ebf4222a658f87982a1756e,Tech For Less,Dell 84MHH NVIDIA RTX 5000 Ada Gen 32 GB Workstation Graphics Card,3945.49,3945.49,USD,True,var_f69d84601c1c40eba898fb70e4635792,https://cdn.shopify.com/s/files/1/0725/7020/8392/files/0de0d8b0-8ea7-4d1c-9626-ef60e63ea4bb.jpg,Radeon
prd_9f6d8d39b52d4c228ea674e17de6cd06,Tech For Less,Dell V9XT2 Nvidia L4 Ada 24 GB Passive Graphics Card,4597.49,4597.49,USD,True,var_dabe2ee474a64ea1af37a37d2b451f43,https://cdn.shopify.com/s/files/1/0725/7020/8392/files/cf600c5d-914d-4a75-b9b8-825c888fe345.jpg,Radeon
prd_3f54313416db40e1a820991001864382,Tech For Less,Rtx A400 Single-slot Half-height Pcie 4.0 X16 4gb Gddr6 Graphics Card,191.49,191.49,USD,True,var_21288ccfcf9a46cbae214ca152436af1,https://cdn.shopify.com/s/files/1/0725/7020/8392/files/7fb5e7da-8656-41f1-9001-2b5808f8922b.jpg,Radeon
prd_6da6fc69daf346969db080d43279aae4,Tech For Less,Dell 4GD86 Nvidia Quadro P1000 4GB Graphics Card,9.49,9.49,USD,True,var_41e4612fb8324ba2b65d3c7ac3a4fb17,https://cdn.shopify.com/s/files/1/0725/7020/8392/files/d7e18064-1e5b-4ec1-b08a-22507703f707.jpg,Radeon
prd_89ba5ec1db754874b2062fa8ce3d337e,Tech For Less,HP Nvidia RTX A2000 340L0AA 6 GB Graphics Card With Single Fan,568.97,568.97,USD,True,var_56df1620e478411eb085c0811c8f57fc,https://cdn.shopify.com/s/files/1/0725/7020/8392/files/b28be3d7-49e8-4175-b06d-c19f7ea9462e.jpg,Radeon
prd_ed9e20b7ea98412abbe8b05afba77603,Tech For Less,Barco MXRT-6700 K9306047 8 GB Graphics Card,223.97,223.97,USD,True,var_017c21aa87394b7eb10818050563f65f,https://cdn.shopify.com/s/files/1/0725/7020/8392/files/74e7e900-4e19-4bea-b47e-a4a8e69d89a6.jpg,Radeon
prd_58a6a0bb5d0e4a599641f02eb302bb54,Tech For Less,Intel Xeon CM8062101145500 E5-4620 Processor,15.97,15.97,USD,True,var_e769031a873641cbae487e3575906e91,https://cdn.shopify.com/s/files/1/0725/7020/8392/files/dd27a242-85fe-4c2a-8aa6-ef342431a953.jpg,CPU processor
prd_a61d00984ed5465880d9d055c9462792,Tech For Less,Intel AT80602000771AA Intel Xeon X5550 CPU Server Processor,149.97,149.97,USD,True,var_1c6698e3b3094c00908d2b4a5f618cea,https://cdn.shopify.com/s/files/1/0725/7020/8392/files/4fca7004-c2dc-44f7-b7bf-e0e642641e15.jpg,CPU processor
prd_b3058b2442e04a37b3e0c6ee5661d2c6,Tech For Less,Intel SLBJH Intel Xeon X3470 CPU Processor,117.49,117.49,USD,True,var_797c35efcf064324a82079eda1c01a7e,https://cdn.shopify.com/s/files/1/0725/7020/8392/files/3f823853-aa04-415b-9fb0-1f145584a429.jpg,CPU processor
prd_bb950f1b35fa475a99078a9482d97c9e,Tech For Less,Intel AT80614004320AD Intel Xeon X5650 Processor,116.97,116.97,USD,True,var_692d7b057c4c46e58a5c855942921c0e,https://cdn.shopify.com/s/files/1/0725/7020/8392/files/5b88cef1-2b24-40a0-9cef-0c4cd1e68958.jpg,CPU processor
prd_fc5740be376740c3a21c0d9a7b1988f3,Tech For Less,Intel CM8068403654414 Intel Xeon E-2124 Processor,82.49,82.49,USD,True,var_0a717830232945b885a57bd6ecb40f08,https://cdn.shopify.com/s/files/1/0725/7020/8392/files/16c78784-9bd3-40c1-9793-636ec588354e.jpg,CPU processor
prd_b2669b5a549f4e5bbe6aa61616342e48,Tech For Less,Intel Xeon CM8066002032901 Server Processor,29.49,29.49,USD,True,var_2838384056114eb5925b55cc49c4ed48,https://cdn.shopify.com/s/files/1/0725/7020/8392/files/8109715b-4acf-4af3-9296-eb4e49c7d444.jpg,CPU processor
prd_92364c1809454a1cb690e3361e81b917,Tech For Less,Intel Xeon Bronze 3104 CD8067303562000 Processor,13.49,13.49,USD,True,var_9bb4d92e1f3c47f1b275f29f8da5250c,https://cdn.shopify.com/s/files/1/0725/7020/8392/files/aa0ec3a6-da58-424d-92e0-d09e8d77f5a6.jpg,CPU processor
prd_b3d41b59711c4eb6acfb50fb79941a80,Tech For Less,Intel CD8067303535601 Server Processor,27.49,27.49,USD,True,var_a8eb3a80fa3b4855b43cd0c64bf1efb6,https://cdn.shopify.com/s/files/1/0725/7020/8392/files/bd6993b7-c326-4aca-91c8-e78c120d24c9.jpg,CPU processor
prd_bae0ad2c3acb4b33b5167efef05e5d2b,Tech For Less,HP 594891-001 Xeox L5630 Server Processor,7.49,7.49,USD,True,var_19fe41fe7cf7405582d8df772775b1a8,https://cdn.shopify.com/s/files/1/0725/7020/8392/files/16c6cb42-497c-41ab-8222-c0ea60dc429d.jpg,CPU processor
prd_bf13d10c58604fd4b8875fdfdcea1b36,Tech For Less,Intel Xeon Gold 6242R CD8069504449601 20 Core Processor,724.97,724.97,USD,True,var_e5f603aeb0964df5be8429e87124afac,https://cdn.shopify.com/s/files/1/0725/7020/8392/files/635ee7d5-0250-424e-8b5a-038ccc658056.jpg,CPU processor
prd_607913a212874a39aae461a99d96d475,Tech For Less,Intel Xeon Gold 6142 CD8067303405400 Server Processor,81.49,81.49,USD,True,var_880eb81bca5142ec9195640f95977ebf,https://cdn.shopify.com/s/files/1/0725/7020/8392/files/f295f1af-6cfc-4f9e-808c-e8aec075fb2a.jpg,CPU processor
prd_d4de63a657f6464bafef1b14d890570b,Tech For Less,Intel Xeon Silver 4114 CD8067303561800 Processor,14.49,14.49,USD,True,var_1368ff7e82904bed93a93556b3c38be3,https://cdn.shopify.com/s/files/1/0725/7020/8392/files/f1b02172-d243-4e8e-8813-31e958deb218.jpg,CPU processor
prd_e1c24af5bd66418d862dcb153fb268c2,Tech For Less,Intel SR2JT Intel Xeon E5-2683 v4 Processor,81.49,81.49,USD,True,var_84d37f748bcf40398a2d66b2869f42b9,https://cdn.shopify.com/s/files/1/0725/7020/8392/files/556895e0-b710-4bdc-be56-c23359997236.jpg,CPU processor
prd_52007f2cfb8c4146bf2dcfc58ac27b44,Tech For Less,Intel CD8069504228101 SRF9Q Xeon Platinum 8280M Processor,657.49,657.49,USD,True,var_a7a05c92742b4088a58a618c5578cd13,https://cdn.shopify.com/s/files/1/0725/7020/8392/files/b0f011e0-3962-4630-9fc8-2a445e28854e.jpg,CPU processor
prd_a1511ff244c5430ab1f4eb7eaea9ab06,Tech For Less,Intel CM8066002032301 E5-2630 v4 Server Processor,35.97,35.97,USD,True,var_e1346cea6f734dbf93116738b2e0d6cf,https://cdn.shopify.com/s/files/1/0725/7020/8392/files/567f8c71-e5d3-4a95-bdd0-9540cfc293ee.jpg,CPU processor
prd_a69280a2077e445a98fc29e16e635ca0,Tech For Less,Intel CD8069504193301 Xeon Gold 5218 Processor,116.97,116.97,USD,True,var_96cf1ced055e4f3ca1533592ddc68aae,https://cdn.shopify.com/s/files/1/0725/7020/8392/files/139d05e3-2a06-4460-9730-0ef03d4ae60f.jpg,CPU processor
prd_375f1188521d40a29a2642d1d50e601c,Tech For Less,Intel Xeon CM8064401831000 E5-2630 Processor,9.97,9.97,USD,True,var_fb5cf01a3dfd4f8d81dda6d0b0e45e75,https://cdn.shopify.com/s/files/1/0725/7020/8392/files/d75a9eda-4c1b-4e16-8a21-f6119dbb165b.jpg,CPU processor
prd_dc2e755fa79741aba894823783f827bf,Tech For Less,Intel Xeon E3-1270 Processor,130.97,130.97,USD,True,var_7033adbe1ffc4091ba503430a56ad897,https://cdn.shopify.com/s/files/1/0725/7020/8392/files/e29dccc1-7e39-45b7-b373-e5906f383f8c.jpg,CPU processor
prd_2353565d1df84c15a84a87e35026ef12,Tech For Less,HP 736610-S21 Intel Xeon E5-2609 v2 Processor,23.95,23.95,USD,True,var_d10100e0772a4d31b6071fe4361e5255,https://cdn.shopify.com/s/files/1/0725/7020/8392/files/ccba8b94-d06e-4872-be77-85c7157d9b8e.jpg,CPU processor
prd_6b8ac15d95f543a0b141312ec0bd2752,Tech For Less,Intel Xeon E-2134 Sr3wp 8mb Smartcache 3.5ghz Processor,155.49,155.49,USD,True,var_0c56436ba6dd4106a969c2b09ec828c9,https://cdn.shopify.com/s/files/1/0725/7020/8392/files/0eeb4610-f25b-498f-81c2-9f7113e71267.jpg,CPU processor
prd_2818cfd49d634679aefa3f00880e97cd,Tech For Less,Intel Xeon E5450 EU80574KJ080N Server Processor,83.97,83.97,USD,True,var_f37330bf16f3432ba7cf4442dc6d8c1d,https://cdn.shopify.com/s/files/1/0725/7020/8392/files/c823d7f4-2b91-4f18-9116-52d8c379a6c1.jpg,CPU processor
prd_1472a1d761244e358a86b8d285e212e1,Tech For Less,Intel CD8067303327701 Xeon Platinum Server Processor,63.97,63.97,USD,True,var_a0ce2cdbf6b443bfa64efcc423c50456,https://cdn.shopify.com/s/files/1/0725/7020/8392/files/c0a54214-8d7d-497f-82c3-271310d9acb3.jpg,CPU processor
prd_b7104db8f125436bb897696aeeac2d1f,Tech For Less,Intel Xeon Platinum 8280 Processor,769.49,769.49,USD,True,var_c739b19410d4498fb8ca6524ece8b1d5,https://cdn.shopify.com/s/files/1/0725/7020/8392/files/cb4ef2f1-4136-45b0-a62a-d8fb15c46f2d.jpg,CPU processor
prd_8d7d57d75e1b4fe7b742b06eea8542a9,Tech For Less,Intel Xeon E5-2620 CM8062101048401 Server Processor,10.97,10.97,USD,True,var_a9e62f4da5834d2dbce8028f1c95fba6,https://cdn.shopify.com/s/files/1/0725/7020/8392/files/3b0285d8-4ae7-409a-a22a-27d33e7898fe.jpg,CPU processor
prd_c3dcfb6e7d794eda929595487733f82a,Tech For Less,Intel CM8066002023604 Xeon E5-2683 V4 Server Processor,46.97,46.97,USD,True,var_35038ad1a29d4790aef70d9d5be6b246,https://cdn.shopify.com/s/files/1/0725/7020/8392/files/85974154-6535-4ac2-b692-73efe0e3f639.jpg,CPU processor
prd_535143d605f74a069be27d3790d3f30c,Tech For Less,Intel Xeon E5-2620 v4 CM8066002032201 Processor,6.97,6.97,USD,True,var_1755fda4717a433abf57fa06097f396f,https://cdn.shopify.com/s/files/1/0725/7020/8392/files/34d600ee-2ac7-4983-b541-103a93cbc696.jpg,CPU processor
prd_20d99661253e4b659acea4dced51a116,Tech For Less,Intel Xeon CM8066002030908 E5-2690 Processor,55.97,55.97,USD,True,var_07a323a592b4457a93407c422992d517,https://cdn.shopify.com/s/files/1/0725/7020/8392/files/bb656e84-bffd-4f72-b88d-6d4813923caf.jpg,CPU processor
prd_783ed8dae33c4ecaad98643939b705a4,Tech For Less,Intel CD8067303408900 Xeon Platinum 8153 SR3BA Server Processor,96.97,96.97,USD,True,var_00cb97c2609b4ac7989037e300ee8014,https://cdn.shopify.com/s/files/1/0725/7020/8392/files/b53fafde-1c32-4653-8d1e-f6839cc4f2af.jpg,CPU processor
prd_1fb046aa499f481ebd0edfe050fb7b74,Tech For Less,Dell CP80617003981AHIntel Core i7-620M,66.49,66.49,USD,True,var_94e5f8e3d689408f89ab8c30dd32695c,https://cdn.shopify.com/s/files/1/0725/7020/8392/files/4c2bd359-6fdf-4183-8818-f4587e8fd606.jpg,Intel Core i7
prd_11896c1cce274d92b4157c393551fdc5,Schupan Tech,INTEL I7-10700 2.90GHz 8 Cores 16 Threads,139.99,139.99,USD,True,var_a2d7b57b3e6a4decbe6f34c3aadfae39,https://cdn.shopify.com/s/files/1/0752/0364/1561/files/data_a7c943e5-cb28-4120-81fe-89d0a1f006c1.jpg,Intel Core i7
prd_eac97339bd0e4a429c196dcc4f5174a3,Tech For Less,Intel AT80614004320AD Intel Xeon X5650 Processor,116.97,116.97,USD,True,var_7113112651db4c9ab4c5a599b1c635f5,https://cdn.shopify.com/s/files/1/0725/7020/8392/files/5b88cef1-2b24-40a0-9cef-0c4cd1e68958.jpg,Intel Core i7
prd_cd244a8189e54444a7c7f269612a663f,Tech For Less,Intel Xeon Silver 4208 Processor,36.97,36.97,USD,True,var_6ef4a63744254d6db45a500d8d8d4c10,https://cdn.shopify.com/s/files/1/0725/7020/8392/files/4804ee34-813d-432b-ab71-cd3629c4c394.jpg,Intel Core i7
prd_79f2738096aa4805b10b12eb1d6faab5,Tech For Less,Intel Xeon E5450 EU80574KJ080N Server Processor,83.97,83.97,USD,True,var_15ce7b528fb14d8da8fb3c708b029cef,https://cdn.shopify.com/s/files/1/0725/7020/8392/files/c823d7f4-2b91-4f18-9116-52d8c379a6c1.jpg,Intel Core i7
prd_01e3ac0cab324fb698d8032993cbe709,Tech For Less,Intel AT80602000771AA Intel Xeon X5550 CPU Server Processor,149.97,149.97,USD,True,var_1bf2fd9188574122b340016d2231215d,https://cdn.shopify.com/s/files/1/0725/7020/8392/files/4fca7004-c2dc-44f7-b7bf-e0e642641e15.jpg,Intel Core i7
prd_6d1438e990704d4aba5e47315ba4a7c3,Tech For Less,Intel CD8067303535601 Server Processor,27.49,27.49,USD,True,var_b243961179cc4daa9ca54eb020d3a8bf,https://cdn.shopify.com/s/files/1/0725/7020/8392/files/bd6993b7-c326-4aca-91c8-e78c120d24c9.jpg,Intel Core i7
prd_073dbe6029f44c2b9ad09d3d44489aea,GMKtec,GMKtec M2 Pro S Intel Core™ i7-1185G7 Mini PC,279.99,279.99,USD,True,var_aa8dfef72a9a4e2d90b198d479a1e0ac,https://cdn.shopify.com/s/files/1/0715/1314/5498/files/6d89cd072c9ef9d4847e5981e41fabb4.webp,Intel Core i7
prd_fa0e059524094e328cc6d295e0b89939,GMKtec,GMKtec NucBox M2 Mini PC Intel® 11th Core™ i7 11390H,269,269,USD,True,var_5bcb27b3e0014593a5e3a8cb47cf684b,https://cdn.shopify.com/s/files/1/0715/1314/5498/files/1.avif,Intel Core i7
prd_1f2ae85b5cab4fde85ca60259a8b9db9,GMKtec,GMKtec K7 PLUS 13th Intel® Core™ i7 13620H Mini PC,339.99,339.99,USD,True,var_829f87c7afce4eaca9f40a1813406942,https://cdn.shopify.com/s/files/1/0715/1314/5498/files/ba5bb54c3f567be1fb779fca54612caf.webp,Intel Core i7
prd_cee11e27e142458f88abc01c6540b50e,Schupan Tech,LENOVO THINKSTATION P360 ULTRA | Intel Core i7 12700 16GB RAM NO HDD NO OS | USED GOOD,499.99,499.99,USD,True,var_62587564937e47ee8349215532d3de75,https://cdn.shopify.com/s/files/1/0752/0364/1561/files/data_db686c70-3e5d-4814-a151-83cd830401cb.jpg,Intel Core i7
prd_2d1ad541c5b74772b6d96d096f7d199b,Schupan Tech,DELL OPTIPLEX 7000 | Intel Core i7 12700 16GB RAM NO HDD NO OS | USED GOOD,339.99,339.99,USD,True,var_4e5282eafb974a65ba779eb4bfe7e0c6,https://cdn.shopify.com/s/files/1/0752/0364/1561/files/data_4c1bfc10-f4a3-4a64-adfc-153884c3d430.jpg,Intel Core i7
prd_3385d40225a6424ead6f8764abc6688a,Tech For Less,Intel 735331-001 Core i5-4200M Processor,22.49,22.49,USD,True,var_72fa9b6e710d4379bd11c190f5daaeca,https://cdn.shopify.com/s/files/1/0725/7020/8392/files/fc534a59-9c53-4e0f-82a8-717176408e54.jpg,Intel Core i7
prd_fe8625f441be4de3bc129e688e811b8e,Tech For Less,Intel CD8067303327701 Xeon Platinum Server Processor,63.97,63.97,USD,True,var_cdc5cb43fe7447399e260913fefc7629,https://cdn.shopify.com/s/files/1/0725/7020/8392/files/c0a54214-8d7d-497f-82c3-271310d9acb3.jpg,Intel Core i7
prd_1e5488c6f0224a0b863e293c965d1d29,Tech For Less,Intel CM8068403654414 Intel Xeon E-2124 Processor,82.49,82.49,USD,True,var_87900b313966413491ad8bba2ed421a6,https://cdn.shopify.com/s/files/1/0725/7020/8392/files/16c78784-9bd3-40c1-9793-636ec588354e.jpg,Intel Core i7
prd_55dcb81584d64274a5596ed1a08b003e,Tech For Less,Dell AT80574KJ080N Xeon E5450 SLBBM Server Processor,55.49,55.49,USD,True,var_f786e9d24f3f4516a24274d53e44b9a8,https://cdn.shopify.com/s/files/1/0725/7020/8392/files/abf8c15b-ba07-4af6-a46d-b3526f756476.jpg,Intel Core i7
prd_c3b4e1cbff2f42b1a9a882cb9d01a8bc,Tech For Less,Dell DYHRY Desktop Motherboard,83.49,83.49,USD,True,var_7b25d9b235b84f7ba7419d67aea555cf,https://cdn.shopify.com/s/files/1/0725/7020/8392/files/00eb0c78-ba1e-4d89-85d1-9434de1e1873.jpg,motherboard
prd_d2fcd5fb1a0744bd9b38f1732c26e45c,Tech For Less,Dell KV62T Optiplex 9010 Desktop Motherboard,43.49,43.49,USD,True,var_047bd0fbddbd440aab5c01d3d2ca530a,https://cdn.shopify.com/s/files/1/0725/7020/8392/files/67cd9c3e-d6f0-4497-9e83-6a8733475198_1bbe26b1-58bc-400a-8d36-e2dd99459cbc.jpg,motherboard
prd_2e571d682a584b6a81a82fdd8e41929d,Tech For Less,Dell 66N7P Poweredge R820 Server Motherboard,74.97,74.97,USD,True,var_6ea4b1440d46454da52d941234a9ea9c,https://cdn.shopify.com/s/files/1/0725/7020/8392/files/06d67f60-1f6b-409f-ac30-091a2a5cb7ca.jpg,motherboard
prd_d679ec35265f4bbb8c43e4811b57d213,Tech For Less,Dell N6DHR Desktop Motherboard,27.97,27.97,USD,True,var_2976ff1173a84ceb8a7cf3b453eee9eb,https://cdn.shopify.com/s/files/1/0725/7020/8392/files/c38bb3de-0445-401e-84d5-2e7eb797b402.jpg,motherboard
prd_8ffb19bd256c470083cdab70115c749e,Tech For Less,Dell T344W Pro 16 Plus Motherboard,342.49,342.49,USD,True,var_6601dee4a9c341febcee3058a0f01694,https://cdn.shopify.com/s/files/1/0725/7020/8392/files/40517323-74aa-417d-b3e4-2bfac50de525.jpg,motherboard
prd_c46e6301f7e847fcabe9c5fbd5a8d7b3,Tech For Less,Dell 39NN6 Dell Pro 14 Plus PC14250 Motherboard,563.97,563.97,USD,True,var_c12b79eb29e8416497deb3ddd30a0482,https://cdn.shopify.com/s/files/1/0725/7020/8392/files/2a6dfdf7-bd63-4e3f-be79-992c0b332e5f.jpg,motherboard
prd_89cd451a918c484fb781719847b11199,Tech For Less,Dell 4NDTC Precision 5570 Mobile Workstation Motherboard,446.97,446.97,USD,True,var_3239cf79d626481f9c9b5d0e5e67d171,https://cdn.shopify.com/s/files/1/0725/7020/8392/files/1ae1abe1-9ca5-4c3a-aec6-0ed9b798f486.jpg,motherboard
prd_e03ddc4883da41a49fac6bc204ee9d80,Tech For Less,Dell 1V5WF Laptop Motherboard,86.49,86.49,USD,True,var_bf393da8340a4aac85fec7a8c015e470,https://cdn.shopify.com/s/files/1/0725/7020/8392/files/8d13288d-cd61-4750-b5f9-f26de1a8ed2f.jpg,motherboard
prd_4b3dba270684473cb6f736981e480568,Tech For Less,Dell 40H68 Pro 14 PC14250 Motherboard,410.49,410.49,USD,True,var_274291b0560a4a5fb53792ad86c466db,https://cdn.shopify.com/s/files/1/0725/7020/8392/files/def789b9-1633-4d6d-9e2b-a8db6c97cbf4_1f518676-0bc2-42e5-9ff9-433844322e97.jpg,motherboard
prd_bbc181e5c36f48818c151124f944bb24,Tech For Less,Dell F93J7 Server Motherboard,134.49,134.49,USD,True,var_0dc2f667e24a43c18cf2c5819a26fa76,https://cdn.shopify.com/s/files/1/0725/7020/8392/files/5007bd45-a5ac-4c06-b394-aacd28361c63.jpg,motherboard
prd_d36489ccfc1f415783b261549c864fce,Tech For Less,Dell 2NK77 Desktop Motherboard,37.97,37.97,USD,True,var_8af3fe6de53042d4bcb2de1ceaae152f,https://cdn.shopify.com/s/files/1/0725/7020/8392/files/0eaa53c5-16b8-4466-8c9b-eb11b10d91a2.jpg,motherboard
prd_c749cf512e0c42baa105cf562adfe970,Tech For Less,Dell 9FT6F Pro 14 PC14250 Motherboard,481.97,481.97,USD,True,var_46805c9eeb694365b1512e77497c76af,https://cdn.shopify.com/s/files/1/0725/7020/8392/files/85eac8f8-eda0-43b8-a9af-25cdc2dd57be.jpg,motherboard
prd_79e8aedf77fb4ea89aca1d05d76a8c06,Tech For Less,Dell DWPVW Desktop Motherboard With Intel FCLGA1151 Socket Q370,34.49,34.49,USD,True,var_9f0d024773fa4bb88536bc62b367702c,https://cdn.shopify.com/s/files/1/0725/7020/8392/files/f8ab65f7-1752-4648-bcc6-28dce13804b8.jpg,motherboard
prd_597a093e175c4c488505e025af44f113,Tech For Less,Dell 2K9CR 64 GB RAM Desktop Motherboard,84.49,84.49,USD,True,var_b11c60f12c5b4ef4969b5b7d23e7d9e9,https://cdn.shopify.com/s/files/1/0725/7020/8392/files/eb9acd6f-e1c7-4455-b02c-bcfd0de2b860.jpg,motherboard
prd_d23dfd9e21c241f9b773840eabdf57b6,Tech For Less,Dell 0G75Y Laptop Motherboard,454.49,454.49,USD,True,var_e37a5292431e43d6af4a6d2718cd58a7,https://cdn.shopify.com/s/files/1/0725/7020/8392/files/48649534-062a-4b12-8ab1-01b35c521fba.jpg,motherboard
prd_2a51d3df61ae4f01920424b468c8b536,Tech For Less,Dell 23HGC Laptop Motherboard,26.97,26.97,USD,True,var_8d416dc28d6f4b77a93207a8fa093363,https://cdn.shopify.com/s/files/1/0725/7020/8392/files/feebd0d8-85a2-4ffc-a216-e50c9afa761a.jpg,motherboard
prd_69e4445c1213423d9d35c132a3e6a417,Tech For Less,Dell 4WHRW Latitude 5540 Laptop Motherboard,281.97,281.97,USD,True,var_b57b6d43d693410886d831bdb0d02c08,https://cdn.shopify.com/s/files/1/0725/7020/8392/files/e21370ea-0ee9-4d1f-b190-eaae4da143dc.jpg,motherboard
prd_47aac45c3e6c4a71a125a7768b901e11,Tech For Less,Dell 2YNM3 Laptop Motherboard,33.49,33.49,USD,True,var_6bf683cea1c44045a383699c6af2c068,https://cdn.shopify.com/s/files/1/0725/7020/8392/files/64f9b633-21c5-498d-bf4c-592378c4766f.jpg,motherboard
prd_e9d1088411b645a7bb21e21a4734c334,Tech For Less,Dell G5 15 5587 Laptop Motherboard,135.97,135.97,USD,True,var_1220ab5033fb4dfcbe5052fd6ec0b1a3,https://cdn.shopify.com/s/files/1/0725/7020/8392/files/dbe8e565-b32d-4d00-9589-f113a1d5c4bc.jpg,motherboard
prd_fb27c9cbc2df468ca753fdc9e54c9f1d,Tech For Less,Dell 1TK76 Desktop Motherboard,21.97,21.97,USD,True,var_ad829746d7f94c40b3ccedb261a47842,https://cdn.shopify.com/s/files/1/0725/7020/8392/files/fd1eb827-368d-43be-b826-613281693bad.jpg,motherboard
prd_764bafe4662e4c0fa7b545aa95c4cb36,Tech For Less,Dell 12KND Desktop Motherboard for Wyse 2070 Thin Client,68.49,68.49,USD,True,var_7fed8e438d424137805406645c3420d9,https://cdn.shopify.com/s/files/1/0725/7020/8392/files/5b3ad0a1-bfc6-4613-b6b8-7316b2811a6f.jpg,motherboard
prd_102309fd66a646878270ad6ea35c01ed,Tech For Less,Dell 55H3G OptiPlex 7050 Micro 65W Desktop Motherboard,69.97,69.97,USD,True,var_41069b5837434c96988cd16abeeaf4c2,https://cdn.shopify.com/s/files/1/0725/7020/8392/files/f3cf73aa-2cd8-42c8-91da-4ce9f13a8ca5_8429d01a-4398-428c-bace-3ed3ea2dbbfd.jpg,motherboard
prd_a96e82664d0b40d2b1cec1dc04ec241a,Tech For Less,Dell R6JMP Motherboard,23.97,23.97,USD,True,var_eb966d6e144c460da730ee0a1f699d44,https://cdn.shopify.com/s/files/1/0725/7020/8392/files/19271911-2f92-4bfa-88d3-720a5803879d_7cce8af9-c15e-45c7-82d0-47c0226a7abe.jpg,motherboard
prd_85889e8717f24cfab3b8ccdaba077c00,Tech For Less,Dell 13K4Y Laptop Motherboard,84.49,84.49,USD,True,var_ec6fe158002c4421a510cef3cc54d457,https://cdn.shopify.com/s/files/1/0725/7020/8392/files/5ab41948-d20b-4589-868a-1385e77a7831.jpg,motherboard
prd_d8435ea0175b4d35be9bf4f6b47405a5,Tech For Less,Dell VCHW8 Poweredge C4130 Server Motherboard,30.97,30.97,USD,True,var_30226102282f45eaa11ac94199abeda7,https://cdn.shopify.com/s/files/1/0725/7020/8392/files/b279beb7-fcac-4e6d-b4e6-999079c00a77.jpg,motherboard
prd_100339c2d06c4230800c424aad1415ae,Tech For Less,Dell 1R93ROptiplex 7000 Sff Kyoto/xe D12-sff-7/xe Desktop Motherboard,96.97,96.97,USD,True,var_2139969488654bae88f3ec857b020351,https://cdn.shopify.com/s/files/1/0725/7020/8392/files/bb26bf3f-911a-4cac-ac8e-4b5014e8c071.jpg,motherboard
prd_8854439f48ed48ebac3ea31330afe629,Tech For Less,Dell 0KGV4 Optiplex 5270 Series All-in-one Desktop Motherboard,108.49,108.49,USD,True,var_3986418a2ce14195863c4f1330554ba2,https://cdn.shopify.com/s/files/1/0725/7020/8392/files/7215849c-72d9-40e8-978f-71f878bddf06.jpg,motherboard
prd_af1e07c2207d427ea5b88096d525e7c3,Tech For Less,Dell H84VN Inspiron 16 Plus Motherboard,268.49,268.49,USD,True,var_44455478f28b4de4bcf2162337ffbbe2,https://cdn.shopify.com/s/files/1/0725/7020/8392/files/49800161-9e4c-404b-b2b9-0615677e2be3.jpg,motherboard
prd_f9ab811b872e40aa9f0b8d485514ca9e,Tech For Less,Dell CHX27 Intel i5-1245U Motherboard,135.97,135.97,USD,True,var_96585420fe624012a591fce3f44eab76,https://cdn.shopify.com/s/files/1/0725/7020/8392/files/02587960-8fbb-45ac-98fb-93fc9dd9cc96.jpg,motherboard
prd_b680e7db4e934fe2a804e1af29057401,Tech For Less,Samsung M323R4GA3PB0-CWMOL 32 GB Desktop Memory Module,679.97,679.97,USD,True,var_a483ac292a47474986fbec76e6de1b52,https://cdn.shopify.com/s/files/1/0725/7020/8392/files/27326b72-b93c-48ac-a08a-6afc651663be.jpg,RAM memory
prd_93ea4aa5981b4173a74ce31ebaf1b58a,Tech For Less,Samsung M393A4K40DB2-CVFBY Memory Module,296.97,296.97,USD,True,var_08a6910afbb34bbfbab9353db99695e5,https://cdn.shopify.com/s/files/1/0725/7020/8392/files/7550346d-39ea-4a47-8fe3-42a9e13a7307.jpg,RAM memory
prd_1bc1ce4142a64e23b48b053482cd4373,Tech For Less,Samsung M393A2K43DB3-CWE 16 GB Memory Module,169.49,169.49,USD,True,var_5a98e77d503f4e29b13a54732de381c4,https://cdn.shopify.com/s/files/1/0725/7020/8392/files/62c6843b-95ba-40c6-8f91-888f65fea1d4.jpg,RAM memory
prd_130ff1e710b649f0a103e3bb6a50f273,Tech For Less,Samsung M393A2K43EB3-CWEBY 16GB Memory Module,116.97,116.97,USD,True,var_bdcce1f27c11404da0ce1c256e5d7ce5,https://cdn.shopify.com/s/files/1/0725/7020/8392/files/6834d4b6-1a38-4257-b005-5771eb11c2e2.jpg,RAM memory
prd_40746d35f34544aeb8c1b623aa4553cf,Tech For Less,Samsung M321RYGA0PB0-CWMXJ 96 GB Memory Module,3910.97,3910.97,USD,True,var_082ca24fac23488884785a339be24873,https://cdn.shopify.com/s/files/1/0725/7020/8392/files/676dadbe-55bb-4939-b6cc-3f011e0e7c3f.jpg,RAM memory
prd_df990b12f025410d86dfa12ffb747cd9,Tech For Less,Samsung M321R2GA3PB0-CWMXJ 16 GB Server Memory Module,920.97,920.97,USD,True,var_104f2b2f58644e90920520e75f8a2e3f,https://cdn.shopify.com/s/files/1/0725/7020/8392/files/8e9b70ed-d958-44a8-aa43-4c95875e4413.jpg,RAM memory
prd_76ee8e600aaf4121b1ef3fb16a7a91c9,Tech For Less,Samsung M321RYGA0PB0-CWMKJ 96 GB Memory Module,3910.97,3910.97,USD,True,var_792d0e3bc38142d8afb5f01fc92657c1,https://cdn.shopify.com/s/files/1/0725/7020/8392/files/0570e1d4-e8ba-4251-9197-1f16597c5e95.jpg,RAM memory
prd_eec52d3ea1314fa5bf2b24031c5337e2,Tech For Less,Hynix HMA81GR7CJR8N-XN 8GB Memory Module,55.49,55.49,USD,True,var_639ce7e5ba5e438f83534a742c4ef27c,https://cdn.shopify.com/s/files/1/0725/7020/8392/files/cd5fbea9-b2b6-4c41-beb1-ab59fa5490bc.jpg,RAM memory
prd_1d7a35da4d714ca6b55ba230c6ff6626,Tech For Less,Samsung M471A2G43BB2-CWE 16GB Memory Module,118.97,118.97,USD,True,var_5019f5c377ce45d0ba1ca79907b578f0,https://cdn.shopify.com/s/files/1/0725/7020/8392/files/77048a9d-9be5-4f9e-b5c0-ba0acba2f069.jpg,RAM memory
prd_fc9493e9446d49febeb17a0cad2aec92,Tech For Less,Samsung M321RAJA0MB0-CWMNY 128 GB Memory Module,5015.49,5015.49,USD,True,var_edab4a8115884a74a1c84d00a0985e7a,https://cdn.shopify.com/s/files/1/0725/7020/8392/files/26a64da0-fe81-49bf-b3a0-5019711c453a.jpg,RAM memory
prd_455c3331a66c487ea528e8c06997d0d3,Tech For Less,Kingston KHTPJ7-MIF 32 GB Server Memory Module,471.97,471.97,USD,True,var_f75df9fb199e4811b36560109dd1bb57,https://cdn.shopify.com/s/files/1/0725/7020/8392/files/e001994c-bc28-4cc4-9975-7877cf5b83fd.jpg,RAM memory
prd_76d9bdb04d854a309f090d8fdefe6c07,Tech For Less,Hynix HMCG66AGBUA084N 8 GB Memory Module,137.97,137.97,USD,True,var_e0faed920076425480bfa2f09dc73696,https://cdn.shopify.com/s/files/1/0725/7020/8392/files/21784c31-5598-42b7-ad84-96923cec24f2.jpg,RAM memory
prd_ab8c70eb66654e4095015196eb2c92e1,Tech For Less,ADATA AO2P32NCSV1-BEVS Memory Module,127.97,127.97,USD,True,var_f32fbe46b5ea48dc9e390dbb1a43a5a7,https://cdn.shopify.com/s/files/1/0725/7020/8392/files/61ce3d24-6913-4a8d-9048-2938f6237536.jpg,RAM memory
prd_98f09b0d41c3483e960eb48bafeae55e,Tech For Less,Samsung M393A4G43BB4-CWEGY 32GB Memory Module,254.49,254.49,USD,True,var_fc0d0295b8324273987a0821c290d861,https://cdn.shopify.com/s/files/1/0725/7020/8392/files/02999c49-84e1-4970-98a1-8076cc995ef4.jpg,RAM memory
prd_eba8da9cae1b48b0a49ee399627cfd1b,Tech For Less,Micron MTA36ASF4G72PZ-2G6E1RG Memory Module,281.97,281.97,USD,True,var_d05fb5f8edac465086e294e3c1a8c38d,https://cdn.shopify.com/s/files/1/0725/7020/8392/files/c498366a-559a-47e0-9dda-e8ff5026c80d.jpg,RAM memory
prd_8a3bff4621c641e8bc081de46c4c92a2,Tech For Less,Hynix HMCG78AGBRA191N 16 GB Memory Module,737.49,737.49,USD,True,var_cd690099baea48108500dae0e1c6a449,https://cdn.shopify.com/s/files/1/0725/7020/8392/files/efde3e79-97d1-466d-8ea6-540bfa8186a3.jpg,RAM memory
prd_18b633e91ae44ff0bc4597d0b8e06b58,Tech For Less,Kingston K1CXP8-MIF 16 GB Memory Module,178.49,178.49,USD,True,var_b153d405aca64b7d90a6db06f9b79f26,https://cdn.shopify.com/s/files/1/0725/7020/8392/files/9de2bb3f-b11a-4027-899d-ec783f59dc4e.jpg,RAM memory
prd_33296da86853432a966f28a002426067,Tech For Less,Micron MTA18ASF2G72PDZ-3G2R1TI 16 GB Memory Module,169.49,169.49,USD,True,var_992fbf85096944639f727a6ed7cbc73d,https://cdn.shopify.com/s/files/1/0725/7020/8392/files/f5712357-33db-4c75-b50f-5b4b890e247b.jpg,RAM memory
prd_32fb1406f0dd40cd9676e1c414cc23a8,Tech For Less,Samsung M395T2953EZ4-CE65 1 GB DDR2 SDRAM Memory Module,7.97,7.97,USD,True,var_cb5658f8e6464c6b98eea5128f5d7ce4,https://cdn.shopify.com/s/files/1/0725/7020/8392/files/f11cecd4-781d-464b-9123-f1675fe3b7c7.jpg,RAM memory
prd_d70d397429704922b579c91a448a4b20,Tech For Less,Hynix HMCG88AGBSA092N 32GB Memory Module,764.97,764.97,USD,True,var_f096338739a74905a07190bfd44eac03,https://cdn.shopify.com/s/files/1/0725/7020/8392/files/2a0e67bb-41a2-4a26-98f8-90ec7e753f1b.jpg,RAM memory
prd_b2971cf2638f4696afd613b796d6e869,Tech For Less,Hynix HMAG78EXNRA086N Memory Module,117.97,117.97,USD,True,var_b741041e423e48f4a1981cceab74dcd8,https://cdn.shopify.com/s/files/1/0725/7020/8392/files/8b0d6282-0772-4675-8c5b-74f5b10fb8db.jpg,RAM memory
prd_f3fa014590084988abdc2e602d481357,Tech For Less,Hynix HMAA4GS6AJR8N-XN 32GB Memory Module,220.97,220.97,USD,True,var_336ee3a6f8be412287a1056cbcb96d68,https://cdn.shopify.com/s/files/1/0725/7020/8392/files/e5a0cb0c-883a-4e19-b2ec-8fa39a8f8225.jpg,RAM memory
prd_ff7f0fc9f1aa4ff49bfaab0481671364,Tech For Less,Micron MTC20F2085S1RC56BD2 Memory Module,1393.49,1393.49,USD,True,var_fbf9fb38f94647c7bebc8f3bb6585e97,https://cdn.shopify.com/s/files/1/0725/7020/8392/files/26587754-d4ea-49ff-9555-e5081b722fb0.jpg,RAM memory
prd_a6bc072cbb0447eeafac7cb192ffcd08,Tech For Less,Hynix HMCG88AHBCA313N 32GB Memory Module,1401.97,1401.97,USD,True,var_01e14afa14b346678905591aab0d4432,https://cdn.shopify.com/s/files/1/0725/7020/8392/files/605d81bb-3193-41e8-b6ae-5fda1ac39c79.jpg,RAM memory
prd_e3e80a3b3f6741d5a0dcf87b60f0f325,Tech For Less,Hynix HMCG78AGBUA081N 16 GB Memory Module,254.97,254.97,USD,True,var_5053e2cd90ab45959925df4bec83787f,https://cdn.shopify.com/s/files/1/0725/7020/8392/files/24cddcaf-0d9f-4827-bd76-65d792982f0b.jpg,RAM memory
prd_c41459e26d0848f3a09c105456efdb88,Tech For Less,32gb 2rx8 Pc5-5600b Ecc Rdimm Memory Module,1394.49,1394.49,USD,True,var_1bf4a7484539422996f97857ecaec0bf,https://cdn.shopify.com/s/files/1/0725/7020/8392/files/7793c330-1686-48dc-a99c-47bd63b2fc75_30c91e3c-7562-4472-a3e0-a94ab333ceb9.jpg,RAM memory
prd_0b82c4dfb56c4a3081612c481e953278,Tech For Less,Samsung M425R2GA3BB0-CQK0L 16GB Memory Module,220.97,220.97,USD,True,var_5c0925414bc1430e9218ebf4d9077167,https://cdn.shopify.com/s/files/1/0725/7020/8392/files/cf11650f-8a80-4e0e-962a-7fe70c45a7eb.jpg,RAM memory
prd_465af7b419e44b518c144ca4db680676,Tech For Less,Hynix HMCG88AEBRA115N 32GB Memory Module,1445.49,1445.49,USD,True,var_d9c147e49d1d4b88b64efbc6c3a6df87,https://cdn.shopify.com/s/files/1/0725/7020/8392/files/c6d80408-cf5d-44f9-aa78-7bb90c5d2bfd.jpg,RAM memory
prd_62dd144783af48b3a865002dfd2281c8,Tech For Less,Hynix HMA82GR7JJR8N-WM 16GB Memory Module,115.49,115.49,USD,True,var_5cf335df639e46f4b985e9e833f375a6,https://cdn.shopify.com/s/files/1/0725/7020/8392/files/7413b352-7071-4a0f-b778-6374055822f2_599b4bda-f6a2-4bde-a926-2f559eeb8738.jpg,RAM memory
prd_237653171bc84e67b7a81b82446281f9,Tech For Less,Dell SNPJRX1HC/512G Intel Opt DC Persistant Cascade Lake DDR-T Server,1377.49,1377.49,USD,True,var_2568d9a8ffe047688ae9ba2bfa7ced57,https://cdn.shopify.com/s/files/1/0725/7020/8392/files/e071abc2-4fff-432a-91b2-01411332deb1.jpg,DDR4
prd_2f5c8df4a8c843ef96cdf80daa36c9ba,Tech For Less,Dell 74FPM 32 GB Memory Module,522.49,522.49,USD,True,var_fe87085722bb4edcb30e4f0558505848,https://cdn.shopify.com/s/files/1/0725/7020/8392/files/300c60bf-2c8f-40d3-9e09-65a01e6e7fcc.jpg,DDR4
prd_d1970a7742f344ccb77ff701f2022bac,Tech For Less,Dell SNPHTPJ7C/32GVXR15G VxRail Memory Module,396.49,396.49,USD,True,var_1bc193a0637f491198b791801283f54b,https://cdn.shopify.com/s/files/1/0725/7020/8392/files/78d2c637-2549-41fe-988f-d30c5d81ad9b.jpg,DDR4
prd_2eb77703ddd347e6aae058b3e842cddb,Tech For Less,Dell G4GMT (Intel NMA1XXD256GPS) Optane DC Persistent Memory Module,200.49,200.49,USD,True,var_bde3ccfaba2a4770aad825eab23192b1,https://cdn.shopify.com/s/files/1/0725/7020/8392/files/e2346df8-0250-4040-afbf-b47045bc2932.jpg,DDR4
prd_88f0656b80514309a12ca49abfe9f857,Tech For Less,Dell SNPP6FH5C/32G 32GB Memory Module,359.49,359.49,USD,True,var_e09317260af94cbd983c8dcab87bdb27,https://cdn.shopify.com/s/files/1/0725/7020/8392/files/996a277b-0314-41ec-ad7e-fd38f16143e9.jpg,DDR4
prd_ee0825d6ea9946eba0fe8b8d32510205,Tech For Less,16gb 2rx8 Ddr4 3200 Mbps Cl21 288-pin 1.2v Ecc Rdimm Memory Module,100.49,100.49,USD,True,var_a6d39a30ebcc4ac08dd00bca5bea6eff,https://cdn.shopify.com/s/files/1/0725/7020/8392/files/a86470a7-c075-4a2b-8957-ef960caea821.jpg,DDR4
prd_83d42bd15d1b48389a449c551346c2ff,Tech For Less,Samsung M393A4K40DB2-CVFBY Memory Module,296.97,296.97,USD,True,var_386b8b6b0e884b82b035040d66499c9f,https://cdn.shopify.com/s/files/1/0725/7020/8392/files/7550346d-39ea-4a47-8fe3-42a9e13a7307.jpg,DDR4
prd_58f5de671487491fae8383baa167ffe7,Tech For Less,Dell SNP29GM8DG/64G Memory Module,378.49,378.49,USD,True,var_d56d44bd145146bb981df957c91b56d2,https://cdn.shopify.com/s/files/1/0725/7020/8392/files/4b2f6fc7-0480-4472-87c3-e0e74cae0977.jpg,DDR4
prd_359163e651bf4bf7abae225a3ac9e3bd,Tech For Less,Dell SNPM04W6C-16G Memory Module,329.49,329.49,USD,True,var_220764c6adc84f1e84391a9c22978a7a,https://cdn.shopify.com/s/files/1/0725/7020/8392/files/b946ee43-7da7-4736-a72b-dc01632c93b2.jpg,DDR4
prd_adf7f4096a88470685185d4cd97a82ee,Tech For Less,ADATA AO2P32NCSV1-BEVS Memory Module,127.97,127.97,USD,True,var_c3c647a7a95149cdb5d0f791a1f880d1,https://cdn.shopify.com/s/files/1/0725/7020/8392/files/61ce3d24-6913-4a8d-9048-2938f6237536.jpg,DDR4
prd_f4fddde07832445786534c54a6e4756e,Tech For Less,Kingston K1CXP8-HYC 16GB 1RX8 DDR4 3200MHz RAM Laptop Memory Module,148.97,148.97,USD,True,var_9f6cac7920f24d24b3a76f23750b804b,https://cdn.shopify.com/s/files/1/0725/7020/8392/files/e86b7ca7-aa5c-43ed-a8ab-2b1202838d52.jpg,DDR4
prd_e427118c208448238069ab9f017999cc,Schupan Tech,SK HYNIX 8GB DDR4 3200AA LAPTOP RAM,24.99,24.99,USD,True,var_4911a1feba174400a1d6d306d2c3bdae,https://cdn.shopify.com/s/files/1/0752/0364/1561/files/data_729fc911-070e-48ce-9ef7-79db878f1109.jpg,DDR4
prd_d9d754952c1048bdaa5c9183dbf1a8ee,Tech For Less,Micron MTA36ASF4G72PZ-2G6E1RG Memory Module,281.97,281.97,USD,True,var_854a8085fd7c4881a84f37cce94febac,https://cdn.shopify.com/s/files/1/0725/7020/8392/files/c498366a-559a-47e0-9dda-e8ff5026c80d.jpg,DDR4
prd_9ca273335926408b9799ec33696c6a34,Tech For Less,Hynix HMAA8GL7AMR4N-UH 64GB Memory Module,679.97,679.97,USD,True,var_7491caade51f47bab4c86316502c09d8,https://cdn.shopify.com/s/files/1/0725/7020/8392/files/fe2e4f05-e936-45b6-a1f0-35e5eeb6ca3e.jpg,DDR4
prd_146d5e68c25840d2b8fe1f17e9372499,Tech For Less,Hynix HMA82GU7CJR8N-VK 16 GB Memory module,165.49,165.49,USD,True,var_7315a0aec55447b7b2932f2e7602f3c2,https://cdn.shopify.com/s/files/1/0725/7020/8392/files/31191009-e354-4962-ac49-e63cab4a2cbf.jpg,DDR4
prd_671f61360f884515868e54f430a3e172,Tech For Less,Dell SNPM9NNTC/16G 16GB Memory Module,167.97,167.97,USD,True,var_287c36dca45c4a4ea7d241a64b3688bf,https://cdn.shopify.com/s/files/1/0725/7020/8392/files/4a8e0bdc-1400-4997-aae1-522579284abe.jpg,DDR4
prd_caaf37d2b62842d19e0271b474f65745,Tech For Less,32gb Fury Beast 2rx8 Ddr5 2800mhz 1.1v 288-pin Cl32 Udimm Memory,680.49,680.49,USD,True,var_ba51abfcac444cde9096f8002fa913ec,https://cdn.shopify.com/s/files/1/0725/7020/8392/files/7793c330-1686-48dc-a99c-47bd63b2fc75_a3243bb8-46c8-486a-a9c3-0852a8d7145e.jpg,DDR5
prd_918c04dd4bc442bca7a9ba0e3177c9cb,Tech For Less,Samsung M425R2GA3PB0-CWM0L 16GB 1RX8 DDR5 5600MHz 262-pin 1.1V CL40,254.97,254.97,USD,True,var_798852f0de3247ff9ccc32245cb48936,https://cdn.shopify.com/s/files/1/0725/7020/8392/files/f080536b-3e04-4875-9ee5-dec53dc1e1aa.jpg,DDR5
prd_62cb848fc03f487ebdd6ddb60011c675,Tech For Less,Samsung M435R2GA3PB1-CCPRC 16GB DDR5 1RX8 PC5-6400B 1.1V 262-pin,254.97,254.97,USD,True,var_c251c3f065a144d4a913df6e3ec80fc5,https://cdn.shopify.com/s/files/1/0725/7020/8392/files/4b573995-73ed-4f6e-835a-a4390c048aa8.jpg,DDR5
prd_70ed71e1bdb94ea092eabd396559d73b,Tech For Less,16gb Ddr5 1rx8 Pc5-7200 Xmp 262-pin Csodimm Memory Module,552.49,552.49,USD,True,var_f3faff90774a4220aec7ddfdad779be7,https://cdn.shopify.com/s/files/1/0725/7020/8392/files/1132eaa5-a437-456b-93bd-6def1f9eeb7b.jpg,DDR5
prd_33f4f39820114ade8c54e3cdc3ee0527,Tech For Less,Samsung M323R4GA3PB0-CWMOL 32 GB Desktop Memory Module,679.97,679.97,USD,True,var_167ec5a906dd4b1cbc8cd9dac23f2d79,https://cdn.shopify.com/s/files/1/0725/7020/8392/files/27326b72-b93c-48ac-a08a-6afc651663be.jpg,DDR5
prd_e8d4d408f0434f97985e06ee0f4c80d7,Tech For Less,Samsung M321RYGA0PB0-CWMKJ 96 GB Memory Module,3910.97,3910.97,USD,True,var_4f0833dc7d754459bedf9e2c4a0e1871,https://cdn.shopify.com/s/files/1/0725/7020/8392/files/0570e1d4-e8ba-4251-9197-1f16597c5e95.jpg,DDR5
prd_1d580f4f0e8a4203967fbc7352c81e1a,Tech For Less,Hynix HMCG66AGBUA084N 8 GB Memory Module,137.97,137.97,USD,True,var_265c87d1205548158ff57990fe0d7704,https://cdn.shopify.com/s/files/1/0725/7020/8392/files/21784c31-5598-42b7-ad84-96923cec24f2.jpg,DDR5
prd_a09e6bceca684821986196b03ab5af38,Tech For Less,Samsung M425R2GA3BB0-CQK0L 16GB Memory Module,220.97,220.97,USD,True,var_1a0254c6773348bba1a281463ff87605,https://cdn.shopify.com/s/files/1/0725/7020/8392/files/cf11650f-8a80-4e0e-962a-7fe70c45a7eb.jpg,DDR5
prd_0b0256b45faf4adba204369336742637,Tech For Less,Samsung M321RAJA0MB0-CWMNY 128 GB Memory Module,5015.49,5015.49,USD,True,var_3a5766c3848a4f768223d4da3c11c769,https://cdn.shopify.com/s/files/1/0725/7020/8392/files/26a64da0-fe81-49bf-b3a0-5019711c453a.jpg,DDR5
prd_e033fe88f45a42efb2fd5307753e3118,Tech For Less,Hynix HMCG78AGBUA081N 16 GB Memory Module,254.97,254.97,USD,True,var_00f28e158b0a41faa1015cc7d30598b8,https://cdn.shopify.com/s/files/1/0725/7020/8392/files/24cddcaf-0d9f-4827-bd76-65d792982f0b.jpg,DDR5
prd_6eefca2615f54dd1b0fee8cf02b7effe,Tech For Less,16gb 1rx8 Ddr5 6400mhz 262-pin So-dimm Memory Module,594.97,594.97,USD,True,var_0ef09dea30304360b184ea7e8f071f71,https://cdn.shopify.com/s/files/1/0725/7020/8392/files/ccef7213-2bd9-4c32-bec6-d9831d0b73fa.jpg,DDR5
prd_e8ea7639507049fb8452754a07ddd58b,Tech For Less,8gb 1rx16 Ddr5 6400mhz 1.1v 262-pin Cl52 So-dimm Memory Module,161.49,161.49,USD,True,var_029b36797afd40f484d0d3831c801a0a,https://cdn.shopify.com/s/files/1/0725/7020/8392/files/814b3d13-a91b-4048-bb01-c36181b14fc9.jpg,DDR5
prd_fbf7dc5fe9c64d0cb793d2c738872f51,Tech For Less,HP P65253-001 Memory Module,929.49,929.49,USD,True,var_03b3cc22fcdf4e8e8311b6d4683c246f,https://cdn.shopify.com/s/files/1/0725/7020/8392/files/8b75c4bf-fd42-413c-a4c8-60ac03515e05.jpg,DDR5
prd_cca146ed70be49f2abc36d72c8075957,Tech For Less,Hynix HMCG88AGBUA084N 32GB Memory Module,1444.49,1444.49,USD,True,var_8a8dc0638f0049bdafa6b6b530077c66,https://cdn.shopify.com/s/files/1/0725/7020/8392/files/d96a6984-e75c-4763-9198-2c0c5f692881.jpg,DDR5
prd_453fb4c2a649431cb4605a448914eb20,Tech For Less,1tb Pc Sn8000s M.2 2280 Nvme Sed Gen4 X4 Ssd,347.97,347.97,USD,True,var_7d427e4710e141668d32b098bb38f1c7,https://cdn.shopify.com/s/files/1/0725/7020/8392/files/c653d67f-c472-467a-a9e8-5a8c1b1574a8.jpg,SSD
prd_137522126d2145fa8dc95baa9bbffa30,Tech For Less,Samsung 970 PRO MZ-V7P1T0BW Solid State Drive,251.97,251.97,USD,True,var_6945ef762e164ae49e680858d2a86df2,https://cdn.shopify.com/s/files/1/0725/7020/8392/files/ee334473-3466-413d-b568-1d1820a812bc.jpg,SSD
prd_6ceecf1988b441dcbefcbb6a1650cdb1,Tech For Less,1tb Pc Sn5100s M.2 2230 Nvme Gen4 X4 Ssd,182.97,182.97,USD,True,var_a198353950f2488b900a096250316985,https://cdn.shopify.com/s/files/1/0725/7020/8392/files/af043d42-a59c-4287-9683-4ca82044882b.jpg,SSD
prd_36c1b3f6f13c4d5d9d869888518a90e0,Tech For Less,Dell 31DGJ 256GB BG7 M.2 2230 NVMe Gen4 x4 Solid State Drive,67.97,67.97,USD,True,var_196257c763c94a7d833b50221d9c5333,https://cdn.shopify.com/s/files/1/0725/7020/8392/files/18d8f631-6b49-47fd-9daf-ee8150528cb0.jpg,SSD
prd_0cccbda4036749fdad3370f65de89b3d,Tech For Less,1tb Samsung Bm9c1a Nvme M.2 2230 Ssd,182.97,182.97,USD,True,var_938d142cbcd04642ab4070c818dbfdc3,https://cdn.shopify.com/s/files/1/0725/7020/8392/files/2a37bb5f-3945-4470-987c-166b850e570b.jpg,SSD
prd_634a6f49a0f4456c9ebc3344fa0799ed,Tech For Less,2tb Pc Sn5000s M.2 2230 Nvme Gen4 X4 Ssd,417.97,417.97,USD,True,var_999256cccf6a4acea336142ebabfec90,https://cdn.shopify.com/s/files/1/0725/7020/8392/files/7e6be361-ddae-48fb-97fa-451d439bba64.jpg,SSD
prd_b822131603a74971836138b6b3de6610,Tech For Less,Dell 1TB ( MZ9L81T0HDLB-00BD1) M.2 NVMe 2230 Internal SSD PCIe Gen 4x4,208.97,208.97,USD,True,var_08d142e9c1314c28a0baaf7389f8a34b,https://cdn.shopify.com/s/files/1/0725/7020/8392/files/f7d6669c-7e9d-41a0-b1ad-7799f7f9a2be.jpg,SSD
prd_ba8974b33a3e40d0ab39cbce005b30cf,Tech For Less,Dell 056JH PC SN5000S Series 2 TB Solid State Drive,313.49,313.49,USD,True,var_5c8268baf08c4dfb9a3885a04f27dcf3,https://cdn.shopify.com/s/files/1/0725/7020/8392/files/303966d8-33d4-4287-8d95-6f59de3b31f1.jpg,SSD
prd_acd5997a5eee4b56a5781167d1e7df03,Tech For Less,Dell KX2VX (Hynix HFS256GEM3X174N) 256 GB Solid State Drive,58.97,58.97,USD,True,var_e4991b3363ab4f91bb62d93620b8ab8b,https://cdn.shopify.com/s/files/1/0725/7020/8392/files/307e494f-ac15-40b5-8781-acb5b4c5fc16.jpg,SSD
prd_ce6c3eca8bba439d9568a60531930d8d,Tech For Less,Dell FHDY2 (Micron MTFDKBK1T0QGN-1BN1A) 1 TB Solid State Drive,152.97,152.97,USD,True,var_85d7c5a21a5c4810bb225490b70d5ed6,https://cdn.shopify.com/s/files/1/0725/7020/8392/files/59bad3bb-45b1-4884-b748-0456ef44e4dc.jpg,SSD
prd_5140d1bb3a66488881a7dc114ceaa6c7,Tech For Less,Dell WGDX1 (Samsung MZ-VL72T0A) 2TB PM9F1-Series TLC V-Nand NVMe M.2,520.97,520.97,USD,True,var_47b5adca88744d388b0ed818f1f80c83,https://cdn.shopify.com/s/files/1/0725/7020/8392/files/58cc2d9c-e162-4ab1-a825-d17c842066ee.jpg,SSD
prd_23d4a08bcd7f48e195c60b453d22b130,Tech For Less,Dell 24YVF (Samsung MZVL71T0HDLU-00BD7) 1TB PM9F1 M.2 2280 NVMe PCI-e,361.49,361.49,USD,True,var_68e53354765a48bf99131bc104511310,https://cdn.shopify.com/s/files/1/0725/7020/8392/files/0a2fadca-2d7e-40cc-9d80-3d7e93c84327_ca5e1ab4-b02e-49ff-b6c6-26d8d61d27e1.jpg,SSD
prd_a225972be62e4e2e94aa94237c9049a8,Tech For Less,Dell 1YN12 (Samsung MZ9L8512HFLU-00BD1) 512GB PM9C1B-Series NVMe M.2,152.97,152.97,USD,True,var_5f111b34b5c543b99a96880afae29633,https://cdn.shopify.com/s/files/1/0725/7020/8392/files/00191a28-3d90-45b7-a401-1866d9302fe3.jpg,SSD
prd_9581903c171b496a916764f61ed3dbd7,Schupan Tech,SAMSUNG 1024GB NVMe Drive | Tested & Wiped,119.99,119.99,USD,True,var_9c8865398ce149c8906c679f4f88a4cd,https://cdn.shopify.com/s/files/1/0752/0364/1561/files/data_00eb5f41-7208-473b-9cea-4d0a314302f5.jpg,SSD
prd_f1cc90ab517844ffb80f08dfbf15f688,Tech For Less,Dell F5XMV Micron 2500 512GB PCI-e NVMe M.2 2230 Solid State Drive,263.97,263.97,USD,True,var_f15f5097fe514795be26005e2cdc860e,https://cdn.shopify.com/s/files/1/0725/7020/8392/files/51feb2a5-733f-4006-98db-dd0be29c69e0_c2639b08-afad-479e-b6d7-bbc0c2ce9d6c.jpg,SSD
prd_a478e5b52c1046ada489533c09b4b3fc,Tech For Less,Dell YFGP3 (Lite-On / Ssstc CA6-8D2048-Q11) Solid State Drive,279.49,279.49,USD,True,var_64df1993b2674f25badba8d93cecfee6,https://cdn.shopify.com/s/files/1/0725/7020/8392/files/8591b2cc-082c-4dea-976a-46021560e349.jpg,SSD
prd_de9f6a47dc8b4dd48920cc9135ea8268,Tech For Less,Dell N7V05 (Samsung MZ-9L4256A) 256GB M.2 PCI-E 2230 NVMe SSD PM9B1,62.97,62.97,USD,True,var_fdc665a50b0f498f9d2ba1954aedec56,https://cdn.shopify.com/s/files/1/0725/7020/8392/files/36f23680-5ca1-49dd-b690-896fd6da52b0.jpg,SSD
prd_f9db2b58f9c74f3196dc10c74365383c,Tech For Less,Dell DMC15 (Intel SSDSCKKB240G8R) 240GB Internal Solid State Drive,110.97,110.97,USD,True,var_c2a8d85aa24c4d8885e736aa3aeefec6,https://cdn.shopify.com/s/files/1/0725/7020/8392/files/3b9531bb-f2ba-4c46-bd73-13a60c2648e6.jpg,SSD
prd_ec65e70a0b774a1cbac5eb8bb3b80854,Tech For Less,Dell RM0C0 (Samsung MZVL2512HCJQ-00BD1) Internal Solid State Drive,106.97,106.97,USD,True,var_9084fe5162ff42dc8af4a6b7e0464910,https://cdn.shopify.com/s/files/1/0725/7020/8392/files/33ce5353-1bcf-4894-b4db-317ec874e3ae.jpg,SSD
prd_8f35dbe50ec14046a57807733106d481,Tech For Less,Dell 4H05X (Hynix HFS960GEJ8X167N-BE) 960GB Solid State Drive,849.97,849.97,USD,True,var_3c0e054644e84692b315942612e66a6d,https://cdn.shopify.com/s/files/1/0725/7020/8392/files/12a2da92-bfe0-4337-8f2a-67798f11d892.jpg,SSD
prd_067435d534404adab89bda23284869f5,Tech For Less,Dell MDPV9 (Samsung MZVL7512HDJD-00BD1) PM9F1 512 GB Solid State Drive,113.49,113.49,USD,True,var_6158803645f140ac8d51bf385d71e007,https://cdn.shopify.com/s/files/1/0725/7020/8392/files/a3e3b8c0-f533-4c5d-818b-0108da09cea3.jpg,SSD
prd_8bea98e5655f42c1abfa116efcba1d25,Tech For Less,Dell 491RD (Sk Hynix HFS512GEJ9X101N) Solid State Drive,103.97,103.97,USD,True,var_307ce32c4e964ccab5a9ead47939e6be,https://cdn.shopify.com/s/files/1/0725/7020/8392/files/d8df58d7-fe51-4772-a9eb-c5b05c19973e.jpg,SSD
prd_536e6d52eefc4004b57ed944f1568372,Tech For Less,Dell P44 (Hynix HFS001TEM3X174N) Series FJ91P 1 TB  Solid State Drive,156.97,156.97,USD,True,var_4e19217046d34a7c86f30590769caa33,https://cdn.shopify.com/s/files/1/0725/7020/8392/files/0d124a6d-f1f2-4486-8fab-43ce4e988e05.jpg,SSD
prd_cee30fc56f474941b08daed1fa156326,Tech For Less,Dell PCF57 4 TB M.2 2280 Nvme Pcie Solid State Drive,782.97,782.97,USD,True,var_7cb2e0b4edd64d08a0c0204bbbabe392,https://cdn.shopify.com/s/files/1/0725/7020/8392/files/1e450ea8-22cc-4f62-92a1-603ecf07e1cf.jpg,NVMe
prd_8a309ab072c945db824601424fdd614f,Tech For Less,Dell N7V05 (Samsung MZ-9L4256A) 256GB M.2 PCI-E 2230 NVMe SSD PM9B1,62.97,62.97,USD,True,var_f783c80533184b89b99793155920e4a6,https://cdn.shopify.com/s/files/1/0725/7020/8392/files/36f23680-5ca1-49dd-b690-896fd6da52b0.jpg,NVMe
prd_a3896aff94d042bb9f5c82a357ee7424,Tech For Less,Dell WGDX1 (Samsung MZ-VL72T0A) 2TB PM9F1-Series TLC V-Nand NVMe M.2,520.97,520.97,USD,True,var_97c02f3f13ad4e77a962006c41761839,https://cdn.shopify.com/s/files/1/0725/7020/8392/files/58cc2d9c-e162-4ab1-a825-d17c842066ee.jpg,NVMe
prd_233a74b3c867432c965503c93eb06ff8,Tech For Less,Dell JNPWN (Micron MTFDKBA512TFH-1BC1AABDA) 512GB M.2 NVMe SSD PCI-e,152.97,152.97,USD,True,var_44841062795442698c0e5829b5b7b9b9,https://cdn.shopify.com/s/files/1/0725/7020/8392/files/943734b6-0423-4e8c-ad4d-99e8b9dd5751.jpg,NVMe
prd_705302bbd7aa4dff94cfbf6197230b8c,Tech For Less,Dell DXHP8 2TB PC811 Series NVMe M.2 2280 PCI-E 4.0 x 4 Internal Solid,338.49,338.49,USD,True,var_19ec959758fc4677b41465b4a47092c1,https://cdn.shopify.com/s/files/1/0725/7020/8392/files/a3a3ae4f-2b8e-4061-8fcd-6834d7d0dfae.jpg,NVMe
prd_0bad4bb012044845aca9a1c0d40029b7,Tech For Less,1TB M.2 Pcie Nvme Gen 4x4 2280 Solid State Drive,182.97,182.97,USD,True,var_6314cddfd88b4d65b183d46d17b31c12,https://cdn.shopify.com/s/files/1/0725/7020/8392/files/32d37671-cf6e-45d8-af0e-f5997d368dae.jpg,NVMe
prd_553afad8c26e4a79a0a40450eeaaf6ef,Tech For Less,1tb Samsung Bm9c1a Nvme M.2 2230 Ssd,182.97,182.97,USD,True,var_516758ed2d034d7d884ecf5f819a546e,https://cdn.shopify.com/s/files/1/0725/7020/8392/files/2a37bb5f-3945-4470-987c-166b850e570b.jpg,NVMe
prd_565901f1d8164c40879494c4f7e0e8d1,Tech For Less,Dell 1TB ( MZ9L81T0HDLB-00BD1) M.2 NVMe 2230 Internal SSD PCIe Gen 4x4,208.97,208.97,USD,True,var_6d7bed92c8bf47b5868bb777d2a3e5cd,https://cdn.shopify.com/s/files/1/0725/7020/8392/files/f7d6669c-7e9d-41a0-b1ad-7799f7f9a2be.jpg,NVMe
prd_a344b958f6654a209ea6418b1eb3c1a8,Tech For Less,Samsung 970 PRO MZ-V7P1T0BW Solid State Drive,251.97,251.97,USD,True,var_bdd03ccc3bd641d6a77a937740ef4f34,https://cdn.shopify.com/s/files/1/0725/7020/8392/files/ee334473-3466-413d-b568-1d1820a812bc.jpg,NVMe
prd_af6b46877d5d44da854f40e940374e1d,Tech For Less,Dell 24YVF (Samsung MZVL71T0HDLU-00BD7) 1TB PM9F1 M.2 2280 NVMe PCI-e,361.49,361.49,USD,True,var_09ec3a9c176c46bc93f1a1c3acae69a8,https://cdn.shopify.com/s/files/1/0725/7020/8392/files/0a2fadca-2d7e-40cc-9d80-3d7e93c84327_ca5e1ab4-b02e-49ff-b6c6-26d8d61d27e1.jpg,NVMe
prd_ad8fed9c03b04029a473b6fb38bb7bea,Tech For Less,2tb Pcb01-series Tlc Nvme M.2 2280 Pci-e 5.0 X4 Sed Opal 2 Solid State,574.49,574.49,USD,True,var_e28ad9d0894a446e966ea815955da4f2,https://cdn.shopify.com/s/files/1/0725/7020/8392/files/e8ba8710-8800-4f64-b1ce-75bcc21ca9df.jpg,NVMe
prd_a6fa3016a1584ac1bc95ef6daf3a65b9,Schupan Tech,SAMSUNG 1024GB NVMe Drive | Tested & Wiped,119.99,119.99,USD,True,var_55c16f6e17304a44a35f718b963eccba,https://cdn.shopify.com/s/files/1/0752/0364/1561/files/data_00eb5f41-7208-473b-9cea-4d0a314302f5.jpg,NVMe
prd_3b5dd7efe6fc4cee940f4bee102e5ed1,Tech For Less,Dell PM9F1 (Samsung MZVL71T0HDLU-00BD1) 4JY3N 1 TB Solid State Drive,180.97,180.97,USD,True,var_f39eb07124c245669fea2c138342e980,https://cdn.shopify.com/s/files/1/0725/7020/8392/files/e738c512-b2b7-42bc-870e-324b47b76b60.jpg,NVMe
prd_af690499cda244528a3f7b1c6e5ad797,Tech For Less,Dell 8F62M (Kioxia KBG60ZNS1T02) 1TB M.2 2230 NVMe SSD PCI-e Gen 4x4,184.97,184.97,USD,True,var_bfebedd944584049a411ae877b5b77ed,https://cdn.shopify.com/s/files/1/0725/7020/8392/files/79d6ab33-f34b-4561-a1cb-f708a35c0254.jpg,NVMe
prd_b47013486efd49438b1ea366acad32f3,Tech For Less,2tb Pc Sn5000s M.2 2230 Nvme Gen4 X4 Ssd,417.97,417.97,USD,True,var_378a12babefd49328c5cf9070852b8a9,https://cdn.shopify.com/s/files/1/0725/7020/8392/files/7e6be361-ddae-48fb-97fa-451d439bba64.jpg,NVMe
prd_08f314c7193747c0ac7b5b532fee95a6,Tech For Less,Dell 31DGJ 256GB BG7 M.2 2230 NVMe Gen4 x4 Solid State Drive,67.97,67.97,USD,True,var_9b444b36b2fa45e88eefe4dec3fc7e29,https://cdn.shopify.com/s/files/1/0725/7020/8392/files/18d8f631-6b49-47fd-9daf-ee8150528cb0.jpg,NVMe
prd_5e3c44f6dda34a5bad948858404d1fed,Tech For Less,Dell F5XMV Micron 2500 512GB PCI-e NVMe M.2 2230 Solid State Drive,263.97,263.97,USD,True,var_1a5b892db66b4e1f9f112e1f586a5bed,https://cdn.shopify.com/s/files/1/0725/7020/8392/files/51feb2a5-733f-4006-98db-dd0be29c69e0_c2639b08-afad-479e-b6d7-bbc0c2ce9d6c.jpg,NVMe
prd_0e21b1757a744392b1ae5913847a5247,Tech For Less,Dell 1YN12 (Samsung MZ9L8512HFLU-00BD1) 512GB PM9C1B-Series NVMe M.2,152.97,152.97,USD,True,var_6f7f365112aa4bb88b1460ba567cfa24,https://cdn.shopify.com/s/files/1/0725/7020/8392/files/00191a28-3d90-45b7-a401-1866d9302fe3.jpg,NVMe
prd_57ad533056cd44f283f25cc84642feb8,Tech For Less,Dell K72Y5 (Hynix HFS256GEJ3X108N) 256gb NVMe 2230 SSD,119.97,119.97,USD,True,var_a0e0ccc9f52b4fa892787450e6504d80,https://cdn.shopify.com/s/files/1/0725/7020/8392/files/662643db-c867-4dbf-9736-ddc09dd73eca_4ea2a84b-9bb1-42ee-b75f-6f21b0026cda.jpg,NVMe
prd_3da82e7da4bf4582920e2d7ca8260277,Tech For Less,Dell D2GDK 2TB PM9A1 Series M.2 PCIe Gen4 NVMe Internal Solid State,504.97,504.97,USD,True,var_dcc6f650ae354f3e8647fd99b0eb3e0b,https://cdn.shopify.com/s/files/1/0725/7020/8392/files/dd427608-88b4-4802-b68e-6ddd28de3ce8_ec0b2085-14c4-4441-a2bb-cc87c498b6aa.jpg,NVMe
prd_5a3a7f3986cf4cefbc082e33b7a6470b,Tech For Less,Dell V9H6C (Western Digital HUS722T2TALA600) Hard Drive,237.97,237.97,USD,True,var_88aef0705a8a4dd6b9c447b19fca8f03,https://cdn.shopify.com/s/files/1/0725/7020/8392/files/1a8e5d91-fbee-492a-b267-0e41e5dce438.jpg,hard drive
prd_20ef8b6f9d6548299cfb3eb3b29816ec,Tech For Less,Dell F4JXT 8 TB SATA 3.5-Inch Hard Disk Drive,453.49,453.49,USD,True,var_b089b8513cce43c3ad4e8c11ef58372d,https://cdn.shopify.com/s/files/1/0725/7020/8392/files/59bc0834-ee64-41b2-9adb-5e367b8a9bfd.jpg,hard drive
prd_6c61f06d221e489f8fb6161325cb2c21,Tech For Less,Dell 0Y4CD (Seagate ST2000NM012B) Internal Hard Disk Drive,209.97,209.97,USD,True,var_7682c2c54aff488ebe48403ada0be6c9,https://cdn.shopify.com/s/files/1/0725/7020/8392/files/935cc223-033b-4d7e-ab7e-a5e3a42c6ef0.jpg,hard drive
prd_4536d27c980a4bef80b03aaa3d1420bf,Tech For Less,Dell XD44Y MG10-D Series 2 TB Hard Drive,237.97,237.97,USD,True,var_eef8bc1d3fcb4bb995f368485374fe6a,https://cdn.shopify.com/s/files/1/0725/7020/8392/files/0ca0f8c7-1751-4764-a193-0dbcc7e193cd.jpg,hard drive
prd_367ff6ebddfb4c519687c2f8d73de165,Tech For Less,Seagate Exos 7E10 Enterprise ST4000NM025B 4 TB Hard Disk Drive,197.49,197.49,USD,True,var_1564091d75fc4094b31e4d223d61d173,https://cdn.shopify.com/s/files/1/0725/7020/8392/files/caed607a-1176-472d-aab6-eacb09ddab69.jpg,hard drive
prd_b1b6801b36d14c72ad306b10e94594f6,Tech For Less,Dell F617N Hard Drive,170.49,170.49,USD,True,var_e572252a352c486e8acb5dbae7600f2b,https://cdn.shopify.com/s/files/1/0725/7020/8392/files/5be4666c-5831-42b8-93b1-0bf6a5b80108.jpg,hard drive
prd_e63f6c54399943bf9197675144069265,Tech For Less,Dell 57W6K 160 GB Internal SATA Hard Disk Drive,66.97,66.97,USD,True,var_b458ebd4ac664fd086b7a3e095e0f1fe,https://cdn.shopify.com/s/files/1/0725/7020/8392/files/1da385ca-8bcb-4170-85e7-7445faa332af.jpg,hard drive
prd_546281e6b1ee424e8ec72aca49b2b863,Tech For Less,Dell THGNN Hot-Plug 4 TB Hard Disk Drive For PowerEdge R-Series,395.49,395.49,USD,True,var_b4d0cc2357ea468db12407752f3f7ef2,https://cdn.shopify.com/s/files/1/0725/7020/8392/files/28ce0a89-5c84-43ec-a544-a11518136685.jpg,hard drive
prd_bf74be9bd2ae4115b08a9d56329be49a,Tech For Less,Dell NN508 250GB Hard Disk Drive,17.97,17.97,USD,True,var_9d7631eec05545f6a6cc07c22edbaf06,https://cdn.shopify.com/s/files/1/0725/7020/8392/files/4d1277f6-a0ef-47a4-9d88-9dc983aae311.jpg,hard drive
prd_e271bebebbbd4a03986ae8ed58186cd9,Tech For Less,Dell W328K (Toshiba CA07069-B20400DE) 146GB Hard Drive,15.97,15.97,USD,True,var_2b76f0019ed54b9cb0868956b673f129,https://cdn.shopify.com/s/files/1/0725/7020/8392/files/f3193055-a82f-434c-8fba-72ca061ff031_c60d9abb-f9b2-4437-a4c9-711d57f043dd.jpg,hard drive
prd_8c0b46606e2b4cc59065c9c2e3a1f01d,Tech For Less,Dell 1GDV1 ( WD1600BEVT) 160GB Internal Hard Disk Drive,15.49,15.49,USD,True,var_1772c6f53e7d4002bf49623fa17b68a8,https://cdn.shopify.com/s/files/1/0725/7020/8392/files/26dc09e3-1c52-4f55-b5b2-9be69bc2ff0c.jpg,hard drive
prd_9203ea2826e44d09bfbdc7a32ef45d14,Tech For Less,Dell T6TWN (Hitachi 0B28470) 1.2 TB Hard Drive,79.97,79.97,USD,True,var_c5d810a0d9fe4649bd938dec4d029458,https://cdn.shopify.com/s/files/1/0725/7020/8392/files/1fb2b2a0-3db6-471a-971e-ab8572d1c630.jpg,hard drive
prd_6f27429580bb43d2b2e935be1ba40a36,Tech For Less,Dell 1WPC8 250 GB 2.5 Inches Hard Drive,13.97,13.97,USD,True,var_48ca6af956304b60a7912ec6e23445ed,https://cdn.shopify.com/s/files/1/0725/7020/8392/files/89c4cf90-0985-4844-8dff-976edd6e0c40.jpg,hard drive
prd_e024892a6ebf449b911b9de7405f06fb,Tech For Less,Dell PGHJG Hard Disk Drive,87.97,87.97,USD,True,var_0c29074bc4f4470995822a46f3a0c6f5,https://cdn.shopify.com/s/files/1/0725/7020/8392/files/ba914779-b0bf-46d1-8373-d5b373d965b9.jpg,hard drive
prd_53ef5477069c457688ba940e25990f59,Tech For Less,Dell 61XPF (Seagate 9SV066-150) Hard Drive With Tray,15.97,15.97,USD,True,var_09d6c4f6d10646758e79e05b7379febf,https://cdn.shopify.com/s/files/1/0725/7020/8392/files/9370c7af-1557-4958-9330-30540d8290c1.jpg,hard drive
prd_fecbc33e09d148498a3454ea7d26becf,Tech For Less,Dell RMCP3 Hard Drive,78.97,78.97,USD,True,var_2b0f994a22664452af63757d5ee6aabe,https://cdn.shopify.com/s/files/1/0725/7020/8392/files/598d307d-6858-4604-849c-8de084596c03.jpg,hard drive
prd_cfd16428ec5f4d9183342a0907dbc8bd,Tech For Less,Dell 6DFD8 2.5 Inches SAS Hard Drive with Tray,14.49,14.49,USD,True,var_3bee7173132a4721918fe5a90b533f78,https://cdn.shopify.com/s/files/1/0725/7020/8392/files/d6c1bc60-551c-429c-af9d-edcf8372e52c.jpg,hard drive
prd_f80b40c8bf2e44a9aef05e2e7fede28b,Tech For Less,Dell CA06820-B40700C1 Internal 120GB Hard Disk Drive,21.97,21.97,USD,True,var_ba7ae5b68a5247aeb44cc6bb24254c72,https://cdn.shopify.com/s/files/1/0725/7020/8392/files/2ec70024-7dd1-4320-b7bc-79e37e4f755a.jpg,hard drive
prd_b7a4fe541eb44f6dbb0e5b2158c707f5,Tech For Less,Dell 3K30N 1.2TB Hard Drive,69.97,69.97,USD,True,var_5a7fcfaef9e5405a87f634c3cf8b2e36,https://cdn.shopify.com/s/files/1/0725/7020/8392/files/5bc13468-b4eb-45c0-8f40-19ba00b88b53.jpg,hard drive
prd_c17ae4efb83c4c9482a6132c81699421,Tech For Less,Dell M8033 146GB Internal Hard Disk Drive,11.97,11.97,USD,True,var_b4eea48cf5ab4e158dee7789dc8520b8,https://cdn.shopify.com/s/files/1/0725/7020/8392/files/967f1dc6-ce01-4d82-b5b5-600f049258a7.jpg,hard drive
prd_13d3d6b150cf41ff92f368256a605942,Tech For Less,Dell K645G (Western Digital WD2500BJKT-75F4T0) 2.5 Inches Hard Drive,25.49,25.49,USD,True,var_ad2ad032581444eca0a4d3e88b31fdaa,https://cdn.shopify.com/s/files/1/0725/7020/8392/files/8100e7da-b0bc-44a3-9be5-bf4c41c64f31.jpg,hard drive
prd_52e8c15e9b3b496293fc272c1d38a7ef,Tech For Less,Dell H8DVC Savvio 300 GB Hard Disk Drive With Tray,94.49,94.49,USD,True,var_bc35b4f047bf40fe8edb8f2cf4a359fb,https://cdn.shopify.com/s/files/1/0725/7020/8392/files/8c80b577-e233-492d-864e-a4f5443e2698.jpg,hard drive
prd_f71f855f9bbc4d4384b6f18ef3d57854,Tech For Less,Toshiba HDTP340XK3CA 4 TB Canvio Ready Portable External Hard Drive,161.49,161.49,USD,True,var_e8fa1d75039e4496a638d2174e5f502d,https://cdn.shopify.com/s/files/1/0725/7020/8392/files/36bc873f-eb10-43e6-a794-2bcfbc948fa0.jpg,hard drive
prd_089b1d6d0cfc4efe8eebf0210f4dbdca,Tech For Less,Dell NW9N4 Hard Drive,13.97,13.97,USD,True,var_8af85b7964604f7ab8243b2d96b45f94,https://cdn.shopify.com/s/files/1/0725/7020/8392/files/68dfef0c-c6f5-484c-abe9-45a6fb61fb85.jpg,hard drive
prd_71adac2837d54aa79e5c8f90f9c1a1df,Tech For Less,Dell 400-AJPC 1.20 TB Internal Hard Disk Drive,95.49,95.49,USD,True,var_5e586600e85e4037baa5a16086548e22,https://cdn.shopify.com/s/files/1/0725/7020/8392/files/9f4faa8a-ca9a-4da4-8d24-e58edc58b620.jpg,hard drive
prd_c9271cd7c8d442ee9d75faf044f96e30,Tech For Less,Dell NN337 (Fujitsu CA06855-B80600DL) 120 GB Internal Hard Disk Drive,21.49,21.49,USD,True,var_ea00eb1535d14e01aa79e2d8612cd5f0,https://cdn.shopify.com/s/files/1/0725/7020/8392/files/3cddad23-a702-403a-8de8-f5675ee4592b.jpg,hard drive
prd_46bf81f2b61f4399982730066d4821bf,Tech For Less,Dell C385R (Seagate 9PSG42-032) 250 GB Internal Hard Disk Drive,29.97,29.97,USD,True,var_5494a137263748478033db183856ea82,https://cdn.shopify.com/s/files/1/0725/7020/8392/files/f9a91702-ad5e-4548-827c-c0d0c5b01d46.jpg,hard drive
prd_b054669246e248fe9ae54a2745924783,Tech For Less,Dell 341-3364 73 GB Internal Hard Disk Drive,12.97,12.97,USD,True,var_e6239343a241492ab9ab68d5ce35b124,https://cdn.shopify.com/s/files/1/0725/7020/8392/files/693222ef-04d6-4ba9-bc69-60f7b130323e.jpg,hard drive
prd_7ef516eacdb94c59b03f41b136a597d3,Tech For Less,Dell RK533 Hard Drive,20.49,20.49,USD,True,var_5c2613c7f8f7490ba864f2ca733df8ea,https://cdn.shopify.com/s/files/1/0725/7020/8392/files/0acad2df-7bac-46f8-9db5-94836642aebf.jpg,hard drive
prd_da3c32ac2cd64f91bb16ebe7f7fd2fb3,Tech For Less,Dell 89D42 EMC AL14SEB120N 1.20TB Internal Hard Disk Drive,32.97,32.97,USD,True,var_9ac22dae3b1b4784a065caee746185c3,https://cdn.shopify.com/s/files/1/0725/7020/8392/files/95d28d9e-b17a-48b2-9dd8-17eb5bb3dd90.jpg,hard drive
prd_117d3b3d02584f4e8fc5cde19f732aad,GMKtec,Power Supply Units for Mini PCs and Monitors,39,39,USD,True,var_20a0e814b8994934a53eee071348ce98,https://cdn.shopify.com/s/files/1/0715/1314/5498/files/adapter.png,power supply
prd_7100a044535d431c971f79673c452f3e,Switch Electronics | Your One Stop Component Shop,1A 12VDC Switching Plugtop Power Supply 3-Pin UK 12W,5.4,5.4,USD,True,var_e57a2ebd5c124b139a40f12554d48c8b,https://cdn.shopify.com/s/files/1/0695/1347/8453/files/b8f07ddd-d7e0-493b-99c3-9ca6137ad836.jpg,power supply
prd_f223ef06e01343e2b452159bbaab2458,Switch Electronics | Your One Stop Component Shop,LPV-60-24 60W 24V LED Driver Power Supply IP67 Mean Well,19.31,19.31,USD,True,var_58bb71dd770d461d94615e5485478c4a,https://cdn.shopify.com/s/files/1/0695/1347/8453/files/9a9c6647-b872-4bec-8141-0795302ae667_055641ac-84f7-4d12-b889-ac8f6bc0ba41.jpg,power supply
prd_d35eb2f85b374d74baabfc51acd7ca96,Tech For Less,Dell 6MVJH 250W Power Supply,23.49,23.49,USD,True,var_e0e5fe6237e04e83a828a33fc45cbd93,https://cdn.shopify.com/s/files/1/0725/7020/8392/files/688d0b91-42c6-4b80-b8ff-a0982e38d75e.jpg,power supply
prd_33d8069a7a1b4be9a778cb2332a688ef,Switch Electronics | Your One Stop Component Shop,4A 12VDC Desktop Power Supply 48W,15.16,15.16,USD,True,var_b8ee1d7a2dda489288f0ab4f23e3c86d,https://cdn.shopify.com/s/files/1/0695/1347/8453/files/385f88b9-62be-4a67-96a6-10944e43f566.jpg,power supply
prd_049470e6c9cc4696b115488a9462a399,Switch Electronics | Your One Stop Component Shop,5A 12VDC Desktop Power Supply C8 60W,13.96,13.96,USD,True,var_4fbd41b69b2e41d0bb1a72bc2a431c52,https://cdn.shopify.com/s/files/1/0695/1347/8453/files/b8e701ba-7eec-4d1c-b768-1fa187923551.jpg,power supply
prd_5263b7f5a2f44d3da23e5d8931fce7f3,Switch Electronics | Your One Stop Component Shop,10A 12VDC Desktop Power Supply C14 120W,36.6,36.6,USD,True,var_34e3fb0155484e51aea1a58563e05e87,https://cdn.shopify.com/s/files/1/0695/1347/8453/files/2eba6bef-62bd-4c0a-a876-5bbcd5e2d5fe.jpg,power supply
prd_2ea6cc02a47d423a8d04cbbc02cd8199,Tech For Less,Dell YT39Y 1100 Watts Power Supply Unit,95.49,95.49,USD,True,var_6362f9e904ea431ab23de63dae259b7c,https://cdn.shopify.com/s/files/1/0725/7020/8392/files/4da0410c-5d08-4369-9f49-e4c1946fc84c.jpg,power supply
prd_e5eebafb32a44e0db8cc649029a2bdec,Switch Electronics | Your One Stop Component Shop,LPV-35-24 35W 24V LED Driver Power Supply IP67 Mean Well,16.81,16.81,USD,True,var_8f0ea0c86fb342c79e9eb78c58776e7b,https://cdn.shopify.com/s/files/1/0695/1347/8453/files/d1ba9b80-9db5-449c-ab50-f107e855bbb5_311046e7-63e6-427a-9be2-e08dcf96d5e9.jpg,power supply
prd_2df49b20c6c049f7a76bd20f6af0790f,Switch Electronics | Your One Stop Component Shop,1.25A 24VDC Desktop Power Supply 30W,9.05,9.05,USD,True,var_bad10f270c034e2a933e5fc2efbc299d,https://cdn.shopify.com/s/files/1/0695/1347/8453/files/1d448d51-e3f7-4231-bcf9-3001fc07e2af.jpg,power supply
prd_f387222f9c0a4958bc23615fb1feb6d0,Tech For Less,350w 80-plus Platinum 100-240v 50/60hz Hot-swap Switching Power Supply,51.49,51.49,USD,True,var_a35b9fc3a0684b8897183630fbfd3545,https://cdn.shopify.com/s/files/1/0725/7020/8392/files/87aad300-420a-4736-adff-ed2e52400835.jpg,power supply
prd_70336ff00b814a86864de93dde34090e,Switch Electronics | Your One Stop Component Shop,3.3A 24VDC Constant Voltage LED Driver Power Supply 80W,17.01,17.01,USD,True,var_6078664760bf4aea93a6169bf60f4f9f,https://cdn.shopify.com/s/files/1/0695/1347/8453/files/6f3a3116-1359-49b4-9d7c-bdad78babd01.jpg,power supply
prd_835bbbe49cbc45d89d6f6da5efa09e51,Tech For Less,Dell F308V Power Supply,64.49,64.49,USD,True,var_64da7cd91bdf4dc594671677e97b0a17,https://cdn.shopify.com/s/files/1/0725/7020/8392/files/32312511-1560-423c-be6b-5f4579e3cf2b.jpg,power supply
prd_26d308cb590648d99a1cc407c5fd4922,Tech For Less,Dell 5WNDJ 240 Watts Power Supply Unit,25.49,25.49,USD,True,var_2f8ef50444c34a94a9fcaf727b45758a,https://cdn.shopify.com/s/files/1/0725/7020/8392/files/f027d11f-9a74-4827-97ff-4001feb9f2ba.jpg,power supply
prd_6805830bd1d24660bc2361584c476ff5,Digitmakers.ca,Mean Well  NES-350 12V Power Supply,36,36,USD,True,var_9275b3d97a604b188cbaeba5302ceb7f,https://cdn.shopify.com/s/files/1/1745/6181/files/41BaDhw0onL._AC.jpg,power supply
prd_ad73761cb8d84e6b8ed4eb571e5ac4fd,Switch Electronics | Your One Stop Component Shop,LPH-18-12 Mean Well 18W 12V LED Power Supply IP67,11.19,11.19,USD,True,var_076b158904d04af09dfc5db200c8d994,https://cdn.shopify.com/s/files/1/0695/1347/8453/files/9d0ea3a8-6ab8-4b45-9a49-2dbe92d4eb21.jpg,power supply
prd_f0938c627428427193ec906fb671556a,Switch Electronics | Your One Stop Component Shop,4.3A 15VDC International Plugtop Power Supply UK EU USA AU 2.1mm,19.21,19.21,USD,True,var_c72bf60e62b245e996416ed8bf534109,https://cdn.shopify.com/s/files/1/0695/1347/8453/files/536cf028-a20a-40f3-afb6-ee1bf4829387.jpg,power supply
prd_5bc78a0120434831958a0bde18156f24,Switch Electronics | Your One Stop Component Shop,12VDC 5A White Desktop Power Supply 60W UK Plug,13.61,13.61,USD,True,var_d139268885dc4f84a3c4baaf0bab07d7,https://cdn.shopify.com/s/files/1/0695/1347/8453/files/88324739-2411-4826-a96f-09bfc7a31fa0_4fead965-449f-429f-b080-bee59dee9a37.jpg,power supply
prd_a6e43c66e59c415ca41b81ccff1de65b,Switch Electronics | Your One Stop Component Shop,12V 12.5A Enclosed Switching Power Supply 150W,23.29,23.29,USD,True,var_30c8a261b7d0407990ffcc8571a0b9e2,https://cdn.shopify.com/s/files/1/0695/1347/8453/files/fc52eff4-33fb-4158-a17d-a6ae50d73c3c.jpg,power supply
prd_4d8968ca9ce649788b9a97fb248436ee,Switch Electronics | Your One Stop Component Shop,500mA 12VDC Switching Plugtop Power Supply 3-Pin UK 6W,4.7,4.7,USD,True,var_710e62d5aa494ae0909b59d9865cf7cc,https://cdn.shopify.com/s/files/1/0695/1347/8453/files/50fd2cfc-14f3-4b4a-b815-a71b0ad6df73.jpg,power supply
prd_c9867448a91a4dd0b2af7cca5c327fbb,SHENZHENAUDIO,TOPPING P50 Linear Power Supply,129,129,USD,True,var_53e3ca3326fc420690a3b75541813cc0,https://cdn.shopify.com/s/files/1/0013/3896/6076/products/e74344f237f8a8cdc9fd6848df90b0f5.jpg,power supply
prd_53fb15e33226421799fc67d4e386eb36,Tech For Less,Dell HGRMH 180 Watts Power Supply Unit,19.49,19.49,USD,True,var_131e88cfb00d4f91974c85ab3f32c34e,https://cdn.shopify.com/s/files/1/0725/7020/8392/files/f24002f0-591f-4e49-92be-cdf8df4c09f7.jpg,power supply
prd_e2706c095fe64d17990f8a99eea7f715,Tech For Less,Dell FN1VT 750 Watts Power Supply Unit,18.97,18.97,USD,True,var_b603a7d3cbbf495eb6e02cf1bfa7cc28,https://cdn.shopify.com/s/files/1/0725/7020/8392/files/c1b64726-7391-49c1-bf83-c8788296919d.jpg,power supply
prd_b8f6650f58d84073b95ce618996bb631,Switch Electronics | Your One Stop Component Shop,2A 12VDC Desktop Power Supply 24W,9.32,9.32,USD,True,var_5f25c790e287426798c438b7e83f8bb9,https://cdn.shopify.com/s/files/1/0695/1347/8453/files/e585851a-9cd9-4632-9488-6f538e767fcf.jpg,power supply
prd_da3ef53070df40e3b112e0dd7286fd02,Switch Electronics | Your One Stop Component Shop,LPV-60-12 Mean Well 60W 12V LED Power Supply IP67,25.2,25.2,USD,True,var_6f33db65634e459dbc4d71eb4d7afe57,https://cdn.shopify.com/s/files/1/0695/1347/8453/files/dbb4fb87-c405-40be-bb19-e16bada9df2b.jpg,power supply
prd_ce6c720c90044b7595881c3570b0f6ab,Tech For Less,Dell R107K 400 Watt Power Supply,34.97,34.97,USD,True,var_6944612595154f30afed0bb0cc60193d,https://cdn.shopify.com/s/files/1/0725/7020/8392/files/7c2d8352-7f35-43ff-ab9b-774a3c551dbe.jpg,power supply
prd_2fab87c0f8b2474d81ced1b3e1f5b0af,Switch Electronics | Your One Stop Component Shop,PS5R-VF24 24VDC 5A 120W DIN Rail Power Supply IDEC,96.51,96.51,USD,True,var_2aa18e45b1184e4aafe5e1a1d9895a33,https://cdn.shopify.com/s/files/1/0695/1347/8453/files/5ad7bccb-b1e1-4639-bc54-7d8bd15c3b11.jpg,power supply
prd_567474192ced4261a85d5492f97fadfd,Switch Electronics | Your One Stop Component Shop,PS5R-VD24 24VDC 2.5A 60W DIN Rail Power Supply IDEC,57.89,57.89,USD,True,var_13b19696d6f04bee8708961ab1793fbe,https://cdn.shopify.com/s/files/1/0695/1347/8453/files/e891f0af-2c5a-45e1-ab11-fd3607ada062.jpg,power supply
prd_e1921e4a1cf34ba6a200c19fd61f87b1,Tech For Less,Lenovo 02YF623 Hot-swap Power Supply,83.97,83.97,USD,True,var_c1df7cc99d094c6f878a07151cc4ff71,https://cdn.shopify.com/s/files/1/0725/7020/8392/files/f521af67-5efb-472c-872d-fa4a96d21f8d.jpg,power supply
prd_7b6e36e7dcf44754b558a7505d03282b,Switch Electronics | Your One Stop Component Shop,LPH-18-24 18W 12V LED Driver Power Supply IP67 Mean Well,11.19,11.19,USD,True,var_5cdf5076d2fb4604afe585005b087bf8,https://cdn.shopify.com/s/files/1/0695/1347/8453/files/8778a402-1f98-419b-9456-25be37b743c0_b594b364-a3d7-459a-bb5e-572464b1a64a.jpg,power supply
prd_a1bbbb476f514993b40ad4f485f5d10d,Switch Electronics | Your One Stop Component Shop,2A 12VDC Plugtop Power Supply,9.25,9.25,USD,True,var_bda572c41ed04ee9baa7aa3c2da8f5bd,https://cdn.shopify.com/s/files/1/0695/1347/8453/files/8e64faef-0eac-471c-bae0-ae7ccc805a1e.jpg,power supply
prd_ca66f036f4de4a7bb87efa03d7ba6d0f,Tech For Less,Lenovo 89Y1686 Power Supply,73.97,73.97,USD,True,var_2d776815a8e944f59be75294abe621fc,https://cdn.shopify.com/s/files/1/0725/7020/8392/files/fd8f7575-2402-40fa-b534-5e8892a11bf6.jpg,power supply
prd_1a93f0e3908341c3a3249a1a2034ea00,Switch Electronics | Your One Stop Component Shop,1.25A 24VDC Constant Voltage LED Driver Power Supply 30W,10.7,10.7,USD,True,var_97e932cb5629493f8abc4dd5f4a8eb9e,https://cdn.shopify.com/s/files/1/0695/1347/8453/files/eea731b3-d0c5-424b-8b03-5770922aa39f.jpg,power supply
prd_d467471f07494489832c2ef184e01b22,Tech For Less,Dell G6W6K 750 Watts Redundant Power Supply,40.49,40.49,USD,True,var_5f0ac0587d25401b98444cd0180c4dcb,https://cdn.shopify.com/s/files/1/0725/7020/8392/files/4583e2ce-b5eb-40b7-a22b-c58852b29ccd.jpg,power supply
prd_fdbb4825ef6d4411bded129cdb693dcd,Switch Electronics | Your One Stop Component Shop,5V 18A Enclosed Switching Power Supply 90W,19.24,19.24,USD,True,var_a0b4beaadfab4a7bb1dba5f5bccedb31,https://cdn.shopify.com/s/files/1/0695/1347/8453/files/a81490b2-a18a-479e-9887-dcfdc692d1f7.jpg,power supply
prd_6fe4f90ae0084f2c93285a3c4105cf8e,Tech For Less,Dell W8R3C (Lite-On Technology L750E-S0) Power Supply,54.97,54.97,USD,True,var_45203451b55f4a1a9e4ddde207c2c499,https://cdn.shopify.com/s/files/1/0725/7020/8392/files/21f08559-df8e-4215-b1b1-f3542261d731.jpg,power supply
prd_21d012bfe5dc44f2b34c2846d546091b,Switch Electronics | Your One Stop Component Shop,12VDC 8.33A 100W IP67 Waterproof LED Driver Power Supply,35.44,35.44,USD,True,var_67b44138ae164349866db81ae6c511a6,https://cdn.shopify.com/s/files/1/0695/1347/8453/files/7a025312-3bea-4088-9225-00ca462af3d2.jpg,power supply
prd_68c0615861e846b799585a18969360d5,Switch Electronics | Your One Stop Component Shop,LPV-20-12 Mean Well 20W 12V LED Power Supply IP67,17.62,17.62,USD,True,var_3c2afd4818964bf4ad99b94ae10cddad,https://cdn.shopify.com/s/files/1/0695/1347/8453/files/12438dfd-4e87-43d1-bced-013177a182e8.jpg,power supply
prd_08202c6a66874c489c284e1bd55015c1,Tech For Less,Dell D09YF Poweredge R230 250 Watts Power Supply,41.97,41.97,USD,True,var_d996e6222ab34376904baf804695f0ac,https://cdn.shopify.com/s/files/1/0725/7020/8392/files/b938a1d5-d676-44d9-830a-a15fcd74eb41.jpg,power supply
prd_c029e85cbc7e4f739c0ea3e6d36e5cf0,Tech For Less,Dell RYMG6 Power Supply,17.97,17.97,USD,True,var_571efb6b2e334d15953763a5adede728,https://cdn.shopify.com/s/files/1/0725/7020/8392/files/0e98722d-79bb-4b6a-bf23-d02c6b6cd0d6_2d71328f-f83b-469f-ab83-3564ddb0042e.jpg,power supply
prd_975e87a96084453d8e587e736b6682a3,Switch Electronics | Your One Stop Component Shop,1A 12VDC Plugtop Power Supply,6.7,6.7,USD,True,var_91e2b4d03c3c4d1195954f0940456391,https://cdn.shopify.com/s/files/1/0695/1347/8453/files/eaaf64cb-4509-4548-ab51-fa6deb4484f5.jpg,power supply
prd_379bb7e520ec4cd3a0b2dc4486c8dc99,Switch Electronics | Your One Stop Component Shop,1A 12VDC Desktop Power Supply 12W,6.43,6.43,USD,True,var_da26a53dae054a8a86940d0ad7abb1da,https://cdn.shopify.com/s/files/1/0695/1347/8453/files/a53772bc-543b-4f45-b922-521dba81f434.jpg,power supply
prd_8cba7dece9ce4e659a775f43ce4862ae,Tech For Less,Dell GJJRR D1200E-S1 1400-Watts Delta Switching Power Supply Unit,26.97,26.97,USD,True,var_fe92301f89634ec3856b0d44a7f3899d,https://cdn.shopify.com/s/files/1/0725/7020/8392/files/8920d056-f300-47c3-8e62-e0ea8b17c473.jpg,power supply
prd_3751581f27f94dd8b98eac026b38af72,Tech For Less,HP 775592-001 Power Supply,55.49,55.49,USD,True,var_8493fa19ea224c9dadc908b50fdbd21d,https://cdn.shopify.com/s/files/1/0725/7020/8392/files/2875c8ba-6ea5-4435-97cf-6b031df2c8f8.jpg,power supply
prd_32131820088d448da40e49139c186177,Tech For Less,Dell 4V8KD 750Watts Redundant Power Supply Unit,33.97,33.97,USD,True,var_712b5652584f4a39ac7de15567593696,https://cdn.shopify.com/s/files/1/0725/7020/8392/files/be94b3a0-2ac1-4940-a65f-149015a67273.jpg,power supply
prd_bdfe7328225b43c99c688b5636d99b7d,Tech For Less,Dell 2JWJ3 (Bestec Power B200AS-00) 200 Watts Power Supply Unit,53.49,53.49,USD,True,var_888a3d8fe5ee47efa85f9ebe56c20db6,https://cdn.shopify.com/s/files/1/0725/7020/8392/files/a92442af-1d8c-4265-9e17-a1a1da8bc8d1.jpg,power supply
prd_4d20b54749e3464f85fadc8d6a9a63ea,Switch Electronics | Your One Stop Component Shop,24V AC-DC 10W Single Output Power Supply VTX-214-010-124,10.52,10.52,USD,True,var_110bb62d1c9f44659484b66400484dcb,https://cdn.shopify.com/s/files/1/0695/1347/8453/files/4907d5e3-0270-4b49-941c-3a1ab670cf12.jpg,power supply
prd_9f355074b3fc42388ec85e3311554dc5,Switch Electronics | Your One Stop Component Shop,36VDC 1.45A 50W Industrial Enclosed Power Supply,12.88,12.88,USD,True,var_bd81c1ce19c741e7ab26351c5b2aa572,https://cdn.shopify.com/s/files/1/0695/1347/8453/files/4c09c9e6-f0c9-4243-aeba-76e55274e974_8e4a6dae-8d7a-405a-be27-7fd189addb1e.jpg,power supply
prd_ababc12c8f784e2380c9befefcdf3782,Switch Electronics | Your One Stop Component Shop,24VDC 3.75A Desktop Switch Mode Power Supply 90W,33.26,33.26,USD,True,var_d82fb904c259489f8fbe2db7d2cf9479,https://cdn.shopify.com/s/files/1/0695/1347/8453/files/671ad8f6-5c15-47ed-beb1-32e953006486.jpg,power supply
prd_ef8fbcdf2eda46ee89697eb7814edafe,Tech For Less,Dell T41F3 495Watts Power Supply Unit,51.49,51.49,USD,True,var_861cd1659771453fa194d61be63c111d,https://cdn.shopify.com/s/files/1/0725/7020/8392/files/ebde3b07-762d-45d5-9c1b-7edfef8f9fd9_82653c80-c044-4b61-9391-b79b29b93166.jpg,power supply
prd_2a03297b9b3241bfa6b96ec484bc918b,Switch Electronics | Your One Stop Component Shop,24VDC 5A Desktop Switch Mode Power Supply 120W,43.25,43.25,USD,True,var_0960ff22e9094a5598552a8dbb4ac9a2,https://cdn.shopify.com/s/files/1/0695/1347/8453/files/0d9a4f07-595c-42bd-ab49-4ccce908280f.jpg,power supply
prd_dc84915433644a5788523a014dd5b992,Tech For Less,Dell Y26KX 1100 Watts Power Supply Unit,33.97,33.97,USD,True,var_3cf355ae7c4246f19c7dbb48225564ae,https://cdn.shopify.com/s/files/1/0725/7020/8392/files/02c9d368-682d-4461-ae60-7262caef6a40.jpg,power supply
prd_7bff54252fc24a17942ef3dabab0ded8,Switch Electronics | Your One Stop Component Shop,24VDC 120W DIN Rail Power Supply,31.22,31.22,USD,True,var_77bd4384fd9e483bbf97c3715bb792a0,https://cdn.shopify.com/s/files/1/0695/1347/8453/files/3cc682d9-6b92-4d5c-8076-cbbc483f5f3c.jpg,power supply
prd_b26564f376fa4c3ea1212ec912b13c56,Tech For Less,Dell H411J Non-redundant Power Supply,33.49,33.49,USD,True,var_8752a694680042bbabbd67353470b634,https://cdn.shopify.com/s/files/1/0725/7020/8392/files/ccb42359-a6b2-470a-8c58-80dbd2560577.jpg,power supply
prd_5df575a1bdfd45259da44a833fccadcb,Switch Electronics | Your One Stop Component Shop,LPV-35-12 Mean Well 35W 12V LED Power Supply IP67,26.45,26.45,USD,True,var_7e4f3bd27bd249ab90fa33902df26d4d,https://cdn.shopify.com/s/files/1/0695/1347/8453/files/099a7a44-fe85-4188-b100-b66afb22a77c.jpg,power supply
prd_2a6013c43d8a4218b1f5e2edb78a7170,Switch Electronics | Your One Stop Component Shop,2.7A 24VDC Desktop Switch Mode Power Supply 65W,15.58,15.58,USD,True,var_c57e299198094eb8b4354f4267e5930f,https://cdn.shopify.com/s/files/1/0695/1347/8453/files/5f040e3c-9be7-4c3a-9590-4a60ac02010f.jpg,power supply
prd_971edb8ce1674697be52d0609c3799f8,Tech For Less,Dell 0t130k Power Supply,83.97,83.97,USD,True,var_e4fe015598ac46c883350d4183d77e1b,https://cdn.shopify.com/s/files/1/0725/7020/8392/files/95ab8906-873a-4608-826f-645b12e9d499.jpg,power supply
prd_27600b5ebefc41dfa82add7730d55810,NZXT,850 Watt 80 PLUS Gold Fully Modular ATX 3.1 PSU,139.99,139.99,USD,True,var_c58ce746bb9d43b48f0fc159de725f68,https://cdn.shopify.com/s/files/1/1986/9305/files/c850-gold-core_black_01_hero.png,PSU
prd_f589c336037c425ab7dc60b06398ffec,Tech For Less,Dell FN1VT 750 Watts Power Supply Unit,18.97,18.97,USD,True,var_f6a87a53893348ca9cc59c28a3d1c6b9,https://cdn.shopify.com/s/files/1/0725/7020/8392/files/c1b64726-7391-49c1-bf83-c8788296919d.jpg,PSU
prd_8de6af6cebdc4693bfe9289849a06fe0,Tech For Less,Dell T41F3 495Watts Power Supply Unit,51.49,51.49,USD,True,var_fb819f8b05d04c2e911d52768a870808,https://cdn.shopify.com/s/files/1/0725/7020/8392/files/ebde3b07-762d-45d5-9c1b-7edfef8f9fd9_82653c80-c044-4b61-9391-b79b29b93166.jpg,PSU
prd_22a060a54cb24395a405c43853212d68,Tech For Less,Dell GJJRR D1200E-S1 1400-Watts Delta Switching Power Supply Unit,26.97,26.97,USD,True,var_9b81b1896fb24372b8f3a5f818ee14a3,https://cdn.shopify.com/s/files/1/0725/7020/8392/files/8920d056-f300-47c3-8e62-e0ea8b17c473.jpg,PSU
prd_134b9b7853cc40f5a56120988a0160ed,Tech For Less,Dell 4V8KD 750Watts Redundant Power Supply Unit,33.97,33.97,USD,True,var_5f8eef97198a4730a6fa01ea56bd8908,https://cdn.shopify.com/s/files/1/0725/7020/8392/files/be94b3a0-2ac1-4940-a65f-149015a67273.jpg,PSU
prd_3144c52609b041728912b8367fa25c1e,Tech For Less,Dell YT39Y 1100 Watts Power Supply Unit,95.49,95.49,USD,True,var_3f1706f46e574a9a88533dd45c2329bd,https://cdn.shopify.com/s/files/1/0725/7020/8392/files/4da0410c-5d08-4369-9f49-e4c1946fc84c.jpg,PSU
prd_060c8b6a61e3428aae338fc4f65d249e,bashfashion,JBON  500WS  ATX 12V  Computer Power Supply With 12cm Fan,40,40,USD,True,var_7a60669a82dd4358ab02e8c1b43e791d,https://cdn.shopify.com/s/files/1/0772/1192/6824/files/TBD06029228.jpg,PSU
prd_88400fb1905749a3b9b687b732bcfe70,Tech For Less,350w 80-plus Platinum 100-240v 50/60hz Hot-swap Switching Power Supply,51.49,51.49,USD,True,var_5522ce9e68b742ac9d4897f984584988,https://cdn.shopify.com/s/files/1/0725/7020/8392/files/87aad300-420a-4736-adff-ed2e52400835.jpg,PSU
prd_06c84c3561ed4b459a7368f40d4194d4,Tech For Less,Dell W8R3C (Lite-On Technology L750E-S0) Power Supply,54.97,54.97,USD,True,var_dbe317fba4b042b692ecda75355887ad,https://cdn.shopify.com/s/files/1/0725/7020/8392/files/21f08559-df8e-4215-b1b1-f3542261d731.jpg,PSU
prd_4373b16a79014fc5841025db184cf2b6,Tech For Less,Dell 6MVJH 250W Power Supply,23.49,23.49,USD,True,var_2dc38b2110074d98a1e04b7843e7e0fa,https://cdn.shopify.com/s/files/1/0725/7020/8392/files/688d0b91-42c6-4b80-b8ff-a0982e38d75e.jpg,PSU
prd_7ceb223842db4fb4b756ef15479f2249,Tech For Less,Lenovo 02YF623 Hot-swap Power Supply,83.97,83.97,USD,True,var_0d95a7696dbd4a918e6ca7299f0506ff,https://cdn.shopify.com/s/files/1/0725/7020/8392/files/f521af67-5efb-472c-872d-fa4a96d21f8d.jpg,PSU
prd_0e34f6f241894aa6a6ae0342d94b377a,Tech For Less,Dell 0t130k Power Supply,83.97,83.97,USD,True,var_c6351a79aa854a70ace6d8f0ff452bf0,https://cdn.shopify.com/s/files/1/0725/7020/8392/files/95ab8906-873a-4608-826f-645b12e9d499.jpg,PSU
prd_5a72afdc271b4b169adacdcaf59547df,Tech For Less,Dell 38GYJ 110 Watts Redundant Power Supply,60.49,60.49,USD,True,var_915821231e974667b67b8c3c6fb56d4f,https://cdn.shopify.com/s/files/1/0725/7020/8392/files/b2e8cb57-6013-47a1-9ea5-d1a15453a88e.jpg,PSU
prd_2e9e6599bf2f455e9f807e66f68991d1,Tech For Less,Dell KTW3M Hot Swap Power Supply,20.49,20.49,USD,True,var_0357ffa28c254efbb4d65d880fa26741,https://cdn.shopify.com/s/files/1/0725/7020/8392/files/25b2c9fc-739f-4f97-9519-98093a949cb5.jpg,PSU
prd_ab191453ca4a413aae83f0c7ac5ff8f2,TravisMathew,PSU Cloud Home Game Quarter Zip,159.95,159.95,USD,True,var_197b8edd2b3c4300af4cf32c3a2c7b59,https://cdn.shopify.com/s/files/1/0610/4629/2558/files/A47819_4NAV_1_ECOMM-jpg.jpg,PSU
prd_45d724ed64184a77943626cae9d03c19,Tech For Less,Dell 2JWJ3 (Bestec Power B200AS-00) 200 Watts Power Supply Unit,53.49,53.49,USD,True,var_f58661905e8f4a67a7f3bfd40166ccf1,https://cdn.shopify.com/s/files/1/0725/7020/8392/files/a92442af-1d8c-4265-9e17-a1a1da8bc8d1.jpg,PSU
prd_b69a88154268460fa5c0ec2eb846a21c,Tech For Less,Dell 95HR5 D1600E-S0 1600-Watts Redundant Power Supply Unit,51.49,51.49,USD,True,var_4f74cf75ef6647e6b1dca7b88e3d36c9,https://cdn.shopify.com/s/files/1/0725/7020/8392/files/b0b5524d-0bd1-4035-a639-1885853b09cd.jpg,PSU
prd_dd0fa2279090403f9882521afedf5aed,Tech For Less,Dell 5WNDJ 240 Watts Power Supply Unit,25.49,25.49,USD,True,var_b62391852c4a4ae3bdc11abacbcb5862,https://cdn.shopify.com/s/files/1/0725/7020/8392/files/f027d11f-9a74-4827-97ff-4001feb9f2ba.jpg,PSU
prd_65d756893c5246eca2268561d6b1520c,NZXT,Compact ATX Mid-Tower Airflow Case with RGB Fans,119.99,119.99,USD,True,var_a765be6b31e74ba094c1a91e2c48fe4d,https://cdn.shopify.com/s/files/1/1986/9305/files/h5-flow-rgb_black_01_hero.png,PC case
prd_c83f863d6c5f4df5a913cc35c4236899,NZXT,Micro-ATX Airflow Case,69.99,69.99,USD,True,var_63e2ab28fc88414aaac705fcb990e452,https://cdn.shopify.com/s/files/1/1986/9305/files/h3-flow_12_black-hero.png,PC case
prd_47e24d5676e54155b288fac1dd8fa309,NZXT,Case and AIO Cooler Bundle,229.97,229.97,USD,True,var_a552e525a40d4ea79f51a7e8b799cab6,https://cdn.shopify.com/s/files/1/1986/9305/files/Case_H5_Flow_W_non-system_hero_2_86214211-13d9-4012-8dbc-2df5d2e931e1.png,PC case
prd_c0a6086bf2c1496d85c68afdeda8703a,NZXT,AMD Ryzen 7 9800X3D 5080 Gaming PC,3849,3849,USD,True,var_56d5c50d64ce4084a929974c29d1cb84,https://cdn.shopify.com/s/files/1/1986/9305/files/PlayerThreeBase_hero_black_badge_b93ce020-da49-45b2-b789-8a2e7d707b84.png,PC case
prd_d3681f11b2db4d32b55524e37958f310,NZXT,Gaming PC | Smooth 1080p gameplay,1489,1489,USD,True,var_54cf8a9292fd4d59912bc1ee98e6ebe7,https://cdn.shopify.com/s/files/1/1986/9305/files/PlayerOneBase_hero_Black_Badge_071c9102-e80e-4e48-bb57-2fc05f18f2ca.png,PC case
prd_4359d2ccaf4848ac95302dc4924a65e0,NZXT,Gaming PC with RTX 5070 | Smooth 1440p gameplay,2649,2649,USD,True,var_2d0409dbe12f45d2a2bc93d026681f11,https://cdn.shopify.com/s/files/1/1986/9305/files/PlayerTwoBase_hero_black_badge_9804c25b-a61f-4b02-ae9b-6ad4afdd408c.png,PC case
prd_6010e2da234b46268f48131417da0c24,NZXT,Gaming PC with RTX 5060 Ti | High-FPS 1080p gameplay,1749,1749,USD,True,var_a52546a56a3c471caa0d66ca8e157825,https://cdn.shopify.com/s/files/1/1986/9305/files/PlayerOnePrime_hero_black_badge_980d5bdc-ad3d-4d5f-babe-2e14aed93e9b.png,PC case
prd_85673fdc6fb942ea90ba075ad127a448,GMKtec,GMKtec K12 AMD Ryzen™ 7 H 255 Gaming Mini PC,359.99,359.99,USD,True,var_a1d55121cdb141e7900171f96d851440,https://cdn.shopify.com/s/files/1/0715/1314/5498/files/1_748ef588-9135-4740-a389-b2ef1dc568ec.png,PC case
prd_e1fcb3d608a749d2b5f829e41e10cb19,GMKtec,GMKtec EVO-X2 AMD Ryzen™ AI Max+ 395 AI Mini PC,2199.99,2199.99,USD,True,var_9d22b187c2334f54a1ad4e33e0102e90,https://cdn.shopify.com/s/files/1/0715/1314/5498/files/3236633c9c3cf624fc617d8ceea1246c_28049231-bded-49ff-915d-3fd6ae59ddef.png,PC case
prd_c1254b5544b74575a1a779ebba6e977e,Suburban,PC CASE TALL 11 MW GENⅡ,137,137,USD,True,var_d9c1ab70204443a9830d5fdc686ca585,https://cdn.shopify.com/s/files/1/0379/3197/files/PCCASETALL11MW01.jpg,PC case
prd_b40fdaa07fb34ec694fdbe251f2de334,Tech For Less,Heritage 938055 Computer Case,31.97,31.97,USD,True,var_575df9f5f40a42cd923d92ccffe493a6,https://cdn.shopify.com/s/files/1/0725/7020/8392/files/859201a3-a6c0-4d6a-aba3-7d4124a46061.jpg,PC case
prd_5ddc7fc0ec9a442bae5c5c4884b5ec99,NZXT,Compact ATX Mid-Tower Airflow Case with RGB Fans,119.99,119.99,USD,True,var_0ec3a59a3d054b4ab12945323e8e455f,https://cdn.shopify.com/s/files/1/1986/9305/files/h5-flow-rgb_black_01_hero.png,mid tower case
prd_d8fc606e751049a8aa9eb5151afc9eed,Tech For Less,Dell Precision 5820 Tower Chassis Only With Motherboard,1175.49,1175.49,USD,True,var_558147e240b5403d832aa9c219f954dc,https://cdn.shopify.com/s/files/1/0725/7020/8392/files/34d36aa4-0dc4-4fe1-a223-08e3325bb75b.jpg,mid tower case
prd_113f5fbd8baf487c9afc5967b55a3efc,bashfashion,COOLMOON RGB120 5V ARGB Integrated Single Row Multi-Platform CPU Cooler(Black),81,81,USD,True,var_77895c7ed23246eb87ddff8f3a2b6813,https://cdn.shopify.com/s/files/1/0772/1192/6824/files/TBD0605181601A.jpg,CPU cooler
prd_983606d2c6044d6aa4b8c60685520841,bashfashion,COOLMOON CM-YM-240T Digital ARGB Lens Edition Integrated Water Cooling CPU Cooler Temperature Display CPU Fan(Black),108,108,USD,True,var_4206b05702b84f588661f6a6f16a9661,https://cdn.shopify.com/s/files/1/0772/1192/6824/files/TBD0604826401B.jpg,CPU cooler
prd_c09d8e1105e045cb9e1975b213cf61b4,bashfashion,COOLMOON AS360 Magic Diamond Edition Computer Cooler ARGB Water Cooling Light Integrated CPU Radiator(Black),159,159,USD,True,var_4b04cc0d7b6a4924be592234c448b951,https://cdn.shopify.com/s/files/1/0772/1192/6824/files/TBD0605182201B.jpg,CPU cooler
prd_8774117d46ac488fb30976cb7c2afcdd,NZXT,"360mm AIO Liquid Cooler with 2.72"" IPS LCD & RGB",299.99,299.99,USD,True,var_518c3f660516441488329805289896fc,https://cdn.shopify.com/s/files/1/1986/9305/files/ke360rgb-v2_white_01_hero.png,CPU cooler
prd_ba7079b108534e9182f1985a7e581279,NZXT,"360mm AIO Liquid Cooler with 2.72"" IPS LCD",279.99,279.99,USD,True,var_f7ebc550965049eda9cd0a7f675bc78d,https://cdn.shopify.com/s/files/1/1986/9305/files/kraken-elite-360-nonrgb-vertical-orientation-black.png,CPU cooler
prd_1438e588e2014fc0887197d65763ea40,NZXT,Case and AIO Cooler Bundle,229.97,229.97,USD,True,var_e0607cce794e468491d8734b87d723d0,https://cdn.shopify.com/s/files/1/1986/9305/files/Case_H5_Flow_W_non-system_hero_2_86214211-13d9-4012-8dbc-2df5d2e931e1.png,CPU cooler
prd_9e2c365615ff4af2949c8471f11371c6,NZXT,Case and AIO Cooler Bundle,239.97,239.97,USD,True,var_db53d814ffba42a9a5fbb88ace0fc42f,https://cdn.shopify.com/s/files/1/1986/9305/files/Case_H5_Flow_W_non-system_hero_2.png,CPU cooler
prd_9dea04bc79164c8994938b9a420e0e77,bashfashion,CPU Cooling Cooler Fan For Microsoft Surface Pro 8 13 inch,66,66,USD,True,var_33becf01bd824103b48483546fa6d221,https://cdn.shopify.com/s/files/1/0772/1192/6824/files/SPS7703.jpg,CPU cooler
prd_3a60de00bbc34f0ba0994095632827de,bashfashion,Desktop Computer 6 Copper Tube CPU Radiator Super Quiet Without Light 3-pin Single Fan,31,31,USD,True,var_a42bac402c05405ca2c7da8af6c53779,https://cdn.shopify.com/s/files/1/0772/1192/6824/files/TBD0425750001.jpg,CPU cooler
prd_7ac552d7f1444cc59e6853048649e3d8,NZXT,"360mm AIO Liquid Cooler with 2.72"" IPS LCD & RGB",299.99,299.99,USD,True,var_448d9eaac67f4a6aa08b8790b981334b,https://cdn.shopify.com/s/files/1/1986/9305/files/ke360rgb-v2_white_01_hero.png,AIO liquid cooler
prd_bba17d356b7647a1b678b66527269acd,NZXT,"360mm AIO Liquid Cooler with 2.72"" IPS LCD",279.99,279.99,USD,True,var_0b79afd3d13a45ecbe1518eb8f57d311,https://cdn.shopify.com/s/files/1/1986/9305/files/kraken-elite-360-nonrgb-vertical-orientation-black.png,AIO liquid cooler
prd_94f32c21b10d48b6a753fdaf3bae9e11,bashfashion,COOLMOON AS360 Magic Diamond Edition Computer Cooler ARGB Water Cooling Light Integrated CPU Radiator(Black),159,159,USD,True,var_fc87d4bcebd34040a0cd801f6c6fced0,https://cdn.shopify.com/s/files/1/0772/1192/6824/files/TBD0605182201B.jpg,AIO liquid cooler
prd_43fb7d0f5bde45feaabbc71c7a159fec,bashfashion,COOLMOON CM-YM-240T Digital ARGB Lens Edition Integrated Water Cooling CPU Cooler Temperature Display CPU Fan(Black),108,108,USD,True,var_7771471fc30f4e519675b92e59f9efcd,https://cdn.shopify.com/s/files/1/0772/1192/6824/files/TBD0604826401B.jpg,AIO liquid cooler
prd_8bf481c7048948a0ae45ba93cc28d230,bashfashion,COOLMOON RGB120 5V ARGB Integrated Single Row Multi-Platform CPU Cooler(Black),81,81,USD,True,var_5b0c00ff7e084aeebdcc68327bfb8dcd,https://cdn.shopify.com/s/files/1/0772/1192/6824/files/TBD0605181601A.jpg,AIO liquid cooler
prd_ae596d2680f7405599fdfcead75eec2e,bashfashion,Prism 4RRO Computer Case Fan 12cm ARGB Sync PWM Quiet Cooling Fan(Forward Black Frame),23,23,USD,True,var_d8f9111df91c451e902b5265394b170c,https://cdn.shopify.com/s/files/1/0772/1192/6824/files/TBD0605907901A.jpg,case fan
prd_06a5da0d30f74ae8a53fe8d1b5ad2d63,bashfashion,"COOLMOON CM-MPAC PWM 5V ARGB Cooling Fan Remote Control For PC Case Chassis, Style: 3 in 1 Controller (Black)",30,30,USD,True,var_5a3a4062bdaf4619aa927eec692134d9,https://cdn.shopify.com/s/files/1/0772/1192/6824/files/TBD0601787204.jpg,case fan
prd_539827ea7940496eb709e1026bb0254c,NZXT,Compact ATX Mid-Tower Airflow Case with RGB Fans,119.99,119.99,USD,True,var_d800c0814ec64a62aea65157dfa7d85d,https://cdn.shopify.com/s/files/1/1986/9305/files/h5-flow-rgb_black_01_hero.png,case fan
prd_8454e4c14d0147f3b8d365beb5de254d,NZXT,360mm Single-Frame RGB Fan Unit,69.99,69.99,USD,True,var_91d898a7c48945debfd1363f10d47d9f,https://cdn.shopify.com/s/files/1/1986/9305/files/f360-rgb-core-hero-white.png,case fan
prd_69bd85b1e0aa40e2a92c51739f92bb3b,NZXT,140mm Performance RGB Fan,46.99,46.99,USD,True,var_193405cd76724768af82e1d2d881b10d,https://cdn.shopify.com/s/files/1/1986/9305/files/f140x_black_01_hero.png,case fan
prd_f945ddd84f3e47f0a69deb8e2b299cf2,bashfashion,"COOLMOON CM-MPAC PWM 5V ARGB Cooling Fan Remote Control For PC Case Chassis, Style: 4 in 1  (Black)",32,32,USD,True,var_a64a494def164abb8d810933d80ed022,https://cdn.shopify.com/s/files/1/0772/1192/6824/files/TBD0601787202.jpg,case fan
prd_654d3e20ed874368b803794fb8064483,Digitmakers.ca,Flashforge Dreamer/Inventor DC Brushless Case Fan,13,13,USD,True,var_2f2d5321740f4c1bb8a738a32b66f900,https://cdn.shopify.com/s/files/1/1745/6181/products/20210809_134512.jpg,case fan
prd_4ad1c085c6b34aeda399831b78130573,bashfashion,Prism 4RRO Computer Case Fan 12cm ARGB Sync PWM Quiet Cooling Fan(Forward Black Frame),23,23,USD,True,var_fe604014dddc4e7d89a0da5f57bed027,https://cdn.shopify.com/s/files/1/0772/1192/6824/files/TBD0605907901A.jpg,RGB fan
prd_81642f8168984bb1846b224b4c871691,Digitmakers.ca,GD900 Thermal Grease Paste,4,4,USD,True,var_bef3cf9b5bfa4a25846851ab254a89f1,https://cdn.shopify.com/s/files/1/1745/6181/products/GD900_thermal_grease.png,thermal paste
prd_8f94094bc6e64bd0bbb2549eb2f984f9,bashfashion,2UUL SC10 50g High-Performance CPU Thermal Conductive Silicone Grease,19,19,USD,True,var_8ecb1b4eb1b94f7ab505e476ff3575e7,https://cdn.shopify.com/s/files/1/0772/1192/6824/files/EDA0071557.jpg,thermal paste
prd_5830622704024d84be3bfef6b6c24661,bashfashion,MaAnt Thermal Conductive Silicone Grease CPU Thermal Grease Computer Graphic Card Cooling Universal Thermal Conductive(Blue),26,26,USD,True,var_ad9a7dfc881c4d1e88817c0708ec8510,https://cdn.shopify.com/s/files/1/0772/1192/6824/files/TBD0605880601B.jpg,thermal paste
prd_8513626d76834d74a8294b1c43502ed8,Tech For Less,MICROSICP400 CPU Thermal Grease Tube,4.77,4.77,USD,True,var_fa906cb473b6480fbbc26b6c6f101c6d,https://cdn.shopify.com/s/files/1/0725/7020/8392/files/3396d3dd-06f1-42df-b705-6c78b23a2121.jpg,thermal paste
prd_8b68538afbc84b808610b2ecca8adc9f,bashfashion,30g Heatsink Compound for CPU/ VGA Fans(Color: Black),14,14,USD,True,var_ef03194b88f346efbb21894108f8408d,https://cdn.shopify.com/s/files/1/0772/1192/6824/files/S-CF-0304.jpg,thermal paste
prd_091e8f2a08a1437f84c7dc0f744321ad,Tech For Less,2-pack 7rmpy 1.5 Gram Syringe Of Thermal Grease,12.49,12.49,USD,True,var_36b89b66a95d41708c0df69593c19e6c,https://cdn.shopify.com/s/files/1/0725/7020/8392/files/82c6af46-4182-48e0-9865-877f87d7d684.jpg,thermal paste
prd_4b41b67ae4c94e42954331fb04cd4141,Digitmakers.ca,Slice Engineering Boron Nitride Paste,11,11,USD,True,var_243b6ee614a544f88a18544f998e9d1a,https://cdn.shopify.com/s/files/1/1745/6181/products/nitride-paste.png,thermal paste
prd_7f47abef3554424f885c2914664d915d,GMKtec,GMKtec EVO-X3 AMD Ryzen™ AI Max+ 395 AI Mini PC,3799.99,3799.99,USD,True,var_13ce62fe238d491f9ab695ff6d25f37f,https://cdn.shopify.com/s/files/1/0715/1314/5498/files/1_3.jpg,prebuilt gaming PC
prd_7c14bbc9b7a94b24afa1aa6bc3c837c2,GMKtec,GMKtec K8 Plus AMD Ryzen™ 7 8845HS Gaming Mini PC,919.99,919.99,USD,True,var_767882f0ddad47ca93f635fdf004bdaa,https://cdn.shopify.com/s/files/1/0715/1314/5498/files/k8plus.jpg,prebuilt gaming PC
prd_26b18b9c25e74001b7c571fde6e2067c,GMKtec,GMKtec K12 AMD Ryzen™ 7 H 255 Gaming Mini PC,359.99,359.99,USD,True,var_6854166b0878488b8b48e3f2da394002,https://cdn.shopify.com/s/files/1/0715/1314/5498/files/1_748ef588-9135-4740-a389-b2ef1dc568ec.png,prebuilt gaming PC
prd_9fc9de1a79ba491f8e1d1e4c7f3dae0a,NZXT,Gaming PC | Smooth 1080p gameplay,1489,1489,USD,True,var_666026b7d222491190f0a1a5e05d0ca2,https://cdn.shopify.com/s/files/1/1986/9305/files/PlayerOneBase_hero_Black_Badge_071c9102-e80e-4e48-bb57-2fc05f18f2ca.png,prebuilt gaming PC
prd_58c9b9cab1d34e90b313967a001a2100,NZXT,AMD Ryzen 7 9800X3D 5080 Gaming PC,3849,3849,USD,True,var_6db8f9fb41274b648ae92cc36a0001e3,https://cdn.shopify.com/s/files/1/1986/9305/files/PlayerThreeBase_hero_black_badge_b93ce020-da49-45b2-b789-8a2e7d707b84.png,prebuilt gaming PC
prd_05dce45e00bb4e18ba167df6a3902167,NZXT,Gaming PC with RTX 5070 | Smooth 1440p gameplay,2649,2649,USD,True,var_37d9336235554d9ebbd4d24b0d237ff7,https://cdn.shopify.com/s/files/1/1986/9305/files/PlayerTwoBase_hero_black_badge_9804c25b-a61f-4b02-ae9b-6ad4afdd408c.png,prebuilt gaming PC
prd_9f3cf057551c460882779da7dd3b3cd1,GMKtec,GMKtec NEO-X1 Pro AMD Ryzen™ 9 9955HX3D + NVIDIA® GeForce RTX™ 5070 MODT Gaming PC,2199.99,2199.99,USD,True,var_8773df9d01d34f1da6cab664a24def58,https://cdn.shopify.com/s/files/1/0715/1314/5498/files/NEO.png,prebuilt gaming PC
prd_fb5f52e7a04e40dfa8238100aa098383,NZXT,Gaming PC with RTX 5060 Ti | High-FPS 1080p gameplay,1749,1749,USD,True,var_e5147bacbd464ca6a7c1920d8befa63d,https://cdn.shopify.com/s/files/1/1986/9305/files/PlayerOnePrime_hero_black_badge_980d5bdc-ad3d-4d5f-babe-2e14aed93e9b.png,prebuilt gaming PC
prd_38349cf487ac4328a21d98b7379d6ed5,GMKtec,GMKtec EVO-X2 AMD Ryzen™ AI Max+ 395 AI Mini PC,2199.99,2199.99,USD,True,var_253c1c60a7a442e995d9936af1524bb9,https://cdn.shopify.com/s/files/1/0715/1314/5498/files/3236633c9c3cf624fc617d8ceea1246c_28049231-bded-49ff-915d-3fd6ae59ddef.png,prebuilt gaming PC
prd_011d4bfb98be468698efc620e740a9b2,GMKtec,GMKtec K16 AMD Ryzen™ 7 7735HS Mini PC,619.99,619.99,USD,True,var_a710b28ab8564b3abca32e1ff33acad0,https://cdn.shopify.com/s/files/1/0715/1314/5498/files/5d1c4fb7cbc390cd248ecddde6d6983b.webp,prebuilt gaming PC
prd_6d5c1b9c6d1a478cb18a00618be7a2b0,Computer Exchange,Enermax RTX 3060,999.99,999.99,USD,True,var_9552f1a0de394ed4abd2b6c708f28858,https://cdn.shopify.com/s/files/1/0751/2211/4715/files/polish_save_2.png,gaming desktop
prd_fe88ac3d29c24537b8819d41fb05f660,Computer Exchange,Alienware Aurora R16,1399.99,1399.99,USD,True,var_490c1221efec48b3a7b8d5c515176262,https://cdn.shopify.com/s/files/1/0751/2211/4715/files/polish_save_5.jpg,gaming desktop
prd_bb5bbad4fe154154ae84a1af31756ea6,NZXT,Gaming PC | Smooth 1080p gameplay,1489,1489,USD,True,var_4a8a5df52998444ca541e87c94878710,https://cdn.shopify.com/s/files/1/1986/9305/files/PlayerOneBase_hero_Black_Badge_071c9102-e80e-4e48-bb57-2fc05f18f2ca.png,gaming desktop
prd_f22c4ad714af4df197a93145f717efaa,NZXT,AMD Ryzen 7 9800X3D 5080 Gaming PC,3849,3849,USD,True,var_0ceff8965bbc494994a54827a4ffb96a,https://cdn.shopify.com/s/files/1/1986/9305/files/PlayerThreeBase_hero_black_badge_b93ce020-da49-45b2-b789-8a2e7d707b84.png,gaming desktop
prd_898f279568aa4a2e882469a563b871cf,NZXT,Gaming PC with RTX 5070 | Smooth 1440p gameplay,2649,2649,USD,True,var_07cd64fe420e45ffb037fe6cef7b9135,https://cdn.shopify.com/s/files/1/1986/9305/files/PlayerTwoBase_hero_black_badge_9804c25b-a61f-4b02-ae9b-6ad4afdd408c.png,gaming desktop
prd_29e5b625cd124703a8b8355cbff42207,NZXT,Gaming PC with RTX 5060 Ti | High-FPS 1080p gameplay,1749,1749,USD,True,var_c5460c382dd44ae0aad2259d45d604ec,https://cdn.shopify.com/s/files/1/1986/9305/files/PlayerOnePrime_hero_black_badge_980d5bdc-ad3d-4d5f-babe-2e14aed93e9b.png,gaming desktop
prd_48af9fc472b449638f0599507121ed32,GMKtec,GMKtec NEO-X1 Pro AMD Ryzen™ 9 9955HX3D + NVIDIA® GeForce RTX™ 5070 MODT Gaming PC,2199.99,2199.99,USD,True,var_80d11134cd1c49ee8572ca5428150596,https://cdn.shopify.com/s/files/1/0715/1314/5498/files/NEO.png,gaming desktop
prd_752aa218fc5e4de181d18f9a4eaa10e5,Computer Exchange,CE Custom M06 - Pink,899.99,899.99,USD,True,var_99a410da4067451b856846d52d5bf923,https://cdn.shopify.com/s/files/1/0751/2211/4715/files/Bazaart_C154A111-6C56-41A9-B65B-3D6911CF9C96.png,gaming desktop
prd_622b602f2d6c408e917b8972b3be1026,Computer Exchange,CE Custom 6750 XT,1499.99,1499.99,USD,True,var_26cf13535b57473ab7ba3025b49312e1,https://cdn.shopify.com/s/files/1/0751/2211/4715/files/polish_save.png,gaming desktop
prd_7649a7172d96483c9bedea835084b93e,Computer Exchange,CE Custom M06 - Mint Green,949.99,949.99,USD,True,var_080b2bb59ebd478c9de766dcc15ff5f2,https://cdn.shopify.com/s/files/1/0751/2211/4715/files/Bazaart_47D7964A-CAC2-462E-81E5-19190A2474DE.png,gaming desktop
prd_093506440b1e492a989edca7962de228,Computer Exchange,Ryzen 7 Aqvin Tower,699.99,699.99,USD,True,var_0ac834441b4d4079a6bdf8c0ca924b3e,https://cdn.shopify.com/s/files/1/0751/2211/4715/files/polish_save_4.png,gaming desktop
prd_a40229393bd043bfb3eefafc66b1564d,Computer Exchange,Hyte Y70 i9 5080,3999.99,3999.99,USD,True,var_4f8281dae4fd405faeafe534ad8b38d6,https://cdn.shopify.com/s/files/1/0751/2211/4715/files/22760845a.jpg,gaming desktop
prd_c7832ccc00c44e318add85773adab793,GMKtec,GMKtec K12 AMD Ryzen™ 7 H 255 Gaming Mini PC,359.99,359.99,USD,True,var_a396191f7fdc41aab9a1b554157b3795,https://cdn.shopify.com/s/files/1/0715/1314/5498/files/1_748ef588-9135-4740-a389-b2ef1dc568ec.png,gaming desktop
prd_386a3e9aa6804e1c93335c8b519fe4f7,GMKtec,GMKtec K8 Plus AMD Ryzen™ 7 8845HS Gaming Mini PC,919.99,919.99,USD,True,var_ffd828096af14550b36a901b1a642314,https://cdn.shopify.com/s/files/1/0715/1314/5498/files/k8plus.jpg,gaming desktop
prd_d303db7f067343b1bb19a2033d449b49,Computer Exchange,HP OmniDesk Slim,999.99,999.99,USD,True,var_bd80be8dddb143a18990a55257925843,https://cdn.shopify.com/s/files/1/0751/2211/4715/files/Bazaart_869EAE79-DE59-4E8B-AE67-2F0B306D0547.png,gaming desktop
prd_37cbe2f0e2b74529ae379c949cbe555b,Computer Exchange,CE Designer Series Tier 1,1099.99,1099.99,USD,True,var_c00efc2c74aa4411a08c9ec6af5b85ca,https://cdn.shopify.com/s/files/1/0751/2211/4715/files/Bazaart_8B3CFD07-FBF5-4B5A-8220-F5B9F5199A15.png,gaming desktop
prd_47e83bcf65354f67b29b84b50fe1abd4,Computer Exchange,iBuyPower Prebuilt 4060,1499.99,1499.99,USD,True,var_36363727e0754411991b2bf6868944b3,https://cdn.shopify.com/s/files/1/0751/2211/4715/files/Bazaart_8532989F-78FC-4F69-94E9-29180E35C90A.png,gaming desktop
prd_460c9cbc6ebc4716803b686c16c59eb6,GMKtec,GMKtec M6 Ultra AMD Ryzen™ 5 7640HS Mini PC,269.99,269.99,USD,True,var_47637be0eff044f590b577999ca1dffb,https://cdn.shopify.com/s/files/1/0715/1314/5498/files/86857ca727a81d7232ece35702e29fa4.webp,mini PC
prd_cacf0d1d1a9e44d4b2e15860857d00ac,GMKtec,GMKtec EVO-X2 AMD Ryzen™ AI Max+ 395 AI Mini PC,2199.99,2199.99,USD,True,var_dac988b803134e7cbb272d53f79af379,https://cdn.shopify.com/s/files/1/0715/1314/5498/files/3236633c9c3cf624fc617d8ceea1246c_28049231-bded-49ff-915d-3fd6ae59ddef.png,mini PC
prd_7d18cba003e04d06b5a40508a7b94a57,GMKtec,GMKtec K8 Plus AMD Ryzen™ 7 8845HS Gaming Mini PC,919.99,919.99,USD,True,var_2d34fe7fda4f45068220a14db36bbc5f,https://cdn.shopify.com/s/files/1/0715/1314/5498/files/k8plus.jpg,mini PC
prd_9fe3977803e944db904ad28426ee8770,GMKtec,GMKtec M5 Ultra AMD Ryzen™ 7 7730U Mini PC,599.99,599.99,USD,True,var_67832e0f6c944d35a39e602ff3b69ff0,https://cdn.shopify.com/s/files/1/0715/1314/5498/files/M5PLUS.webp,mini PC
prd_1932aaf4f48745b9b79dfd74ce45083c,GMKtec,GMKtec G10 AMD Ryzen™ 5 3500U Mini PC,199.99,199.99,USD,True,var_852edd94e7034ff79ab3d55da81f995a,https://cdn.shopify.com/s/files/1/0715/1314/5498/files/3236633c9c3cf624fc617d8ceea1246c.png,mini PC
prd_4ac20eb441304bcd8ab3c7de71e66c39,GMKtec,GMKtec M5S AMD Ryzen™ 3 5400U Mini PC,269.99,269.99,USD,True,var_c32c7d7d1e344b67950c692ec1a8c253,https://cdn.shopify.com/s/files/1/0715/1314/5498/files/M5PLUS.webp,mini PC
prd_79410ded47bd405e87de3b2efa9b2292,GMKtec,GMKtec K12 AMD Ryzen™ 7 H 255 Gaming Mini PC,359.99,359.99,USD,True,var_15a4f3a0b4e846c98c75bc49632877fb,https://cdn.shopify.com/s/files/1/0715/1314/5498/files/1_748ef588-9135-4740-a389-b2ef1dc568ec.png,mini PC
prd_5a799be18ea140139b0a9f7f5922dfde,GMKtec,GMKtec K16 AMD Ryzen™ 7 7735HS Mini PC,619.99,619.99,USD,True,var_0cb56d05fd574656839513115674aa7b,https://cdn.shopify.com/s/files/1/0715/1314/5498/files/5d1c4fb7cbc390cd248ecddde6d6983b.webp,mini PC
prd_c46898dc057b4a4eac27e5cae399f743,GMKtec,GMKtec M2 Pro S Intel Core™ i7-1185G7 Mini PC,279.99,279.99,USD,True,var_3c851ec1b015407da00871439374af10,https://cdn.shopify.com/s/files/1/0715/1314/5498/files/6d89cd072c9ef9d4847e5981e41fabb4.webp,mini PC
prd_f9b9a43369644cdf9f7d6b9e7dd6f100,GMKtec,GMKtec M8 AMD Ryzen™ 5 PRO 6650H Mini PC,389.99,389.99,USD,True,var_821368bc720944459e7b5f580ac1a490,https://cdn.shopify.com/s/files/1/0715/1314/5498/files/1_1.jpg,mini PC
prd_f36bdc8a64804bccb115662bbb50aafd,GMKtec,GMKtec M3 Pro Intel® Core™ i5-13500H Mini PC,329.99,329.99,USD,True,var_d9bacf5e9ec24263b672bce796c4d314,https://cdn.shopify.com/s/files/1/0715/1314/5498/files/3034a1133efe01daba919094b70c6310_24853f2b-6c76-4b4a-a8e7-28c5dab19a7d.jpg,mini PC
prd_ca825a703ad84544a8120a7cb07d08be,GMKtec,GMKtec EVO-X5 Pro AMD Ryzen™ AI Max+ PRO 495 AI Mini PC,6799,6799,USD,True,var_8becb27a98e049b2872a0955d0b5c12c,https://cdn.shopify.com/s/files/1/0715/1314/5498/files/800_800.jpg,mini PC
prd_12dd79e3acc54fb2b98352294db2b31c,GMKtec,GMKtec K15 Intel® Core™ Ultra 5 125U Mini PC,719.99,719.99,USD,True,var_951b1259d8e94e3fbd5eeff6fbe40311,https://cdn.shopify.com/s/files/1/0715/1314/5498/files/1_58756cd0-f64c-46db-9fe8-13ddb805f2d2.jpg,mini PC
prd_da6dbbf76f1b479cb100fcb2034dab25,GMKtec,GMKtec K13 Intel® Core™ Ultra 7 256V Mini PC,589.99,589.99,USD,True,var_794ea00cd1684f6ab093231318cd1b1b,https://cdn.shopify.com/s/files/1/0715/1314/5498/files/1_d7c59615-4527-4a10-86ed-acca0e835821.jpg,mini PC
prd_c9662570a7e549a5bfb510410529ec0f,GMKtec,GMKtec EVO-T2 Intel® Core™ Ultra X7 358H AI Mini PC,2399.99,2399.99,USD,True,var_9c378cbc325540e79a4fec57a908f1c8,https://cdn.shopify.com/s/files/1/0715/1314/5498/files/1_2-1.jpg,mini PC
prd_af679a7d2ba94fe992e43053671d406d,GMKtec,GMKtec K17 Plus Intel® Core™ Ultra 7 258V Mini PC,949.99,949.99,USD,True,var_e9ccac77e4584098956cc7392f3474e5,https://cdn.shopify.com/s/files/1/0715/1314/5498/files/K17_8070872b-6c05-4410-90c1-abb7d5e8f6f9.jpg,mini PC
prd_fb0b380a232645a5a1a6d0840a25c5ce,GMKtec,GMKtec G3S Intel® Alder Lake N95 Mini PC,249.99,249.99,USD,True,var_070a2f48cb1e4d53868bff5415cadaac,https://cdn.shopify.com/s/files/1/0715/1314/5498/files/4_de9e2d7c-089c-46c7-83c5-8b4fde0b2e03.jpg,mini PC
prd_5214472e1d634827bc666aadcf327aaf,GMKtec,GMKtec EVO-X3 AMD Ryzen™ AI Max+ 395 AI Mini PC,3799.99,3799.99,USD,True,var_2f4c065ed5c04b9ea23515671f40cb52,https://cdn.shopify.com/s/files/1/0715/1314/5498/files/1_3.jpg,mini PC
prd_4993fb90bc114d5a8bf657aff2084fe5,GMKtec,GMKtec G11 Plus AMD Ryzen™ 5 3500U Mini PC,169.99,169.99,USD,True,var_da54f7a2f5014cd184910795912cafff,https://cdn.shopify.com/s/files/1/0715/1314/5498/files/G11.jpg,mini PC
prd_af83bdfd0d0d483bbc15c2a26e7f7c3e,GMKtec,GMKtec K11 AMD Ryzen™ 9 8945HS Mini PC,709.99,709.99,USD,True,var_0aba3b604fc64d21a542709b0301f730,https://cdn.shopify.com/s/files/1/0715/1314/5498/files/1_199c5fdf-0f07-4bcb-9636-463165f5ed8e.png,mini PC
prd_dfc740d42e504677a143ff3887cbbd27,GMKtec,GMKtec G5 Intel® Alder Lake N97 Mini PC,209.99,209.99,USD,True,var_081c43a07b514bce9240fff9ce1ab330,https://cdn.shopify.com/s/files/1/0715/1314/5498/files/f32441e490cd442a34f21c1c13ffea55.avif,mini PC
prd_a50685f7ca5b4008ac58c13ca1e65361,GMKtec,GMKtec NucBox 2 Plus Intel® 11th i5 1135G7 Mini PC,259.99,259.99,USD,True,var_f038eafa376d490f9f8cf0043e0adf82,https://cdn.shopify.com/s/files/1/0715/1314/5498/files/1_ac493b49-764e-41df-bbda-f73c5106520a.avif,mini PC
prd_90699c49b0764f2daf75359c14502799,GMKtec,GMKtec G2 Plus Intel® Twin Lake N150 Mini PC,239.99,239.99,USD,True,var_23937f6df1634b018e46960a94be90b3,https://cdn.shopify.com/s/files/1/0715/1314/5498/files/91f53fa1038b5eac3b1fa90cf7c67317.avif,mini PC
prd_1a5a86acff0d45949da3ae42f60886e3,Tech For Less,HP B0YH5UP Elite Mini 800 G9  Desktop PC,782.97,782.97,USD,True,var_0e67ce283aac459c96ea10d912098cfa,https://cdn.shopify.com/s/files/1/0725/7020/8392/files/99d470bd-6d5a-4737-9919-72af492f69ba.jpg,mini PC
prd_575d23d71e3c4171830e101ea7d9e9e8,GMKtec,GMKtec EVO-X1 AMD Ryzen™ AI 9 HX 370 AI Mini PC,1149.99,1149.99,USD,True,var_1ba0f8891be24eb8867f5910f4c0e0a1,https://cdn.shopify.com/s/files/1/0715/1314/5498/files/GMKtec-EVO-X1.jpg,mini PC
prd_cd9359909d7b40019b4efd4f4e40e683,GMKtec,GMKtec G9 Intel® Twin Lake N150 Dual-system 4-bay NAS Mini PC,289.99,289.99,USD,True,var_06b9e0a0d1254d7a8ed20c686e9b4e07,https://cdn.shopify.com/s/files/1/0715/1314/5498/files/8149ac6457e26732cae69312e3d702df.webp,mini PC
prd_b647f7cc542c4e43ae19610b8dda6b40,GMKtec,GMKtec NucBox M2 Mini PC Intel® 11th Core™ i7 11390H,269,269,USD,True,var_2a876352578345bfbbe7b5d75039ae9b,https://cdn.shopify.com/s/files/1/0715/1314/5498/files/1.avif,mini PC
prd_4702f4ffc9234981be2e608163aa6be7,GMKtec,GMKtec EVO-T1 Intel® Core™ Ultra 9 285H AI Mini PC,829.99,829.99,USD,True,var_c876920b53bd40f99d071a69c27dd12a,https://cdn.shopify.com/s/files/1/0715/1314/5498/files/5f51b092560a1fbb19751116ce47080f.webp,mini PC
prd_2179108b4d9c460e9ef9894c01778659,Tech For Less,Dell Latitude 5450 GXHJ4 14 Inches Laptop,1086.97,1086.97,USD,True,var_796bbcbf21f643e4975b731eed670690,https://cdn.shopify.com/s/files/1/0725/7020/8392/files/622d69a2-e81c-4bc6-9198-167bdadaa378.jpg,laptop
prd_ba405311d30c4659896829a3931d90ae,Tech For Less,Lenovo Thinkpad X1 Carbon Gen 11 21HM000JUS 14 Inches Full HD Laptop,1800.49,1800.49,USD,True,var_1a43295f48484a068f7efe88112004be,https://cdn.shopify.com/s/files/1/0725/7020/8392/files/400c4981-030f-4592-bc1d-27f2941a40e2.jpg,laptop
prd_78412758ccd2446fbe8fdf4b8a5f7185,Tech For Less,Dell Latitude 5320 L5320-DQHSQ93 13.3-inch Laptop,318.97,318.97,USD,True,var_7489baac3d564078825df2ac99d3d518,https://cdn.shopify.com/s/files/1/0725/7020/8392/files/9dedb91a-772c-4b6b-9da9-62aa5d5f8f77.jpg,laptop
prd_c43d2594b9134ad9a4aa7d8b481702af,Tech For Less,Lenovo 21MMS0GG00 ThinkPad T14 Gen 5 Laptop,1309.49,1309.49,USD,True,var_080583b9eb344e819bc0b3869c8adcb7,https://cdn.shopify.com/s/files/1/0725/7020/8392/files/5c4b67fc-42fa-4fe4-9da0-b5198d326ef1.jpg,laptop
prd_f01f609acb054a61a3bdd70c8926f0a9,Tech For Less,Lenovo ThinkPad E16 Gen 3 21SSS2LX00 16.0 inches LCD Laptop,979.97,979.97,USD,True,var_800b460426374212814373577b7fd335,https://cdn.shopify.com/s/files/1/0725/7020/8392/files/8c821cc1-5d0b-4790-817e-8e3659378680.jpg,laptop
prd_0ecd21c16fbf474fa1789ccb5b280e34,Tech For Less,Lenovo ThinkPad T16 Gen 4 21QFS1E700 16.0 inches LCD Laptop,1455.49,1455.49,USD,True,var_a19c1f9d2582477c9d5e0c8712fea406,https://cdn.shopify.com/s/files/1/0725/7020/8392/files/2c788a2d-b4d5-49b5-bb4f-ade028424e52.jpg,laptop
prd_0ebbb70301e5409c8f39f6c4fe92ccd5,Tech For Less,Dell Pro 14 Plus PB14250 HC6M1 14 Inches WUXGA Laptop,1872.97,1872.97,USD,True,var_3e888328c4584f9aba003a30671e8f4d,https://cdn.shopify.com/s/files/1/0725/7020/8392/files/7deb67ae-b5cc-456c-9f6a-e7ee94af2005.jpg,laptop
prd_1afb6c9f137a4106a7fc00d7150fee43,Tech For Less,Dell Pro 14 PC14250 FCXDR 14.0 Inches Laptop,987.97,987.97,USD,True,var_95fb774342274a9bbf357934da7edec7,https://cdn.shopify.com/s/files/1/0725/7020/8392/files/8ead1397-cd79-4927-a2ce-b1383f4a1ad3.jpg,laptop
prd_bdbcf99284e94b0b80801b5576890adf,Tech For Less,Dell Pro 16 PC16250 Laptop,1298.97,1298.97,USD,True,var_c06d1b3ee50846309229fd01ae147e02,https://cdn.shopify.com/s/files/1/0725/7020/8392/files/51837207-0e5b-4755-87bc-5c0f2e0f35b8.jpg,laptop
prd_27e82a5adea842559aacfdd03b3ad814,Tech For Less,Dell Latitude 5000 5450 Notebook WV43H 14 Inches Full HD Laptop,624.97,624.97,USD,True,var_4514c7bf470d4911bae6df97f9e14f33,https://cdn.shopify.com/s/files/1/0725/7020/8392/files/2f59aac1-709e-46aa-87f6-1f4239561ddc.jpg,laptop
prd_b54c3bf374be4d4184f8ad3a0301058e,Tech For Less,Dell Pro C7G6J 16 PC16250 16.0 Inches Touchscreen LCD Laptop,1583.49,1583.49,USD,True,var_3b05bdd4314b48f496801b07ed377ecd,https://cdn.shopify.com/s/files/1/0725/7020/8392/files/31ecb2fc-3018-4b46-8426-4f0b4e5b0375.jpg,laptop
prd_99bd1aac23ec4f7eb361ff4b22af72da,Tech For Less,Dell Latitude 5540 Laptop,815.97,815.97,USD,True,var_09f2e6c7fbca4364bd9a56ddbf42ad68,https://cdn.shopify.com/s/files/1/0725/7020/8392/files/0ea6bb82-1ef2-4e3b-8b85-2f5957fe61a5.jpg,laptop
prd_10f8bcf7f09444f6a292bea07d57035a,Tech For Less,Lenovo ThinkPad X1 Carbon Gen 13 21NYS2WT00 14 Inches WUXGA Laptop,2087.49,2087.49,USD,True,var_b989140942cd413ab1630ff07a9c168e,https://cdn.shopify.com/s/files/1/0725/7020/8392/files/ffd69863-e792-4cd2-a2d2-349458d484a4.jpg,laptop
prd_df3294f26fff4649bd1bc8f70b4d13c1,Tech For Less,Dell Pro 14 PC14250 1K04G 14.0 Inches LCD Laptop,1888.97,1888.97,USD,True,var_0a595dc2060648e0ab67ca762c9e26a5,https://cdn.shopify.com/s/files/1/0725/7020/8392/files/445d5b16-ba55-4fb2-9dd8-dcba5d766e71.jpg,laptop
prd_03edfbc445a94f54a2042b5789e74a26,Tech For Less,Dell Latitude 5540 VDG79 15.6 inches LCD Full HD Laptop,590.49,590.49,USD,True,var_c1dc4c22a41b45a0bf36b8fb1da99d59,https://cdn.shopify.com/s/files/1/0725/7020/8392/files/3c4d43a9-f52d-453f-8646-e2b936a5c73a.jpg,laptop
prd_c3d7e7e987174bf5b6167a8b42eca707,Tech For Less,Dell Pro V2T7P 15 Essential PV15250 15.6 Inches LCD Laptop,1053.49,1053.49,USD,True,var_d46abc881fd64d78ab1e4a140454a8b1,https://cdn.shopify.com/s/files/1/0725/7020/8392/files/6ec7d81a-3ee7-4b8c-b2cc-55de4d83b3be_16484998-d78a-4c79-8b8b-af89d097ef0c.jpg,laptop
prd_3faec7777eda47a98c3b473cfbb7ec15,Tech For Less,Dell Latitude 5540 0XM4C  15.6-inches Laptop,470.97,470.97,USD,True,var_fff650b5ef494f3c9efc594327559863,https://cdn.shopify.com/s/files/1/0725/7020/8392/files/e3fbd7db-6d0b-4c4c-92fe-dba50006b0bd.jpg,laptop
prd_8f72f60ea37a4e8d944cd6b2f156ff98,Tech For Less,Dell Pro MC9P0 Rugged 14 RB14250 14.0 Inches LCD Laptop,2439.49,2439.49,USD,True,var_84897f11afd944e9ae5b46b5ab2d1830,https://cdn.shopify.com/s/files/1/0725/7020/8392/files/aa68ef71-ab6a-40b5-9e26-4e78b37c2a10.jpg,laptop
prd_e5a97b06184e476eaf235c891f810e88,Tech For Less,Dell Pro 14 Plus PB14250 RHRW8 14.0 Inches LCD Laptop,1713.97,1713.97,USD,True,var_7ad94da8ac26432190dc796abbbed6a6,https://cdn.shopify.com/s/files/1/0725/7020/8392/files/4b777924-ee1c-471d-9367-0f5a01fd4723.jpg,laptop
prd_37e3215b9def42a185b22f6d253d0e06,Tech For Less,Dell Pro 14 Premium PA14250 FK5CT 14 Inches Full HD Plus Laptop,1853.97,1853.97,USD,True,var_a2b981bd39334c8c9cc2fd0f11b4e99f,https://cdn.shopify.com/s/files/1/0725/7020/8392/files/103df38a-5a89-4def-b9fc-07ebe04409cc.jpg,laptop
prd_159a7a785adb4adf8a376c4f2ef5b8c5,Tech For Less,Dell Pro F3VY5 14 Plus PB14250 14.0 Inches Touchscreen LCD Laptop,1228.49,1228.49,USD,True,var_022eddcae74a4d66b60a1d4c7bd454ea,https://cdn.shopify.com/s/files/1/0725/7020/8392/files/90d30003-7737-4ac8-96df-3d9733904ed1.jpg,laptop
prd_6c69aa9116894b9b8604155fbcac7ad0,Tech For Less,Apple MacBook Air M3 2024 MXCR3LL/A 13.6 Inches Laptop,1022.49,1022.49,USD,True,var_a81169ca8ca647e18bfaa70ae3c2f99e,https://cdn.shopify.com/s/files/1/0725/7020/8392/files/c4b9daad-b0de-4ba3-ad43-1d1011dd9dc0.jpg,laptop
prd_3a6061350a5e4e2bbfe9efff947d369c,Tech For Less,Dell Pro 15 Essential PV15250 0WR3Y 15.6 inches LCD Laptop,912.97,912.97,USD,True,var_047c23ae06d4480180edecdbd4d15e77,https://cdn.shopify.com/s/files/1/0725/7020/8392/files/a8f85015-4e75-4dcb-a44c-beabac8f095b.jpg,laptop
prd_68c46980b81b471d8ed6e10e99510d34,Tech For Less,HP D0SN9UA 14-dq6105dx 14.0 Inches LCD Laptop,258.97,258.97,USD,True,var_dbcc8c36f34a42158324577250156e23,https://cdn.shopify.com/s/files/1/0725/7020/8392/files/e1aab787-4777-4f56-9933-36a6c6a71b4f.jpg,laptop
prd_61b4b7a071384ba080f24b408dc240c3,Tech For Less,Microsoft EP2-37082 Surafce Laptop 7 5G 13.8 Inches Touchscreen LCD,1736.97,1736.97,USD,True,var_baad99ad4cbe4a2390660f96c37daf57,https://cdn.shopify.com/s/files/1/0725/7020/8392/files/bc5d4da2-90f6-47b1-8b38-7efff4a0eb04.jpg,laptop
prd_f2f5abdb27624fa8873c3de1b4058c5b,Tech For Less,Dell Latitude 5000 5450 14 Inches Full HD Notebook,900.49,900.49,USD,True,var_63d2302a1bd74b0f99f6c18d97a4b27f,https://cdn.shopify.com/s/files/1/0725/7020/8392/files/ad6b58b8-9db6-4e22-bee9-6a56084d8c9d.jpg,laptop
prd_b9541580a10c400d9a3260b6e839742d,Tech For Less,Dell Latitude 5530 V9MN4 15.6 Inches Full HD Notebook,510.49,510.49,USD,True,var_d7b4f87ef6484c8c9f25eaad57085caf,https://cdn.shopify.com/s/files/1/0725/7020/8392/files/618b4e8e-031b-4a88-b59e-5d0768e23b18.jpg,laptop
prd_d3d7d12ac38442a0b0525546ebc77b7b,Tech For Less,Dell Alienware X16 R2 Gaming Laptop,2308.97,2308.97,USD,True,var_24f5e1ededb14de8b91d85b31da17495,https://cdn.shopify.com/s/files/1/0725/7020/8392/files/7ef5bde0-8bd7-43af-bef9-7a0837b5c235.jpg,gaming laptop
prd_87bb048a43c743a19ef0e6ffb7763f2f,Tech For Less,Microsoft EP2-37082 Surafce Laptop 7 5G 13.8 Inches Touchscreen LCD,1736.97,1736.97,USD,True,var_a2e35dac1c674ec6be98be482d01f227,https://cdn.shopify.com/s/files/1/0725/7020/8392/files/bc5d4da2-90f6-47b1-8b38-7efff4a0eb04.jpg,gaming laptop
prd_8915dc85c9554dafa429f85ffec81616,Tech For Less,Dell Pro 16 Plus 9JDW2 PB16250 16 Inches LCD Laptop,960.49,960.49,USD,True,var_cd7b137467814a26bba03a73b6c923fb,https://cdn.shopify.com/s/files/1/0725/7020/8392/files/3faa87cb-0e44-4aac-95cb-edd1a5ad64a1.jpg,gaming laptop
prd_d00e31b86159485cb33efcd1947fc1dc,Tech For Less,Lenovo 21MMS0GG00 ThinkPad T14 Gen 5 Laptop,1309.49,1309.49,USD,True,var_2c8f9f32e3de4742992591b129f62662,https://cdn.shopify.com/s/files/1/0725/7020/8392/files/5c4b67fc-42fa-4fe4-9da0-b5198d326ef1.jpg,gaming laptop
prd_1368b7ec519c48b5bc28e407268e43bf,Tech For Less,Lenovo ThinkPad X1 Carbon Gen 13 21NYS2WT00 14 Inches WUXGA Laptop,2087.49,2087.49,USD,True,var_d065572482e94e788dfa37ed329edb2b,https://cdn.shopify.com/s/files/1/0725/7020/8392/files/ffd69863-e792-4cd2-a2d2-349458d484a4.jpg,gaming laptop
prd_03a9b547cf3746f79123871812e5b9e5,Tech For Less,Lenovo ThinkPad E16 Gen 3 21SSS2LX00 16.0 inches LCD Laptop,979.97,979.97,USD,True,var_c4540016b4f04f98ad5a2d623a9388e6,https://cdn.shopify.com/s/files/1/0725/7020/8392/files/8c821cc1-5d0b-4790-817e-8e3659378680.jpg,gaming laptop
prd_ab8a73853e294d15a1c6a00a875707b2,Arzopa,"Arzopa Z3FC 16.1"" 2.5K 180Hz Portable Gaming Monitor FreeSync",169.99,169.99,USD,True,var_7b6ad25cb18844759319031ced876436,https://cdn.shopify.com/s/files/1/0570/9280/0675/files/arzopa-z3fc-161-25k-180hz-portable-gaming-monitor-freesync-1772066.jpg,monitor
prd_1057bb0122a743e0b97d2e5b9aeb59eb,Arzopa,"Arzopa Z1FC 16.1"" 144Hz IPS Laptop Portable Monitor",129.99,129.99,USD,True,var_567af544760e4a5e86389577a7498b23,https://cdn.shopify.com/s/files/1/0570/9280/0675/files/arzopa-z1fc-161-144hz-ips-laptop-portable-monitor-5637882.jpg,monitor
prd_5e41ebc30d764d5c9bac706696d9ee2c,UPERFECT,"GR14BU | 14"" 3K OLED 120Hz Gaming Monitor Portable Touchscreen Display",399.99,399.99,USD,True,var_684edbd0400d4e41a7d450636f9000bf,https://cdn.shopify.com/s/files/1/0039/6387/9494/files/a05dcca636b8c3c10d08a77d44cec48c.png,monitor
prd_bd6fa94f1628469caf2a30e35df81b0c,UPERFECT,GR185BF | 18.5 Inch 120Hz Gaming Monitor NxtLED™ 1080P Display Eye Care  Display,219.99,219.99,USD,True,var_8c7d333e72194deabc644f2773e80934,https://cdn.shopify.com/s/files/1/0039/6387/9494/files/02_9edb1c9c-0659-41c2-b183-a86fca19a631.webp,monitor
prd_49bc9ff53f9d463c9ee0611078d84be0,UPERFECT,GR16CQ | 16 Inch 2K 240Hz Gaming Monitor Ultra-Smooth QLED HDR Display,349.99,349.99,USD,True,var_94f76174f4d54ff39d507c3ef206d419,https://cdn.shopify.com/s/files/1/0039/6387/9494/files/01_c9b0c587-8b4b-4a66-97cf-142a4a108b2d.png,monitor
prd_c221cbba455f40afacfe5444961d0fa4,UPERFECT,BE238DU | 23.8 Inch 4K Touch Screen Monitor for Portable Productivity,549.99,549.99,USD,True,var_c328a6635a614107a388e342da7b0794,https://cdn.shopify.com/s/files/1/0039/6387/9494/files/M238T05.png,monitor
prd_8d4500f0fd7945938f644e551749bf11,UPERFECT,GR16HQ | OLED Portable Monitor 16:10 Gaming Monitor 16 Inch 3K Display 120Hz,499.99,499.99,USD,True,var_b794b8ccb0194bf9bc01a885fe5688b2,https://cdn.shopify.com/s/files/1/0039/6387/9494/files/uperfect-16-inch-3k-oled-120hz-portabke-monitor-160b03_6_dc75c2e4-f229-4b06-a586-3dc132be0dd9.webp,monitor
prd_3d63c8e398aa495abe0469db3de24be2,Arzopa,Arzopa A1 15.6 Inch FHD Lightweight Portable Travel Monitor,79.99,79.99,USD,True,var_709f7710b5bd4a4b85af75be1386ec7d,https://cdn.shopify.com/s/files/1/0570/9280/0675/files/arzopa-a1-156-inch-fhd-lightweight-portable-travel-monitor-8711828.png,monitor
prd_5b58b2c75c524cb4a63d646e95021a93,UPERFECT,ZX245CQ | 24.5 Inch 2K Portable Gaming Monitor 165Hz Wall Mounted IPS Desktop Display,489.99,489.99,USD,True,var_e84ef4fdc8c5438b9edbcda59a9c7e63,https://cdn.shopify.com/s/files/1/0039/6387/9494/files/UMax-24---24-Inch-2K-Desktop-Monitor-165Hz-Wall-Mounted-IPS-Computer-Display-_5.webp,monitor
prd_b3e30da3bbd6467a984380b06199e815,UPERFECT,BE238DF | 23.8 Inch 120Hz Business Monitor 1080P HDR Mountable Portable Computer Display,319.99,319.99,USD,True,var_75ee0eda297542938e2c84e0d6acd729,https://cdn.shopify.com/s/files/1/0039/6387/9494/files/UMax_23_-_23.8_Inch_120Hz_Portable_Computer_Monitor_1080P_HDR_Mountable_Display_7.webp,monitor
prd_675289f7a6dd465cb0ec029584e71bc4,UPERFECT,GR16EQ | 2K 144Hz Gaming Monitor 16 Inch Portable Display 100%sRGB,199.99,199.99,USD,True,var_6d1aa935a32a40cc9f73aeb3af8a775d,https://cdn.shopify.com/s/files/1/0039/6387/9494/files/uperfect-16-inch-2k-144hz-monitor-160t04_3.png,monitor
prd_873957da2273469282eb7a370addd973,Pixio,PX278 Wave Gaming Monitor,289.99,289.99,USD,True,var_40f7e98ffe094268bd46c984dc4b2272,https://cdn.shopify.com/s/files/1/1208/4426/files/PX278WAVEW_Back.png,monitor
prd_a56656e2c07247898f74ccb736a9133f,Pixio,Pixio PX248 Wave 24-inch FHD 200Hz Fast IPS Gaming Monitor,199.99,199.99,USD,True,var_7f3d60d184214cd18f437065e6e83a87,https://cdn.shopify.com/s/files/1/1208/4426/files/PX248WAVEW_Back.webp,monitor
prd_0fe6234da4e74d2a9e73526da1c65930,Pixio,PX246 Wave 24-inch Gaming Monitor,169.99,169.99,USD,True,var_f117e0a4019944a095d25730a3b9e19c,https://cdn.shopify.com/s/files/1/1208/4426/files/PX246WAVE_Back.webp,monitor
prd_6efd826f9e8d46baba3a475c7252b17c,Pixio,"Pixio PX278 Wave 27-inch QHD 180Hz Fast IPS Gaming Monitor, Certified Refurbished",199.99,199.99,USD,True,var_9775e7659c7247b58aeb0f5a6eb11e96,https://cdn.shopify.com/s/files/1/1208/4426/files/PX278WAVEW.png,monitor
prd_7f510e12194540848a7776e52ee7a73b,Tech For Less,Dell Pro (Dell 210-BRJC) Plus P3225QE 32 Inches 4K UHD Monitor,470.97,470.97,USD,True,var_dd6b7c26f4bd457da7b436cc9cc31cf8,https://cdn.shopify.com/s/files/1/0725/7020/8392/files/d213b51b-b169-410f-84f3-92b7f29a45b8.jpg,monitor
prd_7fcbc6bd5c134331a0c8c6458fc5323b,UPERFECT,BE16CU | 16 Inch 4K Business Monitor HDR Screen with 1200 nits  Sunlight Readable Display,279.99,279.99,USD,True,var_1d161b11303341b2bbcdb15e8f940998,https://cdn.shopify.com/s/files/1/0039/6387/9494/files/16_inch_4k.png,monitor
prd_addb15eb075646178631e3f85db93889,UPERFECT,"BE156EF | 15.6"" Wireless Business Monitor 1080P FHD Display with Bluetooth Keyboard Portable Display",199.99,199.99,USD,True,var_30fff57b713b4aa08db03695e94c4343,https://cdn.shopify.com/s/files/1/0039/6387/9494/files/01_ced57c25-403b-4517-b804-112e2874ce30.webp,monitor
prd_114de4e0987f4108bac38ad778045a95,UPERFECT,"BE157BU | 15.7"" 4K Touchscreen for PC Smooth UHD Business Monitor HDR Portable Display",299.99,299.99,USD,True,var_bfcbbacc3336489ba8d63971fb5f1f03,https://cdn.shopify.com/s/files/1/0039/6387/9494/files/02_b7188257-e05f-437e-9f04-83b7bf3e93a2.webp,monitor
prd_c0dd42d40d5f4afcaf4e26d03eb19225,UPERFECT,BE14BQ | 1440P Business Monitor 3:2 Display 14 Inch 2K QHD Portable,319.99,319.99,USD,True,var_092360ffa5184e96a12f6952685f98e3,https://cdn.shopify.com/s/files/1/0039/6387/9494/files/uperfect-3-2-monitor-1440p-ips-gaming-140j03_10.png,monitor
prd_932e16e9b77c4d0284b3e3d51e1b743f,Arzopa,"Arzopa Z1C PLUS 17.3"" Large 1080p Portable Monitor",119.98,119.98,USD,True,var_5d8e7c6112724b69ac73d565a8804c8b,https://cdn.shopify.com/s/files/1/0570/9280/0675/files/arzopa-z1c-plus-173-large-1080p-portable-monitor-3501420.png,monitor
prd_e692fe0b03834ad5ae44972f689c6861,Pixio,PX249 Wave 24-inch 240Hz Gaming Monitor,209.99,209.99,USD,True,var_d5c2d3bf2ab94aa89ab317ac8b450af3,https://cdn.shopify.com/s/files/1/1208/4426/files/PX249WAVE.png,monitor
prd_07b71885d39245df904f87009bafb7da,Pixio,PXC248 Wave 24-inch Curved Gaming Monitor - Certified Refurbished,123.99,123.99,USD,True,var_9b22dc8b180f4809a28514c7454e1590,https://cdn.shopify.com/s/files/1/1208/4426/files/PXC248WAVE_001.png,monitor
prd_6b799457fcf64d5b91bd576ee268b4be,Arzopa,"Arzopa Z3FC 16.1"" 2.5K 180Hz Portable Gaming Monitor FreeSync",169.99,169.99,USD,True,var_e37a4355d362465f87a1c7dad62f1b4d,https://cdn.shopify.com/s/files/1/0570/9280/0675/files/arzopa-z3fc-161-25k-180hz-portable-gaming-monitor-freesync-1772066.jpg,gaming monitor
prd_816bdd096b6145889468d151ac979562,UPERFECT,GR16CQ | 16 Inch 2K 240Hz Gaming Monitor Ultra-Smooth QLED HDR Display,349.99,349.99,USD,True,var_360d0fd57b784c4cb8e5e7b0435fe111,https://cdn.shopify.com/s/files/1/0039/6387/9494/files/01_c9b0c587-8b4b-4a66-97cf-142a4a108b2d.png,gaming monitor
prd_b40eab7ed91044f5a60d05469af39df1,UPERFECT,GR16EQ | 2K 144Hz Gaming Monitor 16 Inch Portable Display 100%sRGB,199.99,199.99,USD,True,var_d6e84c1197f2498087471f86c6ac9cee,https://cdn.shopify.com/s/files/1/0039/6387/9494/files/uperfect-16-inch-2k-144hz-monitor-160t04_3.png,gaming monitor
prd_34941cba44e94a1a96c695b6db65a825,UPERFECT,ZX245CQ | 24.5 Inch 2K Portable Gaming Monitor 165Hz Wall Mounted IPS Desktop Display,489.99,489.99,USD,True,var_bec10ee860764acf801b27529f83403e,https://cdn.shopify.com/s/files/1/0039/6387/9494/files/UMax-24---24-Inch-2K-Desktop-Monitor-165Hz-Wall-Mounted-IPS-Computer-Display-_5.webp,gaming monitor
prd_7f0287df9e47440ba82ad369037b6af3,UPERFECT,GR185BF | 18.5 Inch 120Hz Gaming Monitor NxtLED™ 1080P Display Eye Care  Display,219.99,219.99,USD,True,var_eafc3536deaa41359c6be521d4a58bff,https://cdn.shopify.com/s/files/1/0039/6387/9494/files/02_9edb1c9c-0659-41c2-b183-a86fca19a631.webp,gaming monitor
prd_471c041055bf4b6ea0fb1e8da2b15bfd,UPERFECT,"GR14BU | 14"" 3K OLED 120Hz Gaming Monitor Portable Touchscreen Display",399.99,399.99,USD,True,var_9329d5ec99b04c72878bb83e2c2f4fdf,https://cdn.shopify.com/s/files/1/0039/6387/9494/files/a05dcca636b8c3c10d08a77d44cec48c.png,gaming monitor
prd_1cbbf961664744258323d9085afcab33,UPERFECT,GR16HQ | OLED Portable Monitor 16:10 Gaming Monitor 16 Inch 3K Display 120Hz,499.99,499.99,USD,True,var_de5cb6a85f3e4c189776aea9e85e15c0,https://cdn.shopify.com/s/files/1/0039/6387/9494/files/uperfect-16-inch-3k-oled-120hz-portabke-monitor-160b03_6_dc75c2e4-f229-4b06-a586-3dc132be0dd9.webp,gaming monitor
prd_63a466d5eea44b86afcc53af513cade9,UPERFECT,GR156BF | 120hz Steam Deck External Gaming Monitor 15.6 Inches Portable Gaming Second Screen,269.99,269.99,USD,True,var_647022c077ca42c29dc4c47a26d39b18,https://cdn.shopify.com/s/files/1/0039/6387/9494/files/uperfect-120hz-steam-deck-external-monitor-15_7.png,gaming monitor
prd_4e3e4bc6c4a2404390530d6a90384f4b,UPERFECT,BE184CU | 18 Inch Business Monitor 4K Large Gaming Display for Starfield,409.99,409.99,USD,True,var_f3bcd13e2c204df0a3163f29d485831e,https://cdn.shopify.com/s/files/1/0039/6387/9494/files/uperfect-18-inch-4k-portable-monitor-_8.png,gaming monitor
prd_f35f5d959a044605abb42544582164c8,Pixio,Pixio PX248 Wave 24-inch FHD 200Hz Fast IPS Gaming Monitor,199.99,199.99,USD,True,var_c5a01fe9163e414a9c6c4eb2de699e88,https://cdn.shopify.com/s/files/1/1208/4426/files/PX248WAVEW_Back.webp,gaming monitor
prd_532033a3ac5f432f8286eb8f86b261b5,Pixio,PX278 Wave Gaming Monitor,289.99,289.99,USD,True,var_f541b17585054f108ba8bf57215b49b1,https://cdn.shopify.com/s/files/1/1208/4426/files/PX278WAVEW_Back.png,gaming monitor
prd_607710b6ef184b3f9d8a12986fa2e737,Pixio,PX249 Wave 24-inch 240Hz Gaming Monitor,209.99,209.99,USD,True,var_f2a2528d5bf64e15b4d12f08a8378d31,https://cdn.shopify.com/s/files/1/1208/4426/files/PX249WAVE.png,gaming monitor
prd_03086147989e4e4fb6593eaefcae7b7c,Pixio,PXC348C Neo Ultra Wide Curved Productivity Gaming Monitor,359.99,359.99,USD,True,var_f532c9fc7c6140fc98aaa4ac9da62b1c,https://cdn.shopify.com/s/files/1/1208/4426/files/PXC348CN-001.png,gaming monitor
prd_d6d7630e2eb84cb6af1608b67452ee23,Pixio,PX246 Wave 24-inch Gaming Monitor,169.99,169.99,USD,True,var_92f42690bef34074b984c7c526fe05bd,https://cdn.shopify.com/s/files/1/1208/4426/files/PX246WAVE_Back.webp,gaming monitor
prd_6ad606c8c7d24940abb6dd4855ee799b,Pixio,PX277 OLED MAX V2 Gaming Monitor,699.99,699.99,USD,True,var_24fb060100e64508ba1e238a32d761e9,https://cdn.shopify.com/s/files/1/1208/4426/files/PX277OLEDMAXV2_b2c0ae5e-f083-4303-8f82-a167e4a42460.png,gaming monitor
prd_6df940dd0d014892a2f9dc5174334322,Pixio,PXC248 Wave 24-inch Curved Gaming Monitor,199.99,199.99,USD,True,var_4a99345a93354a9b9146a244a3beafae,https://cdn.shopify.com/s/files/1/1208/4426/files/PXC248WAVE_002.png,gaming monitor
prd_71a6556b3516404a88e56267a2818f57,Arzopa,"Arzopa Z1FC 16.1"" 144Hz IPS Laptop Portable Monitor",129.99,129.99,USD,True,var_b0bb6943513845f5a1ab786ea9c58185,https://cdn.shopify.com/s/files/1/0570/9280/0675/files/arzopa-z1fc-161-144hz-ips-laptop-portable-monitor-5637882.jpg,gaming monitor
prd_0b25633d9bd84b2c8e40ef0d432edbf5,Arzopa,"Arzopa Z1FC Gray 16.1"" 144Hz Portable Monitor with Sleeve Bag",129.99,129.99,USD,True,var_96e6992e894a421fa898969bf081ab70,https://cdn.shopify.com/s/files/1/0570/9280/0675/files/arzopa-z1fc-gray-161-144hz-portable-monitor-with-sleeve-bag-3282858.png,gaming monitor
prd_b42578a728d243abb3105d125439e0d6,UPERFECT,GR16DQ | 120Hz Gaming Monitor 1600P 16 Inch Display VESA,189.99,189.99,USD,True,var_478c8b16ffda43a8b8e58d16157fda99,https://cdn.shopify.com/s/files/1/0039/6387/9494/files/UGame_C2_-_120Hz_Gaming_Monitor_1600P_16_Inch_Display_VESA_4_7a68bc16-1317-4c62-9d3b-c5ddd4f0a0d0.webp,gaming monitor
prd_22d52a68a0ff4b8198c4d666dc0a510f,Pixio,PX258 Hayabusa Competitive Gaming Monitor,319.99,319.99,USD,True,var_6b4e8ddfceb642ac8ea665cfacc9fc7d,https://cdn.shopify.com/s/files/1/1208/4426/files/PX258H.png,gaming monitor
prd_db2a354a76e4467c89ffe57fe919349b,Pixio,PX279 Wave Gaming Monitor,289.99,289.99,USD,True,var_2a46ab009984421694df8beaed841f13,https://cdn.shopify.com/s/files/1/1208/4426/files/PX279WAVEW_Back.png,gaming monitor
prd_8378673bada04c94a30695e6e3807a3f,Pixio,"Pixio PX27UM Mini LED White 27"" Dual Mode Gaming Monitor",599.99,599.99,USD,True,var_12774f69134649668c3a759d72bb9278,https://cdn.shopify.com/s/files/1/1208/4426/files/PX27UMW_001.jpg,gaming monitor
prd_4b263a330f434b14849ac11e8c784ffa,Arzopa,"Arzopa Z1FC 16.1"" 144Hz IPS Laptop Portable Monitor",129.99,129.99,USD,True,var_645142de7dab42c7b516a978619f4f05,https://cdn.shopify.com/s/files/1/0570/9280/0675/files/arzopa-z1fc-161-144hz-ips-laptop-portable-monitor-5637882.jpg,portable monitor
prd_7079352f0828489987be87bdf05310a1,Arzopa,Arzopa A1 15.6 Inch FHD Lightweight Portable Travel Monitor,79.99,79.99,USD,True,var_2369240b8c54433ea4f1552e81bc6237,https://cdn.shopify.com/s/files/1/0570/9280/0675/files/arzopa-a1-156-inch-fhd-lightweight-portable-travel-monitor-8711828.png,portable monitor
prd_e3050b23eb9348169f5ca30c267632f7,UPERFECT,BE185GF | 18.5 Inch 1080P 60Hz Wireless Touchscreen Portable Monitor,299.99,299.99,USD,True,var_9e540c70afd24a47a21057562e85a73f,https://cdn.shopify.com/s/files/1/0039/6387/9494/files/M185T12.png,portable monitor
prd_1bb7ecc7b4a84ac68cc89627b84a4fb9,Arzopa,"Arzopa A1M 17.3"" Large 1080p Portable Monitor",116.99,116.99,USD,True,var_863f4917afd0477fa76341ff26186fea,https://cdn.shopify.com/s/files/1/0570/9280/0675/files/arzopa-a1m-173-large-1080p-portable-monitor-5847100.png,portable monitor
prd_e530a6a033704197a9b939627a0d95fb,UPERFECT,"GR14BU | 14"" 3K OLED 120Hz Gaming Monitor Portable Touchscreen Display",399.99,399.99,USD,True,var_f3dc307721a84e5c9730bf8808478379,https://cdn.shopify.com/s/files/1/0039/6387/9494/files/a05dcca636b8c3c10d08a77d44cec48c.png,portable monitor
prd_d297b77b2ffe45cb8470a115760362b6,Arzopa,"Arzopa Z3FC 16.1"" 2.5K 180Hz Portable Gaming Monitor FreeSync",169.99,169.99,USD,True,var_80a81f3f94314d85b9ae2f9725415d41,https://cdn.shopify.com/s/files/1/0570/9280/0675/files/arzopa-z3fc-161-25k-180hz-portable-gaming-monitor-freesync-1772066.jpg,portable monitor
prd_6e720c28bc40434bba64e3c9a3bb487f,UPERFECT,"BE156EF | 15.6"" Wireless Business Monitor 1080P FHD Display with Bluetooth Keyboard Portable Display",199.99,199.99,USD,True,var_fe431f6906a041a0ab9377b70944f73c,https://cdn.shopify.com/s/files/1/0039/6387/9494/files/01_ced57c25-403b-4517-b804-112e2874ce30.webp,portable monitor
prd_dff78d601a674ffda2d16714a22861be,Arzopa,"Arzopa Z1RC 16"" 2.5K 16:10 Portable Monitor 123%sRGB",149.99,149.99,USD,True,var_fdf7f843bd9b4563ad60daae7369b8bb,https://cdn.shopify.com/s/files/1/0570/9280/0675/files/arzopa-z1rc-16-25k-1610-portable-monitor-123srgb-3140835.png,portable monitor
prd_d563f0f687d24b84824a9b162aa752c1,Arzopa,"Arzopa Z1C PLUS 17.3"" Large 1080p Portable Monitor",119.98,119.98,USD,True,var_d63adae24ac6493d952479cc9fbde610,https://cdn.shopify.com/s/files/1/0570/9280/0675/files/arzopa-z1c-plus-173-large-1080p-portable-monitor-3501420.png,portable monitor
prd_23a1615590344982840f19d3a30e2e37,UPERFECT,GR16HQ | OLED Portable Monitor 16:10 Gaming Monitor 16 Inch 3K Display 120Hz,499.99,499.99,USD,True,var_dc0d216730824c858c688a7977c7b3c3,https://cdn.shopify.com/s/files/1/0039/6387/9494/files/uperfect-16-inch-3k-oled-120hz-portabke-monitor-160b03_6_dc75c2e4-f229-4b06-a586-3dc132be0dd9.webp,portable monitor
prd_a53ddd7dfb684de69f1f30c0a68cc0c8,UPERFECT,BE156MF | Folding Business Monitor Dual Portable Display Bult-in Stand,379.99,379.99,USD,True,var_fa4e645fe0114ffb9f4e38573bde308a,https://cdn.shopify.com/s/files/1/0039/6387/9494/files/09_97b6c0ed-3e63-453f-84c9-47d66399b583.webp,portable monitor
prd_ca79696ff0064ddf86482c264c43b72d,Arzopa,"Arzopa Z1FC Gray 16.1"" 144Hz Portable Monitor with Sleeve Bag",129.99,129.99,USD,True,var_a521d898fda344a1b3e937f3f4edc8db,https://cdn.shopify.com/s/files/1/0570/9280/0675/files/arzopa-z1fc-gray-161-144hz-portable-monitor-with-sleeve-bag-3282858.png,portable monitor
prd_c8915375bf2340b28b8996796f89fbe5,UPERFECT,BE238DF | 23.8 Inch 120Hz Business Monitor 1080P HDR Mountable Portable Computer Display,319.99,319.99,USD,True,var_49cd638a28d24438952ba8b99f43f38a,https://cdn.shopify.com/s/files/1/0039/6387/9494/files/UMax_23_-_23.8_Inch_120Hz_Portable_Computer_Monitor_1080P_HDR_Mountable_Display_7.webp,portable monitor
prd_6b129e71a5fe48f68a67b546ff7fa738,UPERFECT,"BE156NF | OLED Business Monitor for Laptop 15.6"" 4K Portable Display",619.99,619.99,USD,True,var_62d714614fc74023b59ce1b65b2e3c7e,https://cdn.shopify.com/s/files/1/0039/6387/9494/files/1_19884fd6-a7b2-4414-a862-c12ca3d505ae.png,portable monitor
prd_0c793b4973254b84ae63f98ca1127e2b,Plugable Technologies,"Plugable USB-C Portable Monitor with Protective Case/Stand, 100W Pass-Through Charging",239.95,239.95,USD,True,var_a9557b9a2d034058be4a2e38031f1395,https://cdn.shopify.com/s/files/1/0006/9045/4575/files/main-max_591b9eaf-d63d-4e10-99c5-64004ca0b4e4.jpg,portable monitor
prd_97adcc75f08842d58ecd1a28ab9bdd55,UPERFECT,"BE157BU | 15.7"" 4K Touchscreen for PC Smooth UHD Business Monitor HDR Portable Display",299.99,299.99,USD,True,var_2ca5635259e84a4fb426f4ab89458318,https://cdn.shopify.com/s/files/1/0039/6387/9494/files/02_b7188257-e05f-437e-9f04-83b7bf3e93a2.webp,portable monitor
prd_c4658afdd6ef45a2b298147bd6be53e6,UPERFECT,"BE156RF | Vertical Business Monitor 15.6"" Portable Touch Screen Display",239.99,239.99,USD,True,var_aa43bc2d245542089a35ca4ee06b5caf,https://cdn.shopify.com/s/files/1/0039/6387/9494/files/uperfect-y-vertical-monitor-156-portable-touch-screen-display-156b03_1_a04bb899-fc97-4a7a-8efc-875ac097d06e.png,portable monitor
prd_ec8c5f5587b941f9a938172c4b147450,UPERFECT,"BE156WF | 15.6"" Wireless Touch Business Monitor 1080P FHD 60Hz Display with Battery 100% sRGB",249.99,249.99,USD,True,var_da2fca5f6e054f0ebc847a19ba918dbb,https://cdn.shopify.com/s/files/1/0039/6387/9494/files/M156J19.png,portable monitor
prd_d9294f2cb8b4406d9781fae764a2f2f5,UPERFECT,"BE156PF | Touch Screen Business Monitor 15.6"" 1080P Portable Monitor | UPERFECT",219.99,219.99,USD,True,var_760e879b35eb44e98eb09479f56235d8,https://cdn.shopify.com/s/files/1/0039/6387/9494/files/02_5c51e517-74b0-4ba2-a6c3-b23c19cb2720.webp,portable monitor
prd_a126d690786f43f1a3b49405a9bfc0b8,UPERFECT,ZX245CQ | 24.5 Inch 2K Portable Gaming Monitor 165Hz Wall Mounted IPS Desktop Display,489.99,489.99,USD,True,var_eaed940520b641a49e9a69c26e5e93c9,https://cdn.shopify.com/s/files/1/0039/6387/9494/files/UMax-24---24-Inch-2K-Desktop-Monitor-165Hz-Wall-Mounted-IPS-Computer-Display-_5.webp,portable monitor
prd_4f3d06c90fc1461eaf48b2fa73e2268b,UPERFECT,BE215BF | 21.5 Inch Business Monitor Computer Portable Display 120Hz Touchscreen 1080P,279.99,279.99,USD,True,var_e8ce0a4cbb8d449dba12cc1114d76147,https://cdn.shopify.com/s/files/1/0039/6387/9494/files/02_36868ec5-ef9b-4076-a0a2-e500677e92e9.webp,portable monitor
prd_3e3c041a2b1f424990b4791dd62ac2bb,UPERFECT,BE14BQ | 1440P Business Monitor 3:2 Display 14 Inch 2K QHD Portable,319.99,319.99,USD,True,var_f2e4669c0614445ca8c611b67945fba5,https://cdn.shopify.com/s/files/1/0039/6387/9494/files/uperfect-3-2-monitor-1440p-ips-gaming-140j03_10.png,portable monitor
prd_152c3b6ce599482da1306312a97a1640,UPERFECT,"UPERFECT 16"" 2K Laptop Triple Screen Extender Quad Portable Monitor Foldable Display",599.99,599.99,USD,True,var_2939ace61c32455d851cfdb55ab3e1b4,https://cdn.shopify.com/s/files/1/0039/6387/9494/files/UPERFECT162KLaptopTripleScreenExtenderQuadPortableMonitorFoldableDisplay_3.png,portable monitor
prd_4f5d9e2fd3fb4c3796d6de282b0cc6dc,UPERFECT,GR16EQ | 2K 144Hz Gaming Monitor 16 Inch Portable Display 100%sRGB,199.99,199.99,USD,True,var_bdfe1476dbc04d528f01709f118a114e,https://cdn.shopify.com/s/files/1/0039/6387/9494/files/uperfect-16-inch-2k-144hz-monitor-160t04_3.png,portable monitor
prd_d95165737b2a484baa83bea98038c9a3,UPERFECT,BE238DU | 23.8 Inch 4K Touch Screen Monitor for Portable Productivity,549.99,549.99,USD,True,var_b403c980598245519f641471d252ca2e,https://cdn.shopify.com/s/files/1/0039/6387/9494/files/M238T05.png,portable monitor
prd_8f5de9901c434125871807c742f6858d,UPERFECT,BE16CU | 16 Inch 4K Business Monitor HDR Screen with 1200 nits  Sunlight Readable Display,279.99,279.99,USD,True,var_13f815d03b6247d39f418ff737848a56,https://cdn.shopify.com/s/files/1/0039/6387/9494/files/16_inch_4k.png,4K monitor
prd_d649790fad70427a805c8d5bd5dc1143,UPERFECT,BE238DU | 23.8 Inch 4K Touch Screen Monitor for Portable Productivity,549.99,549.99,USD,True,var_31e3ec420641400d9960173f8cf0b0bc,https://cdn.shopify.com/s/files/1/0039/6387/9494/files/M238T05.png,4K monitor
prd_ed92c9f85745475bbcabdaa717311ae4,UPERFECT,UD19BU | 19 Inch 4K Color Accurate Monitor Designer Display for Professionals,539.99,539.99,USD,True,var_119d1e4399d6480aa5291dad48c0f1e6,https://cdn.shopify.com/s/files/1/0039/6387/9494/files/M190T03.png,4K monitor
prd_29bde9b795ca4a72b8841c54b54468cc,UPERFECT,"BE157BU | 15.7"" 4K Touchscreen for PC Smooth UHD Business Monitor HDR Portable Display",299.99,299.99,USD,True,var_141acbfb645d43f4b42c116fefd735d7,https://cdn.shopify.com/s/files/1/0039/6387/9494/files/02_b7188257-e05f-437e-9f04-83b7bf3e93a2.webp,4K monitor
prd_ca43c12a10d94b789fddc70d10ed9cf5,UPERFECT,BE184CU | 18 Inch Business Monitor 4K Large Gaming Display for Starfield,409.99,409.99,USD,True,var_8ec3a39a4a7b4ac6a6e97b71c0f492a8,https://cdn.shopify.com/s/files/1/0039/6387/9494/files/uperfect-18-inch-4k-portable-monitor-_8.png,4K monitor
prd_f1e7c8808f4649d2a9c0142e07f8441d,UPERFECT,BE173BU | UHD Business Monitor with Vesa Mount 17.3 Inch 60Hz 4K Monitor,389.99,389.99,USD,True,var_9d4aaff71eaf45998ef6c1c8b5465ce6,https://cdn.shopify.com/s/files/1/0039/6387/9494/files/UColor_J5_-_UHD_Monitor_with_Vesa_Mount_17.3_Inch_60Hz_4K_Monitor_m173j15_4.webp,4K monitor
prd_39e6605acc49443f827dafaea34dba67,UPERFECT,"BE156NF | OLED Business Monitor for Laptop 15.6"" 4K Portable Display",619.99,619.99,USD,True,var_4fcb3040f2114778aa178c7d5178452b,https://cdn.shopify.com/s/files/1/0039/6387/9494/files/1_19884fd6-a7b2-4414-a862-c12ca3d505ae.png,4K monitor
prd_16362abb97894580a603b0372cd477fb,UPERFECT,"BE156EU | 15.6"" Truely 4K Portable HDMI Business Monitor for Laptop PC",279.99,279.99,USD,True,var_c3bc906710414b31aed509f7aae0aee9,https://cdn.shopify.com/s/files/1/0039/6387/9494/files/uperfect-4k-portable-monitor-15-6-156a17_8.png,4K monitor
prd_25e4b64bcdcd4180bad52f98b2e4165f,UPERFECT,BE133BU | 13.3 inch Business Monitor with 4K OLED MacBook Display 109% DCI-P3,279.99,279.99,USD,True,var_cb63365cd8f64c00af79ac89451ce0b2,https://cdn.shopify.com/s/files/1/0039/6387/9494/files/UColor-O-Lite-13.3-inch-MacBook-Mini-Monitor-with-4K-OLED-Display-1.png,4K monitor
prd_5807ab15f3884a14940bebe90ebe4fa1,Mavigadget,4K Portable Ultra View External Monitor,289.95,289.95,USD,True,var_edced6a745be4619b5c1e08a1a089c61,https://cdn.shopify.com/s/files/1/0629/4939/2444/files/Sb41cb840897e4a109df88911aab7ef58X.jpg,4K monitor
prd_93b5f77fb1254d58aa358d653d635240,Pixio,"PX27U Wave 27"" 4K 160Hz Gaming Monitor",499.99,499.99,USD,True,var_176c9389947a45c7ba9673f30aa3f96d,https://cdn.shopify.com/s/files/1/1208/4426/files/PX27UWAVE_Back.png,4K monitor
prd_416f7a2050a1449eb0e9c23ac26de382,Tech For Less,Dell Pro (Dell 210-BRJC) Plus P3225QE 32 Inches 4K UHD Monitor,470.97,470.97,USD,True,var_fe7c99c7f4614ebb9d376f180527b337,https://cdn.shopify.com/s/files/1/0725/7020/8392/files/d213b51b-b169-410f-84f3-92b7f29a45b8.jpg,4K monitor
prd_a5d7a9ecea7e49e4a7d0204030d73eea,Pixio,"PX32U Wave 32"" 4K 144Hz Gaming Monitor",539.99,539.99,USD,True,var_d34e93b978c34f629357699666ab5c0b,https://cdn.shopify.com/s/files/1/1208/4426/files/PX32UWAVE_Back.png,4K monitor
prd_e48aa421be4a46f7b658739fe608dfee,Pixio,"Pixio PX27UM Mini LED White 27"" Dual Mode Gaming Monitor",599.99,599.99,USD,True,var_748894451d1e4b508ada2296012ae290,https://cdn.shopify.com/s/files/1/1208/4426/files/PX27UMW_001.jpg,4K monitor
prd_ad19546a2a4c493b8909c287d5751ff1,UPERFECT,ZX27BU | 27 Inch 4K Dual Mode Gaming Monitor Seamless Switch 4K 144Hz/1080P 288Hz,669.99,669.99,USD,True,var_263f83acd87b4695a9df0cbda6bc6640,https://cdn.shopify.com/s/files/1/0039/6387/9494/files/02_ba5f699e-09e9-410b-97b6-0c939ab015a9.webp,4K monitor
prd_1a64efaa513f4b548bee516ce30ac693,UPERFECT,GR19BU | 19 Inch 4K UHD Gaming Monitor QLED 144Hz Computer Display for Switch 2,479.99,479.99,USD,True,var_4799dced5d134768b7ef4d616479c81e,https://cdn.shopify.com/s/files/1/0039/6387/9494/files/01-1-1.png,4K monitor
prd_44fea52946c5433fa09553b330fa6f08,UPERFECT,BE238BU | 23.8 Inch 4K PC Business Monitor HDR Computer Display with Speakers,409.99,409.99,USD,True,var_407850f7a0bc4aa6bc6e57dd620c5bd7,https://cdn.shopify.com/s/files/1/0039/6387/9494/files/23.8_inch_60HZ.png,4K monitor
prd_02245e4a613c42b3b4f1f0612416e2e8,Tech For Less,ASUS ProArt Display OLED PA32UCDM Professional Monitor,1391.49,1391.49,USD,True,var_3999928fa64b4039b8e0f8ae9a2d0ec7,https://cdn.shopify.com/s/files/1/0725/7020/8392/files/2c4cdf28-17a6-432c-b3b1-171eb531e73e.jpg,4K monitor
prd_2352552746dd48c18f89945fdafe4fbc,Tech For Less,Dell U3224KB (Dell 210-BHBZ) 32 Inches LED Monitor,2396.97,2396.97,USD,True,var_5b41bdc59a5f48f587b59d077c98491d,https://cdn.shopify.com/s/files/1/0725/7020/8392/files/504eb031-db1e-4a07-98b4-2575402f5b2b.jpg,4K monitor
prd_c19bd0053d514b449e90caf23d7f919d,Keychron,Keychron K8 Wireless Mechanical Keyboard,59.99,59.99,USD,True,var_2c46439ab0b146cd9e08f66e7da45a76,https://cdn.shopify.com/s/files/1/0059/0630/1017/products/Keychron-K8-tenkeyless-wireless-mechanical-keyboard-for-Mac-Windows-iOS-RGB-white-backlight-with-Gateron-switch-red.jpg,keyboard
prd_3553bcde002c445bbf1955e12ae4b9ea,EPOMAKER,EPOMAKER TH99,82.99,82.99,USD,True,var_ae9b1dc44ffb436ea6c2467aacf41ce6,https://cdn.shopify.com/s/files/1/0280/3931/5529/files/th99.webp,keyboard
prd_b4c0b739daff48adac4ce3d9d19a827a,EPOMAKER,EPOMAKER RT98,119,119,USD,True,var_978600ffcf9241a0ac1f8c7574871039,https://cdn.shopify.com/s/files/1/0280/3931/5529/files/EPOMAKER_RT98_6.webp,keyboard
prd_20de9f0f375944448151b658a749f5a9,EPOMAKER,EPOMAKER TH108,88.99,88.99,USD,True,var_67816c2c4c124fc3bf8067f1430c3205,https://cdn.shopify.com/s/files/1/0280/3931/5529/files/EPOMAKERTH108_v2_06_3e8c92fd-dc30-45d2-8f75-09356caa6709.png,keyboard
prd_c2787291414140df97d8b0a217bf7719,EPOMAKER,EPOMAKER TH80 V2 Pro,77.99,77.99,USD,True,var_e71436c2e9da45c894879f7497fb2450,https://cdn.shopify.com/s/files/1/0280/3931/5529/files/TH80V2.png,keyboard
prd_c5088986383a4ed796bcdca5cabcdd72,EPOMAKER,EPOMAKER TH108 Pro,98.99,98.99,USD,True,var_6014e94f188240809f279381ddef0fdc,https://cdn.shopify.com/s/files/1/0280/3931/5529/files/EPOMAKER_TH108_Pro_6.webp,keyboard
prd_b1e8a90ea8be48238a7bab8b146b9043,EPOMAKER,EPOMAKER HE80,69.99,69.99,USD,True,var_7f948fa7d37d4f9d86cdf32cde2a1dea,https://cdn.shopify.com/s/files/1/0280/3931/5529/files/EPOMAKERHE80PNG_18.png,keyboard
prd_e69e0cff6282474793f04720795197c3,EPOMAKER,EPOMAKER x AULA F75,79.99,79.99,USD,True,var_7633f279fcca4fb2a10834297977eb7d,https://cdn.shopify.com/s/files/1/0280/3931/5529/files/203A5845.jpg,keyboard
prd_b3398aba9dbb4aaea8b8bc3dcc0f86cc,EPOMAKER,AJAZZ AK820 Pro,68.99,68.99,USD,True,var_b8554b90c8174c348654f13c9b2d5211,https://cdn.shopify.com/s/files/1/0280/3931/5529/files/203A9811.jpg,keyboard
prd_a069f3676a334532a4cc7e0e5dc953f6,EPOMAKER,EPOMAKER X AULA F75 Max,82.99,82.99,USD,True,var_a2659cb593c0406780c443297cf9eb90,https://cdn.shopify.com/s/files/1/0280/3931/5529/files/IMG_5709.png,keyboard
prd_4e344ca9ea074baebacb6aff3fb4ebee,EPOMAKER,EPOMAKER HE68 Lite,49.99,49.99,USD,True,var_6ed7f4bfac064be2b1a0ec25232a36aa,https://cdn.shopify.com/s/files/1/0280/3931/5529/files/EPOMAKERHE68Lite_JD.png,keyboard
prd_9c8033897b914bb9b5ece1220e0afe87,EPOMAKER,EPOMAKER RT82,89.99,89.99,USD,True,var_0934feaecbda4a8986f614d6e36f9f61,https://cdn.shopify.com/s/files/1/0280/3931/5529/files/EPOMAKER_RT82_2.webp,keyboard
prd_4ab666d93b764f3d9b1eeab4df5fa9ee,EPOMAKER,EPOMAKER HE75 V2,89.99,89.99,USD,True,var_58998c9a036842cbbf09a15f9f5ba30a,https://cdn.shopify.com/s/files/1/0280/3931/5529/files/EPOMAKERHE75V2_05.webp,keyboard
prd_ad290d2805b14ec59d823faf72c68139,Keychron,Keychron Q6 Ultra 8K Wireless Custom Mechanical Keyboard,239.99,239.99,USD,True,var_32f5c5185c934b7288d0a295550444b2,https://cdn.shopify.com/s/files/1/0059/0630/1017/files/Keychron-Q6-Ultra-8K-Wireless-Custom-Mechanical-Keyboard-Black-Keychron-Silk-POM-Switch-Red.jpg,keyboard
prd_b27ad3380a7c455fa6a2cf2d68ef9de7,Divinikey,Qwertykeys QK100 Mk2 Keyboard,219,219,USD,True,var_5de0fe950c59457ab6195a0567f21b97,https://cdn.shopify.com/s/files/1/0275/3649/0561/files/qwertykeys-qk100-mk2-keyboard-8340404.webp,keyboard
prd_2bc57377917748f791c2ec055f7a39b0,Divinikey,Evanthe Keyboard,475,475,USD,True,var_4027992aa19544249e202eb54b148a1d,https://cdn.shopify.com/s/files/1/0275/3649/0561/files/evanthe-keyboard-8249809.webp,keyboard
prd_9a12654a46bf4325be5ba36ca354606c,Keychron,Keychron K3 HE Wireless Magnetic Switch Custom Keyboard,119.99,119.99,USD,True,var_6a07d8573f08461299443eaf466e43af,https://cdn.shopify.com/s/files/1/0059/0630/1017/files/Keychron-K3-HE-Swappable-RGB-Backlight---Black-_Special-Edition.jpg,keyboard
prd_38da451315934a5a89dc27fa38eb2290,Keychron,Keychron Q11 Ultra 8K Wireless Custom Mechanical Keyboard,239.99,239.99,USD,True,var_3c72abedf6dd45c2ae4a006842e57da5,https://cdn.shopify.com/s/files/1/0059/0630/1017/files/Keychron-Q11-Ultra-8K-Wireless-Custom-Mechanical-Keyboard-Red.jpg,keyboard
prd_59bc6e12f53e4848bad8123cecc0cb45,EPOMAKER,EPOMAKER Galaxy70,99.99,99.99,USD,True,var_ec49f099083d4f68882117b3f87a000a,https://cdn.shopify.com/s/files/1/0280/3931/5529/files/IMG_0031.jpg,keyboard
prd_05dfbfbfbd83414ab8bd6b0e5438ae9e,EPOMAKER,EPOMAKER X AULA F108 Pro,99.99,99.99,USD,True,var_2c48d4eb71d1439c82734c084ede6e1e,https://cdn.shopify.com/s/files/1/0280/3931/5529/files/IMG_9935.png,keyboard
prd_853f98de969b4e2aaa790dd436e43f48,EPOMAKER,EPOMAKER G84,69.99,69.99,USD,True,var_87251e2637594e80b0f2e3597cf6dc14,https://cdn.shopify.com/s/files/1/0280/3931/5529/files/IMG_0068.png,keyboard
prd_360b06efc3f94ff8be20eb2a8003d68f,EPOMAKER,EPOMAKER Split70,115.99,115.99,USD,True,var_5a046af9c76a4316b355296d73e15f0b,https://cdn.shopify.com/s/files/1/0280/3931/5529/files/EPOMAKER_Split70-black-bip_02.webp,keyboard
prd_973fa796a3584ab59bff2f878941a236,EPOMAKER,EPOMAKER Split 65,119.99,119.99,USD,True,var_2e8064d44b96424ab104fe835edc115f,https://cdn.shopify.com/s/files/1/0280/3931/5529/files/IMG_4410.png,keyboard
prd_05bbf59a87554b428f5de0321b80a12b,EPOMAKER,EPOMAKER HE108,95.99,95.99,USD,True,var_7b1b26612582464599f0818964212721,https://cdn.shopify.com/s/files/1/0280/3931/5529/files/EPOMAKERHE108_05_303fe842-502d-461a-bd78-2592536a0cdc.webp,keyboard
prd_13912be798084fb78aea3c6b32fe6c6e,EPOMAKER,EPOMAKER Carbon60,129.99,129.99,USD,True,var_5bb913d48b744135bcf6500312ac0a0f,https://cdn.shopify.com/s/files/1/0280/3931/5529/files/IMG_7727.png,keyboard
prd_6f8b1a7d1adc431fac7f0f7102e7cc40,EPOMAKER,EPOMAKER RT100 Pro,115.99,115.99,USD,True,var_8e9f3f2f36344883aa240d1c0cbc4966,https://cdn.shopify.com/s/files/1/0280/3931/5529/files/EPOMAKERRT100PRO_13.webp,keyboard
prd_360131fb8eba410d910d66d923875048,EPOMAKER,EPOMAKER RT75,107.99,107.99,USD,True,var_f64dfb74a8ad4ec4b954ae5e6929977a,https://cdn.shopify.com/s/files/1/0280/3931/5529/files/EPOMAKER_RT75_05.webp,keyboard
prd_b7014e6c9cd146b8b1bf6374145358ae,EPOMAKER,EPOMAKER TH80 V2,68.99,68.99,USD,True,var_1ef302a757d04eec8b5828641f754a83,https://cdn.shopify.com/s/files/1/0280/3931/5529/files/EPOMAKERTH80V2_d5220dbe-0c74-4fbd-b060-d6de32bf1d63.png,keyboard
prd_35f4194ab62f423c98e93f4d97482233,EPOMAKER,EPOMAKER TH87,75.99,75.99,USD,True,var_6032f982a5c143cca14a916f0d4e0554,https://cdn.shopify.com/s/files/1/0280/3931/5529/files/TH87-ANSI-9.webp,keyboard
prd_107f0c41a6be4231aea6217c64e995b3,EPOMAKER,EPOMAKER HE75 V2 TMR,129,129,USD,True,var_441ed57d19c141fb85604087f4596e37,https://cdn.shopify.com/s/files/1/0280/3931/5529/files/EPOMAKERHE75V2_05.webp,keyboard
prd_1e2aa60b16824bb59f635dc4fff1edfa,EPOMAKER,EPOMAKER x AULA F108 Pro V2,114.99,114.99,USD,True,var_175761227e3e40a98e0980c86a71b582,https://cdn.shopify.com/s/files/1/0280/3931/5529/files/EPOMAKERxAULAF108PROV2_08.png,keyboard
prd_369c2498ff974728974232253e24e175,EPOMAKER,EPOMAKER TH99 Pro,87.99,87.99,USD,True,var_928b432d2fc949c1a8b5303517f35a71,https://cdn.shopify.com/s/files/1/0280/3931/5529/files/EPOMAKERTH99Pro_3_79dd16f0-141f-4e29-a348-71d372459874.png,keyboard
prd_5ea628ab7f274cefba385714a7c000dc,EPOMAKER,EPOMAKER Galaxy100 Lite,109.99,109.99,USD,True,var_fe59a934e0394d6db61a46e84c18b9a4,https://cdn.shopify.com/s/files/1/0280/3931/5529/files/EPOMAKERGalaxy100Liteblack_3.webp,keyboard
prd_7099c6140182453b9005edcf4489e86b,EPOMAKER,EPOMAKER TH40,79.99,79.99,USD,True,var_10f2397a8aa94960b429e78bbf19a6e9,https://cdn.shopify.com/s/files/1/0280/3931/5529/files/IMG_9495.jpg,keyboard
prd_d209e78a5c374d3385e227bd2d2aea52,EPOMAKER,EPOMAKER x AULA F99 Pro,85.99,85.99,USD,True,var_93344e5d92b84a31aa2544c9c89c6c5f,https://cdn.shopify.com/s/files/1/0280/3931/5529/files/IMG_6908.png,keyboard
prd_e7da75f16bc44e9681f72b8c406dca04,EPOMAKER,EPOMAKER x AULA F99,89.99,89.99,USD,True,var_0733bdd872054d2a9b29bef8cf3f4f96,https://cdn.shopify.com/s/files/1/0280/3931/5529/files/203A6673.jpg,keyboard
prd_19881a4645c24667b8768a87522d3e79,EPOMAKER,EPOMAKER LUMA100,119,119,USD,True,var_7a6bb9ba7ec14824bf91a721e97f824b,https://cdn.shopify.com/s/files/1/0280/3931/5529/files/EPOMAKERLUMA100_QMK_05.png,keyboard
prd_fedb1a8f7618424e8608f2fa9d1f9b4b,EPOMAKER,EPOMAKER x AULA F108,89.99,89.99,USD,True,var_c8d0fe2d71e2412dab239a6dfa762d55,https://cdn.shopify.com/s/files/1/0280/3931/5529/files/IMG_9619.png,keyboard
prd_73ce6a7b613545998242a3754763d651,EPOMAKER,EPOMAKER TH65,64.99,64.99,USD,True,var_96538b48f5874c4aadb12fc5be278a1e,https://cdn.shopify.com/s/files/1/0280/3931/5529/files/EPOMAKERTH65White_8.webp,keyboard
prd_bf6e2522c2b449bcbc2bd101fefe7ed4,EPOMAKER,EPOMAKER x AULA F87 Pro,75.99,75.99,USD,True,var_5effb2ba3ba548fe8d6c0ae9fd1554e7,https://cdn.shopify.com/s/files/1/0280/3931/5529/products/203A6522.jpg,keyboard
prd_54e9bf1b8c964742a4f8f284caddbc19,EPOMAKER,EPOMAKER x AULA F99 Max,99.99,99.99,USD,True,var_4cc8943fca0f4ca4a3f649ac8f339d68,https://cdn.shopify.com/s/files/1/0280/3931/5529/files/EPOMAKERXAULAF99MAX4_3adab326-9dab-448d-ab7b-7ee6e21d6d9e.webp,keyboard
prd_400deae85e944e2da6468ab6c065c93a,EPOMAKER,EPOMAKER G84 HE,84.99,84.99,USD,True,var_9cad989aa9ec4883a372db099e660047,https://cdn.shopify.com/s/files/1/0280/3931/5529/files/EPOMAKER_G84_HE_1.webp,keyboard
prd_3021ab144134475181e97d2170e31432,Keychron,Keychron K8 Wireless Mechanical Keyboard,59.99,59.99,USD,True,var_7284aed89a8c40f78d3be3afeafd3e32,https://cdn.shopify.com/s/files/1/0059/0630/1017/products/Keychron-K8-tenkeyless-wireless-mechanical-keyboard-for-Mac-Windows-iOS-RGB-white-backlight-with-Gateron-switch-red.jpg,mechanical keyboard
prd_97476e7ca31d4e13a92e015d805beaae,Keychron,Keychron Q6 Ultra 8K Wireless Custom Mechanical Keyboard,239.99,239.99,USD,True,var_d336bb8f2051427d8b52eaf3c2a53eb5,https://cdn.shopify.com/s/files/1/0059/0630/1017/files/Keychron-Q6-Ultra-8K-Wireless-Custom-Mechanical-Keyboard-Black-Keychron-Silk-POM-Switch-Red.jpg,mechanical keyboard
prd_08f6ce54286647c992f5bd9c8f050f54,Keychron,Keychron Q11 QMK Custom Mechanical Keyboard,204.99,204.99,USD,True,var_3c8f1834691b4851864ef72db6997c2a,https://cdn.shopify.com/s/files/1/0059/0630/1017/products/Keychron-Q11-QMK-VIA-75-percent--split-custom-mechanical-keyboard-full-aluminum-frame-for-Mac-Window-Linux-fully-assembled-knob-black-Gateron-G-pro-switch-red.jpg,mechanical keyboard
prd_3125ac1d3ae1438fb9678c2684e0ecf0,Keychron,Keychron Q6 Max QMK/VIA Wireless Custom Mechanical Keyboard,219.99,219.99,USD,True,var_6c4436334ba244759e8f11f67c2e218e,https://cdn.shopify.com/s/files/1/0059/0630/1017/files/Keychron-Q6-Max-QMK-VIA-Wireless-Custom-Mechanical-Keyboard-100_-Layout-Aluminum-Black-Fully-Assembled-Knob-for-Mac-Windows-Linux-Gateron-Jupiter-Red.jpg,mechanical keyboard
prd_85bfa6e19fd749cd9049cb228b57cdcf,EPOMAKER,EPOMAKER x AULA F75,79.99,79.99,USD,True,var_3b611e2cd62e469dab38e1bd2251a018,https://cdn.shopify.com/s/files/1/0280/3931/5529/files/203A5845.jpg,mechanical keyboard
prd_00580b5a524247af9e9474a0d0541f52,EPOMAKER,AJAZZ AK820 Pro,68.99,68.99,USD,True,var_9924084b9ed24fa3bcb4dc40fee5ece1,https://cdn.shopify.com/s/files/1/0280/3931/5529/files/203A9811.jpg,mechanical keyboard
prd_ff0685c62336452d9b1b398dc4a665d0,EPOMAKER,EPOMAKER TH99,82.99,82.99,USD,True,var_b21e0646f348474bbf9bf956ab12baea,https://cdn.shopify.com/s/files/1/0280/3931/5529/files/th99.webp,mechanical keyboard
prd_5dd2fabedba64e3b8e019a95018c0823,EPOMAKER,EPOMAKER RT98,119,119,USD,True,var_0b533db4ef8d4d3db0acb3a9096d88af,https://cdn.shopify.com/s/files/1/0280/3931/5529/files/EPOMAKER_RT98_6.webp,mechanical keyboard
prd_23c9d6e12183417da6258a050c86a9fd,EPOMAKER,EPOMAKER RT82,89.99,89.99,USD,True,var_748c6c2a95c34038895ebb92812032ae,https://cdn.shopify.com/s/files/1/0280/3931/5529/files/EPOMAKER_RT82_2.webp,mechanical keyboard
prd_05ef57f26a4548c2b3d159a1b9af50b5,EPOMAKER,EPOMAKER X AULA F108 Pro,99.99,99.99,USD,True,var_da649154f1214b949eca5ada4ca9aa93,https://cdn.shopify.com/s/files/1/0280/3931/5529/files/IMG_9935.png,mechanical keyboard
prd_238031b31ff4498bb27e722b6a006e98,Keychron,Keychron J5 QMK Wireless Mechanical Keyboard,69.99,69.99,USD,True,var_c21460f76dcc489abf5d0f4739ca55a4,https://cdn.shopify.com/s/files/1/0059/0630/1017/files/Keychron-J5-QMK-Wireless-Custom-Mechanical-Keyboard-RGB-Backlight-Black-Keychron-Super-Red.jpg,mechanical keyboard
prd_ebbed8b52bbb476ba3c69ed34ddf99dd,Keychron,Keychron Q1 Max QMK/VIA Wireless Custom Mechanical Keyboard,209.99,209.99,USD,True,var_5c879dc9d4e742bda886daaa08f6504b,https://cdn.shopify.com/s/files/1/0059/0630/1017/files/Keychron-Q1-Max-QMK-VIA-Wireless-Custom-Mechanical-Keyboard-75_-Layout-Aluminum-Black-Fully-Assembled-Knob-for-Mac-Windows-Linux-Gateron-Jupiter-Red.jpg,mechanical keyboard
prd_3ac0300213c24857a5d04fb825e60630,Keychron,Keychron K5 Ultra 8K Wireless Custom Mechanical Keyboard,103.49,103.49,USD,True,var_84b7fb7a938a4118abcf9e1fdb9d71a8,https://cdn.shopify.com/s/files/1/0059/0630/1017/files/Keychron-K5-Ultra-8K-Wireless-Custom-Mechanical-Keyboard-red.jpg,mechanical keyboard
prd_00a80c7741294174ba583b6496727da3,Keychron,Keychron Q1 Ultra 8K Wireless Custom Mechanical Keyboard,229.99,229.99,USD,True,var_7de8d4336c0f41c38f472714ff18375c,https://cdn.shopify.com/s/files/1/0059/0630/1017/files/Q1-Ultra-8K-Wireless-Hot-swappable-RGB-Backlight-Red-Switch---Black.jpg,mechanical keyboard
prd_2f14f63150cc4eb1a825a02e7ca5ca29,Keychron,Keychron V6 Max QMK/VIA Wireless Custom Mechanical Keyboard,109.99,109.99,USD,True,var_832c4636fdbb46de956d696f21f9c3fd,https://cdn.shopify.com/s/files/1/0059/0630/1017/files/Keychron-V6-Max-QMK-Wireless-Custom-Mechanical-Keyboard-full-size-Layout-Fully-Assembled-Knob-for-Mac-Windows-Linux-Gateron-Jupiter-Red.jpg,mechanical keyboard
prd_45dcb498ec3a4528a279f5a6ea82b47d,Keychron,Keychron Q13 Ultra 8K Wireless Custom Mechanical Keyboard,249.99,249.99,USD,True,var_2dfc1d178267498fb750c100f34e6728,https://cdn.shopify.com/s/files/1/0059/0630/1017/files/Q13-Ultra-8K-Wireless-Hot-swappable-RGB-Backlight-Red-Switch-Black.jpg,mechanical keyboard
prd_41b1cdc8edf04ae58c6570fa4b68371a,Keychron,Keychron Q11 Ultra 8K Wireless Custom Mechanical Keyboard,239.99,239.99,USD,True,var_b7039c4ab5db45deaf89357470ff5d8c,https://cdn.shopify.com/s/files/1/0059/0630/1017/files/Keychron-Q11-Ultra-8K-Wireless-Custom-Mechanical-Keyboard-Red.jpg,mechanical keyboard
prd_bbf5ee4430c745f698728d9da7645f93,Keychron,Keychron K10 Ultra 8K Wireless Custom Mechanical Keyboard,114.99,114.99,USD,True,var_1c7b02135b624f7eb05ffd18edc326c9,https://cdn.shopify.com/s/files/1/0059/0630/1017/files/Keychron-K10-Ultra-8K-Apex-Switch-Red.jpg,mechanical keyboard
prd_68117fedf94144cabd634c620391a361,Keychron,Keychron Q3 Ultra 8K Wireless Custom Mechanical Keyboard,229.99,229.99,USD,True,var_ccf0c1baf64145c0a24e511e287ea695,https://cdn.shopify.com/s/files/1/0059/0630/1017/files/Q3-Ultra-8K-Wireless-Hot-swappable-RGB-Backlight-Red-Switch---Black.jpg,mechanical keyboard
prd_d2b8351743214728aed26d4a68281a4e,Keychron,Keychron R5 QMK Wireless Mechanical Keyboard,89.99,89.99,USD,True,var_fa19c1c9dfeb4a2abec074b47d0634a8,https://cdn.shopify.com/s/files/1/0059/0630/1017/files/Keychron_R5QMKWirelessMechanicalKeyboard_red.jpg,mechanical keyboard
prd_d1734768e9284ecab516587892dc9cd0,Keychron,Keychron V6 Ultra 8K Wireless Custom Mechanical Keyboard,119.99,119.99,USD,True,var_ecf73e0b97d94e4db2de16e4afc84e7a,https://cdn.shopify.com/s/files/1/0059/0630/1017/files/V6-Ultra-8K-Red-switch.jpg,mechanical keyboard
prd_c7bd68b452c44d4c81d2dc7959b628e9,Keychron,Keychron Q5 Max QMK/VIA Wireless Custom Mechanical Keyboard,219.99,219.99,USD,True,var_81e5f8e53a4744b3944484eec02c56ea,https://cdn.shopify.com/s/files/1/0059/0630/1017/files/Keychron-Q5-Max-QMK-VIA-Wireless-Custom-Mechanical-Keyboard-96_-Layout-Aluminum-Black-Fully-Assembled-Knob-for-Mac-Windows-Linux-Gateron-Jupiter-Red.jpg,mechanical keyboard
prd_2d00858c85434024b18713d35f192b88,Keychron,Keychron K10 Pro QMK/VIA Wireless Mechanical Keyboard ISO Layout Collection,87.99,87.99,USD,True,var_2d1eb237b723423b9bfe991a539f5eae,https://cdn.shopify.com/s/files/1/0059/0630/1017/products/Keychron-K10-Pro-QMK-VIA-custom-mechanical-keyboard-100-percent-layout-Mac-Windows-Linux-hot-swappable-Keychron-K-Pro-switch-red-ISO-UK-layout.jpg,mechanical keyboard
prd_4b9f62fab03d4661a2a59ef4d6d773b1,Keychron,Keychron K8 Ultra 8K Wireless Custom Mechanical Keyboard,119.99,119.99,USD,True,var_e5d5bed82a894bfe8b16288d97ffa826,https://cdn.shopify.com/s/files/1/0059/0630/1017/files/K8-Ultra-8k-red-switch.jpg,mechanical keyboard
prd_29f98599f1434cf2a02657ce075193bf,Keychron,Keychron Q3 Max QMK/VIA Wireless Custom Mechanical Keyboard,183.99,183.99,USD,True,var_6b063556ff604e4791cf11901e7556a1,https://cdn.shopify.com/s/files/1/0059/0630/1017/files/Keychron-Q3-Max-QMK-VIA-Wireless-Custom-Mechanical-Keyboard-80-percent-Layout-Aluminum-Black-Fully-Assembled-Knob-for-Mac-Windows-Linux-Gateron-Jupiter-Red.jpg,mechanical keyboard
prd_706c68aff6494ce7a21a98d69ba0b38d,Keychron,Keychron K2 QMK Wireless Mechanical Keyboard (Version 3),99.99,99.99,USD,True,var_2c6d466d7ade43ae8be85e975a06e8bc,https://cdn.shopify.com/s/files/1/0059/0630/1017/files/Keychron-K2-Version-3-Wireless-Mechanical-Keyboard-Keychron-Super-Red-Switch-_RBG.jpg,mechanical keyboard
prd_4eb5d916cd1140a3964a2b719df69f62,EPOMAKER,EPOMAKER TH108,88.99,88.99,USD,True,var_503f3b84e6f14c94a713f55bb97fb260,https://cdn.shopify.com/s/files/1/0280/3931/5529/files/EPOMAKERTH108_v2_06_3e8c92fd-dc30-45d2-8f75-09356caa6709.png,mechanical keyboard
prd_acad4343ac404afabc398ee0d7abe7fd,EPOMAKER,EPOMAKER x AULA F99,89.99,89.99,USD,True,var_44535c41f82d42778b1b7d8302e379bf,https://cdn.shopify.com/s/files/1/0280/3931/5529/files/203A6673.jpg,mechanical keyboard
prd_e460b00674a5495dbd1c94b265b28ba8,EPOMAKER,EPOMAKER Split 65,119.99,119.99,USD,True,var_c697880619cd4131bee2975358c7183b,https://cdn.shopify.com/s/files/1/0280/3931/5529/files/IMG_4410.png,mechanical keyboard
prd_55c7ed42c6f24eccb5678f0526c0c05f,EPOMAKER,EPOMAKER HE75 V2 TMR,129,129,USD,True,var_6ca486ce138342e39c99894fc0b430f3,https://cdn.shopify.com/s/files/1/0280/3931/5529/files/EPOMAKERHE75V2_05.webp,mechanical keyboard
prd_fb8820f09bbd41d896b92741d5495305,EPOMAKER,EPOMAKER Galaxy70,99.99,99.99,USD,True,var_c3c60cfedb044d5abea05badb90e3339,https://cdn.shopify.com/s/files/1/0280/3931/5529/files/IMG_0031.jpg,mechanical keyboard
prd_195072af8cb4464bbcbc7adf4b6a6a5f,EPOMAKER,EPOMAKER RT100 Pro,115.99,115.99,USD,True,var_4cfe85bc15c94a2ea4d86a61b41001e5,https://cdn.shopify.com/s/files/1/0280/3931/5529/files/EPOMAKERRT100PRO_13.webp,mechanical keyboard
prd_bc55f268832f405e88a1cd4591e2742b,EPOMAKER,EPOMAKER x AULA F99 Max,99.99,99.99,USD,True,var_6f7c21ab1cc1485ab40c004354c82503,https://cdn.shopify.com/s/files/1/0280/3931/5529/files/EPOMAKERXAULAF99MAX4_3adab326-9dab-448d-ab7b-7ee6e21d6d9e.webp,mechanical keyboard
prd_e154e6e413094e9f93ab8088afcad846,EPOMAKER,EPOMAKER G84 Pro,89.99,89.99,USD,True,var_843e2825b6154b03b0590c0a11ebdc3e,https://cdn.shopify.com/s/files/1/0280/3931/5529/files/G84PRO.png,mechanical keyboard
prd_f96a93f70d7f432a8f4b665ba9465752,EPOMAKER,EPOMAKER AegisSil Keycaps Set,29.99,29.99,USD,True,var_d98de8ac41b34b898ec9e04595bab36d,https://cdn.shopify.com/s/files/1/0280/3931/5529/files/EPOMAK_1.png,keycaps
prd_ccb8b12febe24afe93b0d074ec3b1ff4,EPOMAKER,EPOMAKER Glintrix Keycaps Set,24.99,24.99,USD,True,var_f8151c3ed0454b419f0cfe6110787fda,https://cdn.shopify.com/s/files/1/0280/3931/5529/files/EPOMAKER_2_31eab3f3-333b-41a4-97ed-d62b8eaec28d.png,keycaps
prd_f689d8d11d644c1ba38e9d225f22cbbc,EPOMAKER,EPOMAKER Mist Clouds Keycap Set,35.99,35.99,USD,True,var_ac1fddc232c74f89995c312bff180b66,https://cdn.shopify.com/s/files/1/0280/3931/5529/files/203A8064.jpg,keycaps
prd_bb60751bd1ae4902a80aa0d3fb53c558,EPOMAKER,EPOMAKER Lusterfly Jelly Keycaps Set,22.99,22.99,USD,True,var_25bbd58b19d74cb2ba2960afbcb3658d,https://cdn.shopify.com/s/files/1/0280/3931/5529/files/EPOMAKERLusterfly_01_162d6c58-1a3a-447c-99cf-66a33d5874f4.png,keycaps
prd_b62ee385718944c198f69a4bbb361e0a,EPOMAKER,EPOMAKER AquaShift Keycaps Set,29.99,29.99,USD,True,var_ca1a8c9419ec4fd2b1beca8218f5a751,https://cdn.shopify.com/s/files/1/0280/3931/5529/files/1_1_9a2adb03-c181-49f5-887e-197d5a8b057c.jpg,keycaps
prd_e67842417ea6460c87492b74305a8ba8,EPOMAKER,EPOMAKER SmokFiber Keycaps Set,21.99,21.99,USD,True,var_f54aeddb5af84b5ba159fe667bf14ad6,https://cdn.shopify.com/s/files/1/0280/3931/5529/files/EPOMAKERSmokFiber_01.png,keycaps
prd_1f84bfeeb26a4d40987e6b01db898d11,Glorious,Polychroma V2 RGB Keycaps,49.99,49.99,USD,True,var_a7982fc6ccb949eda8080932568b2df1,https://cdn.shopify.com/s/files/1/0549/2681/files/GLO-KB-ACC-KC-PC-POLY-US_Web_Gallery_Top.webp,keycaps
prd_daef73d907c14947a1f1f8fdfc90854d,Divinikey,PBTfans X-Ray Keycap Set,85,85,USD,True,var_b9093c4e673a4fc4abef9221477fc16b,https://cdn.shopify.com/s/files/1/0275/3649/0561/files/pbtfans-x-ray-keycap-set-255956.webp,keycaps
prd_d0907b18330b481abd1add94e0a4ef48,EPOMAKER,EPOMAKER Lavender Jade Keycap Set,33.99,33.99,USD,True,var_13b4cb2a73e147f8abbaa2987cd9c71c,https://cdn.shopify.com/s/files/1/0280/3931/5529/files/203A79101.jpg,keycaps
prd_513c453fbdfa43949b17952532307f41,EPOMAKER,EPOMAKER Phos Keycap Set,23.99,23.99,USD,True,var_23e12a91b13745ce98fef71fe198afaf,https://cdn.shopify.com/s/files/1/0280/3931/5529/files/EPOMAKERPhos_01.png,keycaps
prd_36d2979d90df493c8958b991f0d25aab,EPOMAKER,EPOMAKER Frost Jelly Keycap Set,25.99,25.99,USD,True,var_f9ab58c2634b49a1aff9cd86a4b0b047,https://cdn.shopify.com/s/files/1/0280/3931/5529/files/EPOMAKER_01_d9ba1b02-c693-444f-b7d4-4dda6e39a0c2.png,keycaps
prd_d0b90497b7ac4901a096102b39f91e42,EPOMAKER,EPOMAKER Shimmeow Keycap Set,29.99,29.99,USD,True,var_18b361da855d444e885072628de92a98,https://cdn.shopify.com/s/files/1/0280/3931/5529/files/EPOMAKER_MAO_01_2b3a8461-3b75-48ca-9533-7a0bd3c55b01.webp,keycaps
prd_a2cd7245492c4bc8ae41342629e94903,Divinikey,PBTfans WOB Keycap Set Doubleshot PBT,75,75,USD,True,var_bb1c1f80fcb1464088a00e502515e0b0,https://cdn.shopify.com/s/files/1/0275/3649/0561/products/pbtfans-wob-keycap-set-doubleshot-pbt-798560.webp,keycaps
prd_4079b89988a34e87995f59811b8f9988,Divinikey,Keykobo BoW Keycap Set,69,69,USD,True,var_9e1f80b243f0473989efaff21051fbef,https://cdn.shopify.com/s/files/1/0275/3649/0561/products/keykobo-bow-keycap-set-doubleshot-abs-699772.jpg,keycaps
prd_ee5aa47e2b2d4b2a88e0006397e07757,Keychron,Bio-Individual - Nuclear Power Shine-through Dye-Sub PBT Full Keycap Set,49.99,49.99,USD,True,var_0a808f48ca5044e981c6498b5b180dee,https://cdn.shopify.com/s/files/1/0059/0630/1017/files/Bio-Individual---Nuclear-Power-Shine-through-Dye-Sub-PBT-Keycap-Set.jpg,keycaps
prd_1d013730bae04340a5040dd34db1a02b,Keychron,Binary - Cherry Profile Dye-Sub PBT Full Keycap Set,39.99,39.99,USD,True,var_96a2c0a5eeb34dbeac51470e1bb9bb49,https://cdn.shopify.com/s/files/1/0059/0630/1017/files/Keychron-Binary-Cherry-Profile-Dye-Sub-PBT-Full-Keycap-Set.jpg,keycaps
prd_7e0bfaa491d444d498a234406662a155,Glorious,NPCA + Glorious GPBT National Parks Collection Keycaps,69.99,69.99,USD,True,var_646b7864ca8040fba985c7cfcd0807e7,https://cdn.shopify.com/s/files/1/0549/2681/files/1-GLO-KB-ACC-KC-LTD-GPBT-GCAN-US_Web_Gallery_GMMK3-Top.webp,keycaps
prd_dfb9c56140424d79a349db7f0c6ac7b4,Glorious,GPBT Star Sign Keycaps,69.99,69.99,USD,True,var_51fd4f12f7364da6b1c3ddc7740d263c,https://cdn.shopify.com/s/files/1/0549/2681/files/GLO-KB-ACC-KC-LTD-GPBT-STAR-US_Web_Gallery_Main.webp,keycaps
prd_7c79ad617bab42b6bf0bf7d0f6669052,EPOMAKER,EPOMAKER JellyPaw Keycap Set,29.99,29.99,USD,True,var_c02609cad1434ed6a4b3c30435cc9f9d,https://cdn.shopify.com/s/files/1/0280/3931/5529/files/EPOMAKERJellyPawKeycapsSetWhiteBG_3.webp,keycaps
prd_67dc507d1df041a39764fced6f069762,EPOMAKER,EPOMAKER Sunflower Keycap Set,24.99,24.99,USD,True,var_37664bc1fce74b47870fcfac98cd3cb7,https://cdn.shopify.com/s/files/1/0280/3931/5529/files/EPOMAKER_Sunflower_Keycap_4.webp,keycaps
prd_43fbc26463814d848e9c224234251bab,Keychron,Blue Planet - Cherry Profile Dye-Sub PBT Full Keycap Set,39.99,39.99,USD,True,var_c61669fc56ed4b44893cb067f1a07ecc,https://cdn.shopify.com/s/files/1/0059/0630/1017/files/Keychron-Blue-Planet-Cherry-Profile-Dye-Sub-PBT-Full-Keycap-Set.jpg,keycaps
prd_ef509f9270634c5e920eae1107383224,Keychron,Cherry Profile Double-Shot PBT Full Set Keycaps - Hacker Mint,39.99,39.99,USD,True,var_2c0887ce75fa492283c4c44c44744427,https://cdn.shopify.com/s/files/1/0059/0630/1017/files/Keychron-double-shot-PBT-Cherry-profile-full-set-keycap-set-hacker-for-ANSI-96-75-65-percent-layouts-2.jpg,keycaps
prd_e59b30801dcf4d84baab168874790436,Keychron,Neon Night - Cherry Profile Dye-Sub PBT Full Keycap Set,39.99,39.99,USD,True,var_8cb56f99b4e14952be6c87bd8713df3e,https://cdn.shopify.com/s/files/1/0059/0630/1017/files/Neon-Night-Cherry-Profile-Dye-sub-PBT-keycap-set-new.jpg,keycaps
prd_a1f7f763818b46018cb85d04fdb4cebc,Divinikey,PBTfans 1984 Keycaps,65,65,USD,True,var_5518a17881134b7084b3dc0e90218b1f,https://cdn.shopify.com/s/files/1/0275/3649/0561/files/pbtfans-1984-r2-keycaps-1231258.webp,keycaps
prd_de6d2f88a3f0484483b497119bba93c1,Keychron,Cherry Profile Double-Shot PBT Full Set Keycaps - Camel,39.99,39.99,USD,True,var_f84cd338eefb47a7af9d014fa9ba21e0,https://cdn.shopify.com/s/files/1/0059/0630/1017/files/Cherry_Profile_Double_-_Shot_PBT_Full_Set_Keycaps_-_Camel-1.jpg,keycaps
prd_30104667baaf4d5ab6a2bb234587b9b4,Divinikey,PBTfans Song Keycaps,89,89,USD,True,var_3d1aef5d30434ca58343c163cb7ea82b,https://cdn.shopify.com/s/files/1/0275/3649/0561/files/pbtfans-song-keycaps-1240902.webp,keycaps
prd_a70e964e263d4f2292c48e18535d0ed7,Divinikey,PBTfans Atomic Purple R2 Keycaps,109,109,USD,True,var_fa9e36c954a04a0488fefbb683b96345,https://cdn.shopify.com/s/files/1/0275/3649/0561/files/PBTfansAtomicPurpleKeycaps1.webp,keycaps
prd_b78d3d98e92e476f94250d6b46f0939c,Glorious,GPBT Zero One Keycaps,69.99,69.99,USD,True,var_c3087fc27a114d9a836423bdd4d0ada2,https://cdn.shopify.com/s/files/1/0549/2681/files/GLO-KB-ACC-KC-LTD-GPBT-Zero-One-US_Web_Gallery_Main.webp,keycaps
prd_257195d0cb5e48659cb8476b29db519e,Divinikey,PBTfans Purpolch R4 Keycap Set,75,75,USD,True,var_60ac443424cf406a97a7af926449b68f,https://cdn.shopify.com/s/files/1/0275/3649/0561/files/pbtfans-purpolch-r3-keycap-set-2429677.webp,keycaps
prd_8d4b6f57e39d4ddc83e24fca963639de,Keychron,The Maps - Cherry Profile Dye-Sub PBT Full Keycap Set,39.99,39.99,USD,True,var_2d7cb29a11384e29834215f8abe5904d,https://cdn.shopify.com/s/files/1/0059/0630/1017/files/The-Maps-Cherry-Profile-Dye-sub-PBT-Full-Set-Keycap-Set.jpg,keycaps
prd_fb2897ffeb2c455f94ad007a431aec0b,Glorious,Mystery Keycaps Box,34.99,34.99,USD,True,var_bbe77c211ac94ccf906322e0523432a6,https://cdn.shopify.com/s/files/1/0549/2681/files/mysteryboxkeycaps_web_gallery_box.webp,keycaps
prd_08c64fd66cb04d03aadd3f87087f29fc,Divinikey,A Design Layout Keycaps,45,45,USD,True,var_3ab834efbace4a3080a1893034ccdd24,https://cdn.shopify.com/s/files/1/0275/3649/0561/files/a-design-layout-keycaps-5302402.webp,keycaps
prd_5938872901d345bb9c8f929b13d3287d,Divinikey,Keykobo Cobalt Keycaps,89,89,USD,True,var_9f60ba4f638d4d918ce38a6d13d53cb4,https://cdn.shopify.com/s/files/1/0275/3649/0561/files/keykobo-cobalt-keycaps-5024089.webp,keycaps
prd_9b17284bc5284150ab4e1fd364941005,Divinikey,GMK CYL Classic Beige Keycaps,160,160,USD,True,var_ff3f38a41f494effbb8c6de4c3b9f749,https://cdn.shopify.com/s/files/1/0275/3649/0561/files/gmk-cyl-beige-keycaps-9671283.webp,keycaps
prd_ab0af47435c748119f0ce0fe9eb40bbd,Divinikey,Keykobo Cross Impact Keycaps,99,99,USD,True,var_99e2b97c1ebe48939e3d9fb3f9ee140c,https://cdn.shopify.com/s/files/1/0275/3649/0561/files/keykobo-cross-impact-keycaps-9676013.webp,keycaps
prd_beaf7c40dc764990aed56b159e1a7e5e,Keychron,Low Profile Double Shot PBT LSA Keycap Set Version 2,29.99,29.99,USD,True,var_7b810edcf1f74401a659fdcded169f4d,https://cdn.shopify.com/s/files/1/0059/0630/1017/files/Low-Profile-Double-Shot-PBT-LSA-Keycap-Set-Version-2-Knight-new.jpg,keycaps
prd_552b42fa19aa49a3a2dc8f0185d831e9,Divinikey,PBTfans Astraeus Keycaps,74,74,USD,True,var_b76cfc39184b4c1c872aa6509db2a0a6,https://cdn.shopify.com/s/files/1/0275/3649/0561/files/pbtfans-astraeus-keycaps-2119916.webp,keycaps
prd_3b8ca745996344d0a8e3d99fd2a4a5ef,EPOMAKER,EPOMAKER x LINDSEYSZN Azure Dragon SZN Keycap Set,45.99,45.99,USD,True,var_a03b56e89db4403cac7a8b23432f7bf4,https://cdn.shopify.com/s/files/1/0280/3931/5529/files/EPOMAKERxLindseyszn_MOA_01.png,keycaps
prd_76765b6c25ce43d7997d5e58141b9df3,Divinikey,A Design Rabbit Holiday Park Keycaps,45,45,USD,True,var_768cd7b4fc3b4479ac9db2b9b6fd1f81,https://cdn.shopify.com/s/files/1/0275/3649/0561/files/a-design-rabbit-holiday-park-keycaps-9527663.webp,keycaps
prd_d69e36e5cd51443e9053766e0d06776e,Glorious,GPBT Ink Noir Keycaps,69.99,69.99,USD,True,var_37b171e3dd8047caa2f1105351424ee9,https://cdn.shopify.com/s/files/1/0549/2681/files/GLO-KB-ACC-KC-LTD-GPBT-INK-US_Web_Gallery_Top.webp,keycaps
prd_9bbf613466764539826c4133f1dfa9cc,Keychron,Golden Casino - Cherry Profile Dye-Sub PBT Full Keycap Set,39.99,39.99,USD,True,var_61a74b6ead1d49888d8b09b541633d3c,https://cdn.shopify.com/s/files/1/0059/0630/1017/files/Golden-Casino-Cherry-Profile-Dye-Sub-PBT-Full-Keycap-Set.jpg,keycaps
prd_28ed1b0c384f40ad8a354f2d30c207a2,Glorious,GPBT Aura V3 Keycaps,39.99,39.99,USD,True,var_a52108006914425dabbf5fc2095cabd2,https://cdn.shopify.com/s/files/1/0549/2681/files/GLO-KB-ACC-KC-GPBT-AURA-BLK-US_Web_Gallery_Top.webp,keycaps
prd_17aaed2e598341219b735c0f96059859,Divinikey,KBS Drift Keycaps,65,65,USD,True,var_79e85911703143dab49ca112a726a169,https://cdn.shopify.com/s/files/1/0275/3649/0561/files/kbs-drift-keycaps-6163842.webp,keycaps
prd_3e941081f2824c16a1c150e859cbc80c,Divinikey,GMK CYL BoW Keycaps,160,160,USD,True,var_449ea9e6e6cb4eb89ca8d20468f8ce7d,https://cdn.shopify.com/s/files/1/0275/3649/0561/files/gmk-cyl-bow-keycaps-8049417.webp,keycaps
prd_1e0259308a0a4f67904d213ec80facc7,Keychron,Cherry Profile Dye-Sub PBT Full Set Keycap Set - Cyber Developer,39.99,39.99,USD,True,var_a12d010c58ef40e7afeec51f2e606e9f,https://cdn.shopify.com/s/files/1/0059/0630/1017/files/Cherry-Profile-Dye-Sub-PBT-Full-Set-Keycap-Set-Cyber-Developer.jpg,keycaps
prd_776aaf9ee3de4b86a1638f26565b563d,Divinikey,KKB Gelateria Keycaps,99,99,USD,True,var_4e1ca19c18f546539d3c6cf4db76f62e,https://cdn.shopify.com/s/files/1/0275/3649/0561/files/kkb-gelateria-keycaps-2027757.webp,keycaps
prd_94009698f6f444f494611f8cc8ad51fc,Divinikey,Keykobo Emoji Keycaps,79,79,USD,True,var_77a08c0dd1a74d1ca93fea4ae188a0e4,https://cdn.shopify.com/s/files/1/0275/3649/0561/files/Base-Keykobo-Emoji-Keycaps.webp,keycaps
prd_5e7ac62410534dccbf53eb2868651234,Divinikey,PBTfans Pixsprite Keycaps,69,69,USD,True,var_baf5285952834cc0956ef205d6d6649d,https://cdn.shopify.com/s/files/1/0275/3649/0561/files/pbtfans-pixsprite-keycaps-6381121.webp,keycaps
prd_18211705534e4bdfab1123fb7946b278,Keychron,ISO Cherry Profile Dye-Sub PBT Full Set Keycap Set - Hacker Mint,39.99,39.99,USD,True,var_8b19f1dae202489e8b9bbb0361844fbf,https://cdn.shopify.com/s/files/1/0059/0630/1017/files/Cherry-Profile-Dye-Sub-PBT-Full-Set-Keycap-Set-Hacker-Mint-Swiss--ISO.jpg,keycaps
prd_359e447915314f00ac569343f860fab6,Divinikey,PBTfans Spark R3 Keycaps,80,80,USD,True,var_4022ade61e494d11a4594b914527db2b,https://cdn.shopify.com/s/files/1/0275/3649/0561/files/pbtfans-spark-r3-keycaps-1077222.webp,keycaps
prd_bb6c1e0b4bdb438585a5afe84bd94b1b,Divinikey,Gateron Oil King Linear Switches,11.7,11.7,USD,True,var_cc7453dc1fe947689aa7c8f46fc583c2,https://cdn.shopify.com/s/files/1/0275/3649/0561/products/gateron-oil-king-linear-switches-389141.jpg,switches
prd_b2e1c9c0695b42c7a6696458cb8ff601,Divinikey,Gateron KS-3 Milky Yellow Pro Linear Switches,4.14,4.14,USD,True,var_e4d804fe4269426dbb59a4f4ff1c5516,https://cdn.shopify.com/s/files/1/0275/3649/0561/products/gateron-ks-3-milky-yellow-pro-linear-switches-504850.jpg,switches
prd_e7a69e8de9e646c4aae98eb8522d7f09,Divinikey,Gateron Ink Switches V2,12.96,12.96,USD,True,var_51f673cc02d6479cb53e1a4dc3eaf0cc,https://cdn.shopify.com/s/files/1/0275/3649/0561/products/gateron-ink-switches-v2-550646.jpg,switches
prd_c96067fbee3d465092d77b9c857b5c1b,EPOMAKER,EPOMAKER Wisteria Switches Set,11.99,11.99,USD,True,var_4c2c1529408449e9abd0131bfca05229,https://cdn.shopify.com/s/files/1/0280/3931/5529/files/IMG_2256_618915a2-f205-4e91-87f6-202e44f2c2f2.jpg,switches
prd_21d788095f464a348d81ee108974747d,Glorious,Panda MX Switches,39.99,39.99,USD,True,var_883bf9ed54c4432aba7183260df240d1,https://cdn.shopify.com/s/files/1/0549/2681/files/GLO-KB-ACC-SWT-PANDA-LUBED_Web_Gallery_Switch.webp,switches
prd_748050808a9d4f7d891f8f0d3e623e90,Divinikey,HMX Saru V2 Tactile Switches,6.3,6.3,USD,True,var_5c926ac31b974f609d6659f231211c05,https://cdn.shopify.com/s/files/1/0275/3649/0561/files/HMX-Divinikey-Saru-v2-1.webp,switches
prd_5a2e1f9008f44924aa54be6756f4aefb,EPOMAKER,EPOMAKER Whisper Linear Switch Set,24.99,24.99,USD,True,var_65e0239c7be041b2acfb598511481a7c,https://cdn.shopify.com/s/files/1/0280/3931/5529/files/EPOMAKERWhisperLinearKeyboardSwitcheswhiteBG_1.webp,switches
prd_b3d5489fce734ea8b7defca182f4cc6e,EPOMAKER,EPOMAKER Creamy Jade Magnetic Switch Set,25.99,25.99,USD,True,var_bd3cfbabccb544098c53dee1465e1ff3,https://cdn.shopify.com/s/files/1/0280/3931/5529/files/EPOMAKER_Creamy_Jade_Magnetic_Switch_Set_01.png,switches
prd_9e13b64ff40d45f3a24837dc82da5be7,Divinikey,Cherry MX2A Petal Light Tactile Switches,9.9,9.9,USD,True,var_5ec5c4bf47a4481eb1a858635452e359,https://cdn.shopify.com/s/files/1/0275/3649/0561/files/cherry-mx2a-petal-light-tactile-switches-9697158.webp,switches
prd_03e95ef1dabe4c7d83e0d24fcdb2e930,Divinikey,Gateron Magnetic Jade Silent HE Linear Switches,14.22,14.22,USD,True,var_a8bbea8576614720811da4f17c29d835,https://cdn.shopify.com/s/files/1/0275/3649/0561/files/gateron-magnetic-jade-silent-he-linear-switches-7907913.webp,switches
prd_635df20a35eb468295b95a591e3f575a,Keychron,Gateron Oil King Switch,64.99,64.99,USD,True,var_9adc2e777a5a4b20bdd09140c277cfda,https://cdn.shopify.com/s/files/1/0059/0630/1017/products/Gateron-Oil-King-Linear-Switch.jpg,switches
prd_fb58f5ef8917408089bc32b0172ec115,Divinikey,HMX Mochi Linear Switches,6.3,6.3,USD,True,var_ca9eeaad71f14fd49a7df7e297ee7629,https://cdn.shopify.com/s/files/1/0275/3649/0561/files/hmx-mochi-linear-switches-7469213.webp,switches
prd_7e39ad6767864ee39a8b8570b2983519,Divinikey,Keygeek Golden Linear Switches,5.76,5.76,USD,True,var_b369c5487499496ba3ec8437f9076c25,https://cdn.shopify.com/s/files/1/0275/3649/0561/files/keygeek-golden-linear-switches-9055077.webp,switches
prd_3faeb7189d0a45fd9310cce932112042,Keychron,Gateron Phantom Switch,14.99,14.99,USD,True,var_abba7be2892b4d208e4e49c283372ecd,https://cdn.shopify.com/s/files/1/0059/0630/1017/products/gateron-phantom-switch-red.jpg,switches
prd_30b42fbad9f848dca7dcc4e6a72c15e1,Divinikey,Gateron Magnetic Jade Attraction HE Linear Switches,14.22,14.22,USD,True,var_e7053f26cbf54c0bb67a7363f0671613,https://cdn.shopify.com/s/files/1/0275/3649/0561/files/gateron-magnetic-jade-attraction-he-linear-switches-2437290.webp,switches
prd_831742b497064de1892e29029ec76043,Glorious,Panda MX Unlubed Switches,29.99,29.99,USD,True,var_edd0795b9bbb40faa79cbadbe317d03c,https://cdn.shopify.com/s/files/1/0549/2681/files/GLO-SWT-HPANDA_Web_Gallery_Switch_7cf542de-0212-427c-a9a0-23d92fe0e945.webp,switches
prd_83bfb07816af4c2d871777c3378fe501,Divinikey,Kailh Folklore Wow Linear Switches,7.2,7.2,USD,True,var_8e41c0968e654a2fbe6c285eb2f5f573,https://cdn.shopify.com/s/files/1/0275/3649/0561/files/kailh-folklore-wow-linear-switches-1146186.webp,switches
prd_a00592d5a2a74127837c0709dc336fd2,Divinikey,Keygeek T2 Linear Switches,5.76,5.76,USD,True,var_19c7067d7e9d4f1abe28ac9e9303c6f0,https://cdn.shopify.com/s/files/1/0275/3649/0561/files/Keygeek-T2-Linear-Switch-1.webp,switches
prd_be96a83f813b43d4bc0518eccd543591,Divinikey,HMX Snowflake Linear Switches,6.3,6.3,USD,True,var_7247f4bcfe1e4403ab2ba7cef40f4ed3,https://cdn.shopify.com/s/files/1/0275/3649/0561/files/hmx-snowflake-linear-switches-6353348.webp,switches
prd_5842a182923a45aa91bc20a857bd5a81,Keychron,Keychron Ultra-Fast Lime Magnetic Switch,29.99,29.99,USD,True,var_581a7eed52ec4972b71da27bd67fdbd0,https://cdn.shopify.com/s/files/1/0059/0630/1017/files/Keychron_Magnetic_Switch-Ultra-fast_Lime-110pcs-2.jpg,switches
prd_1b26cfbbd4314e80a6284b6c6801faec,Divinikey,Gateron Melodic Clicky Switches,10.8,10.8,USD,True,var_5eb90262aebf471386035b28aa1f710b,https://cdn.shopify.com/s/files/1/0275/3649/0561/products/gateron-melodic-clicky-switches-922314.webp,switches
prd_0b9a0b9a785b4ce6988c3ddc6e4c9720,Glorious,Lynx MX Unlubed Switches,29.99,29.99,USD,True,var_0491fd243b4d42e99adf67085bd89589,https://cdn.shopify.com/s/files/1/0549/2681/files/GLO-SWT-LYNX_Web_Gallery_Switch_39acd2c1-ee8c-4e37-a090-88222e15abf7.webp,switches
prd_1ee03f99f28947ae8e05cd349d7f54cc,EPOMAKER,EPOMAKER Lilac Silent Tactile Switch Set,25.99,25.99,USD,True,var_7b1369889f42490a83ca616380749c47,https://cdn.shopify.com/s/files/1/0280/3931/5529/files/EPOMAKERLilacSwitchesWhite_1.webp,switches
prd_c8ec3034023d410fbf72076547f7f60d,Divinikey,Geon Raw HE Linear Switches,11.7,11.7,USD,True,var_f7281f0d2608401486ab533110017048,https://cdn.shopify.com/s/files/1/0275/3649/0561/files/geon-raw-he-linear-switches-920229.webp,switches
prd_c4d0fea0440b48ca8ac1bc2817d2eb32,Keychron,Gateron KS-3 Milky Pro Switch,29.99,29.99,USD,True,var_75622f71c64d49f7a2bbeaac3aebf06e,https://cdn.shopify.com/s/files/1/0059/0630/1017/products/Gateron-KS-3-Milky-Red-Pro-Switch-Set.jpg,switches
prd_d181182dcf554f42a458e5706c52cd2d,Glorious,Fox MX Switches,39.99,39.99,USD,True,var_d7e354d8a6c848b09f2881c511146e26,https://cdn.shopify.com/s/files/1/0549/2681/files/GLO-KB-ACC-SWT-FOX-LUBED-110_Web_Gallery_Switch_59b93f68-2a7e-4220-b1f1-edb0f9531661.webp,switches
prd_aa5846b0eff14ea99b64795b11eaef45,EPOMAKER,EPOMAKER Creamy Jade Switch Set,19.99,19.99,USD,True,var_4061c883db884c569e47295909204663,https://cdn.shopify.com/s/files/1/0280/3931/5529/files/EPOMAKER_3_fdf6817b-474d-4701-af7d-2f3e6215a903.png,switches
prd_3f47054a41ee4aa4b53de33d881378ad,Keychron,Cherry MX Switch Set,19.99,19.99,USD,True,var_a6518cb4f612498b9e5aa28cc3927f16,https://cdn.shopify.com/s/files/1/0059/0630/1017/products/cherry-red-switches.jpg,switches
prd_613c3b967e344955b5423e2797524b6a,Keychron,Gateron Ink V2 Switch Set,34.99,34.99,USD,True,var_f8256c357bf44adfbc45f86d8f6cbc0a,https://cdn.shopify.com/s/files/1/0059/0630/1017/products/gateron_ink_red_switches.jpg,switches
prd_2d151a1a77194acd8f5cec5385932d26,Divinikey,Gateron Magnetic Jade Pro HE Switches,11.52,11.52,USD,True,var_2c0d06f889df4cb7b57fded9a0d2ac5d,https://cdn.shopify.com/s/files/1/0275/3649/0561/files/gateron-magnetic-jade-pro-he-switches-441510.webp,switches
prd_8a41f6dd23394e5d8782e390249d1c2e,Divinikey,Keygeek Cera X Linear Switches,6.12,6.12,USD,True,var_cf33ca781a4c43cd90795c1efdc9e516,https://cdn.shopify.com/s/files/1/0275/3649/0561/files/keygeek-cera-x-linear-switches-6538991.webp,switches
prd_e606683a76a348b89fa1c0d4136ae507,Divinikey,Keygeek Crepe Linear Switches,5.76,5.76,USD,True,var_cfa42e9926da4f83be04196cefa6b404,https://cdn.shopify.com/s/files/1/0275/3649/0561/files/keygeek-crepe-linear-switches-1060004.webp,switches
prd_172beb13433b418cab367d049b351c3e,Divinikey,Cherry MX2A Brown Tactile Switches,6.3,6.3,USD,True,var_d4184101ae1944bda778291ad98054d6,https://cdn.shopify.com/s/files/1/0275/3649/0561/products/cherry-mx2a-brown-tactile-switches-409938.webp,switches
prd_6d75a87c1eab4f6287eba7ef302b8128,Keychron,Gateron Cap V2 Switch Set,9.99,9.99,USD,True,var_006db0ee64e74d309a61cbab36d74203,https://cdn.shopify.com/s/files/1/0059/0630/1017/products/gateron-cap-red.jpg,switches
prd_c2e98051d22d42a7a98400ac20c1a67b,Divinikey,KBDfans Roller V2 Linear Switches,6.84,6.84,USD,True,var_d0a6e710a7754f959c14d156031535de,https://cdn.shopify.com/s/files/1/0275/3649/0561/files/kbdfans-roller-v2-linear-switches-9432322.webp,switches
prd_b77d5a4665524967b22bd302aff5d03c,Keychron,Keychron Mechanical Switch,9.99,9.99,USD,True,var_0cfcf657ae50462ab5286f5e46b7ef5b,https://cdn.shopify.com/s/files/1/0059/0630/1017/products/Keychron-Mechanical-Red-Switch-Set-35-pieces.jpg,switches
prd_9033b589f2904045b100e512ba10ccdd,Divinikey,Gateron Harmonic Clicky Switches,11.7,11.7,USD,True,var_092cb7b15fe74149bd50991409f61fef,https://cdn.shopify.com/s/files/1/0275/3649/0561/files/gateron-harmonic-clicky-switches-5791743.webp,switches
prd_49303f19737e4247b974ffeb41169662,Glorious,Kailh Mechanical Keyboard Switches,39.99,39.99,USD,True,var_9574151d8844438da9fc3195570b8d52,https://cdn.shopify.com/s/files/1/0549/2681/files/KAILH_BoxBlack_Web_Gallery_Switch_6efc26dd-1aeb-4d52-a19b-36cfa6b68dee.webp,switches
prd_e824977fa0c444b3bf6f15eeae90f142,Divinikey,Keygeek Peach Cheesecake Linear Switches,6.3,6.3,USD,True,var_2400079cb3bf4efebaadb8f719d55249,https://cdn.shopify.com/s/files/1/0275/3649/0561/files/keygeek-peach-cheesecake-linear-switches-3184839.webp,switches
prd_61f70bcf02b649bf986661f0d3fd2501,Divinikey,Gateron Quinn Tactile Switches,9.9,9.9,USD,True,var_63b0233a37624e96bd85e280c0bf8c97,https://cdn.shopify.com/s/files/1/0275/3649/0561/products/gateron-quinn-tactile-switches-645174.webp,switches
prd_b6733a9195ee464a8a8686d61a75d21d,EPOMAKER,Epomaker Sea Salt Switch Set V2,16.99,16.99,USD,True,var_640cd444d09b4b51b501fc44bacd0bf0,https://cdn.shopify.com/s/files/1/0280/3931/5529/products/IMG_3192.jpg,switches
prd_e3c836e8be384e00a04157fe71023856,Divinikey,Gateron x Siliworks Type R Tactile Switches,9,9,USD,True,var_37c136ff8e7046cdb0d6b63de8bd4174,https://cdn.shopify.com/s/files/1/0275/3649/0561/files/gateron-x-siliworks-type-r-tactile-switches-7723455.webp,switches
prd_592b7cdc4bb84796a143349b6845a08d,Keychron,Gateron KS-8 Mechanical Switch,24.99,24.99,USD,True,var_fc7cef3eef7044d280c5250847f10ba2,https://cdn.shopify.com/s/files/1/0059/0630/1017/products/Gateron-KS-8-Mechanical-Red-Switch-Set.jpg,switches
prd_d53e989027704b46accf173f330bf2b1,EPOMAKER,LEOBOG Reaper Switch Set,26.99,26.99,USD,True,var_33e8ead8f4304c849f20bf30b3f921f0,https://cdn.shopify.com/s/files/1/0280/3931/5529/files/203A5409.jpg,switches
prd_46d8ef2945464c278d673e0a0e5a6b25,EPOMAKER,EPOMAKER Click Mouse,69.99,69.99,USD,True,var_480a68baa6854af7a0d0e7c3fa369faf,https://cdn.shopify.com/s/files/1/0280/3931/5529/files/IMG_7908.png,mouse
prd_1d9a81ddc0d64befb497331b4339db4c,Keychron,Keychron M6 Wireless Mouse,49.99,49.99,USD,True,var_8703c7d86de2456e8a6c005e7e2f2070,https://cdn.shopify.com/s/files/1/0059/0630/1017/files/Keychron-M6-Wireless-Mouse-Black.jpg,mouse
prd_a75f44b1e6d546f0a6fc0482789e84d3,Keychron,Keychron BM27 Wireless Ergonomic Mouse,34.99,34.99,USD,True,var_f4823b1e833a428abdcbf513b71e5269,https://cdn.shopify.com/s/files/1/0059/0630/1017/files/Keychron_BM27_Wireless_Ergonomic_Mouse_2.jpg,mouse
prd_df836788a38a4c99b3011d6d83091729,EPOMAKER,EPOMAKER Click Lite Mouse,29.99,29.99,USD,True,var_7c91afa150e142ed8a39225f419ac4d5,https://cdn.shopify.com/s/files/1/0280/3931/5529/files/EpomakerClickLite_5_efeeb09c-c5c8-405e-bfaf-eb5415f92c98.png,mouse
prd_7dff1b771eb248b6a3d2a16c88511778,Keychron,Keychron M5 Wireless Ergonomic Mouse,69.99,69.99,USD,True,var_f475b9060e4842dbbd381f65f284f159,https://cdn.shopify.com/s/files/1/0059/0630/1017/files/Keychron-M5-PixArt-3395-1K-Polling-Rate-Wireless-Ergonomic-Mouse-Black-Version.jpg,mouse
prd_83e050299d3d46b6abed46cd8d543011,Glorious,Model O3 Wireless Mouse,159.99,159.99,USD,True,var_401249bb3ab24485b1e1bbb047c77acb,https://cdn.shopify.com/s/files/1/0549/2681/files/GLO-O3-WL-BLK_Web_Gallery_Front_2x_d5f2cc78-c1d2-4fb4-b1e5-e5167e562034.webp,mouse
prd_811cee8367cd47e99a590cebd2589aae,Keychron,Keychron G3 Ultra Light Wireless Mouse,109.99,109.99,USD,True,var_10163b69f0384f249efdda7f4a1ec897,https://cdn.shopify.com/s/files/1/0059/0630/1017/files/Keychron-G3-Wireless-Mouse-Black.jpg,mouse
prd_5c9f6b6775a54a3498ada29362145e17,Keychron,Keychron M3 Mini Wireless Mouse,49.99,49.99,USD,True,var_6565933a569145d5b1567cc2ea173be8,https://cdn.shopify.com/s/files/1/0059/0630/1017/products/Keychron-M3-Mini-Wireless-Mouse-Black.jpg,mouse
prd_296f33f2da6f4be0bf212d2a5298752b,EPOMAKER,EPOMAKER Carbonis Mouse,89.99,89.99,USD,True,var_cc3dc91b6b0d4e83ae75f52ab1af9e05,https://cdn.shopify.com/s/files/1/0280/3931/5529/files/EPOMAKERCarbonis_01.webp,mouse
prd_d259ea9f94ed451590d2066211cd07d0,EPOMAKER,EPOMAKER NEX Lite Mouse,35.99,35.99,USD,True,var_1e7dbc78fdd24fdd8dbfdf184d762a8f,https://cdn.shopify.com/s/files/1/0280/3931/5529/files/EPOMAKERNEXLiteBK_2.webp,mouse
prd_92bf7aa17ad04b818c3bf4cbdb1527ad,Keychron,Keychron G4 Wireless Mouse,74.99,74.99,USD,True,var_ce9db353634444649fe1ada5f33baf9c,https://cdn.shopify.com/s/files/1/0059/0630/1017/files/Keychron_G4_Wireless_Mouse-2.jpg,mouse
prd_fbd12e6654b74c00aa81fc8c2562ffb6,Glorious,Model O Classic Wireless Mouse,89.99,89.99,USD,True,var_079acd502a774fd398b4141d8235338c,https://cdn.shopify.com/s/files/1/0549/2681/files/GLO-OC-WL-BLK_Web_Gallery_1_Perspective_2x_fe3f5d3e-a0e5-45ca-8f85-1c87b8ef6a63.webp,mouse
prd_c574c8ed4529491dbf076799a24d7bd2,EPOMAKER,EPOMAKER CarbonX Mouse,79.99,79.99,USD,True,var_06ebdfb3fb614e13b722524b328f8065,https://cdn.shopify.com/s/files/1/0280/3931/5529/files/EpomakerCarbonX_1.webp,mouse
prd_6147f7e7b3634f6b960e567fb85939d9,Keychron,Keychron M4 Wireless Mouse,59.99,59.99,USD,True,var_346df10af5894a3a9c057c1c3eda10d2,https://cdn.shopify.com/s/files/1/0059/0630/1017/files/Keychron-M4-wireless-mouse-black-4000-Hz-Polling-Rate.jpg,mouse
prd_fbace67a4b9b44a39fdb77dc7cd38c4f,Keychron,Keychron BM22 Wireless Mouse,19.99,19.99,USD,True,var_7283a5cd904f44ecaef77707f995cb6a,https://cdn.shopify.com/s/files/1/0059/0630/1017/files/Keychron-BM22-Wireless-Mouse-Black_01e13a90-d7e6-4a75-aef0-4527d5939417.jpg,mouse
prd_9c07cde25e4e46bf885f5a5f5aa5f9b6,Keychron,Keychron BM25 Wireless Mouse,19.99,19.99,USD,True,var_9ba5c72837e5400085fc5be17b380428,https://cdn.shopify.com/s/files/1/0059/0630/1017/files/Keychron-BM25-wireless-mouse-space-gray.jpg,mouse
prd_880c1f93bf7242a98c08d6760f6f489f,Keychron,Keychron BM24 Wireless Mouse,19.99,19.99,USD,True,var_a61ea4660167417d88d95387e1c28e4f,https://cdn.shopify.com/s/files/1/0059/0630/1017/files/KeychronBM24WirelessMouseSpaceGray.jpg,mouse
prd_137fbb950fae48178a3cfad354bbc5a3,EPOMAKER,EPOMAKER NEX Pro Mouse,79.99,79.99,USD,True,var_2d724ec78e6a4034b32e4bb979bfd28b,https://cdn.shopify.com/s/files/1/0280/3931/5529/files/EpomakerNexPRO_3.webp,mouse
prd_f9b61e584e554b918c940edb4a482039,Glorious,Model D3 Wireless Mouse,159.99,159.99,USD,True,var_5449bb155c4d4985a2e8e80e72b572c8,https://cdn.shopify.com/s/files/1/0549/2681/files/GLO-D3-WL-BLK_Web_Gallery_Front_2x_904e8b0c-d7df-452f-8d02-c77ac2135703.webp,mouse
prd_ba0afea15ffd4aa4958d2b2c324267f1,Keychron,Lemokey G1 Wireless Mouse,64.99,64.99,USD,True,var_3b84ada8194641d3ab75c0f58db52cf2,https://cdn.shopify.com/s/files/1/0059/0630/1017/files/Lemokey-G1-wireless-mouse-black.jpg,mouse
prd_a890daa7e92646fea6a932a2ca7303a8,Keychron,Lemokey G2 Wireless Mouse,59.99,59.99,USD,True,var_53e67d35ee6e4ca59ec0efece49abd97,https://cdn.shopify.com/s/files/1/0059/0630/1017/files/Lemokey-G2-wireless-mouse-black.jpg,mouse
prd_3256945cf49d41c9b178d5da3924acb3,Glorious,Model O Eternal Wired Mouse,39.99,39.99,USD,True,var_905e5ba70d814b6d9913826ae60d63a0,https://cdn.shopify.com/s/files/1/0549/2681/files/GLO-OE-W-BLK_Web_Gallery_Front.webp,mouse
prd_a5b9be8fe8f741f59ba51f36692aa74c,Glorious,Model O3 Wired Mouse,69.99,69.99,USD,True,var_62532ed393ee4714a22dccc84b770a3f,https://cdn.shopify.com/s/files/1/0549/2681/files/GLO-O3-W-BLK_Web_Gallery_Front_2x_412cd141-108b-4fc2-a4ea-4e1934ecfc2c.webp,mouse
prd_84df68fc9f9c49a9aad948312898e31c,Glorious,Model D3 Wired Mouse,69.99,69.99,USD,True,var_58087d75e3f54c359cd8c0632ad3ebfd,https://cdn.shopify.com/s/files/1/0549/2681/files/GLO-D3-W-BLK_Web_Gallery_Front_2x_490bdda1-ae02-47ec-bbf8-56a2373d6eac.webp,mouse
prd_f6abb40d839b482f83ed293bcf88c58b,Mavigadget,Wireless Rechargeable Gaming Mouse,34.95,34.95,USD,True,var_6efdcd3765a34687be1837a0ab79de1c,https://cdn.shopify.com/s/files/1/0629/4939/2444/files/H71467f69191a4504867223b7a85cecb8b.jpg,mouse
prd_2a17263b934e48f889a66159a500c103,Mavigadget,Rechargeable Universal USB-C Cartoon Wireless Mouse,48.95,48.95,USD,True,var_35046f851b44412e8e28c64a4f1b56a8,https://cdn.shopify.com/s/files/1/0629/4939/2444/files/product-image-1789709428.jpg,mouse
prd_7ccc47cf71e1497688a7821c022ca204,Mavigadget,Aluminum Space Ship Wireless Gaming Mouse,34.95,34.95,USD,True,var_8bcdaab8718a4a66b5c7e429553a21d2,https://cdn.shopify.com/s/files/1/0629/4939/2444/files/Seae12d516768472f9845f3f208a89d28u.jpg,mouse
prd_daf5b48f8e4f4a37a46d8c54baa4c059,bashfashion,Logitech G Pro X SUPERLIGHT 2 DEX Wireless Gaming Mouse(Black),264,264,USD,True,var_148c3b3410d445f4ba239924d6ab7cbe,https://cdn.shopify.com/s/files/1/0772/1192/6824/files/EDA007884901C.jpg,mouse
prd_c7b8980465da4f198caf1a77e9f13bf2,HyperShop.com,HyperSpace Bluetooth Mouse,23.99,23.99,USD,True,var_abc669d19df348cdb53cd4a595d301f6,https://cdn.shopify.com/s/files/1/0872/6416/files/hyperspace-bluetooth-mouse-2463120.webp,mouse
prd_0dc755c1c4994c6585aa3693c17b38f5,Mavigadget,Vertical Ergonomic Soft Click Wireless Mouse,66.95,66.95,USD,True,var_1ffa7587b8a44397bb3c83205c1adc25,https://cdn.shopify.com/s/files/1/0629/4939/2444/files/S985ce85d0ace4f2e866b62dec9033732n.jpg,mouse
prd_182db314602747f29c8e7285a7e71786,bashfashion,DELUX M618 6-Keys Vertical Snail Ergonomic Wireless Mouse(Black),39,39,USD,True,var_0df3a7aa2b954abc8ed96653aea4dd3b,https://cdn.shopify.com/s/files/1/0772/1192/6824/files/TBD0595288201A.jpg,mouse
prd_79ba4ad6f0ff4bb0bd19f40605d5e4d3,bashfashion,Logitech G903 LIGHTSPEED 16000 DPI 11 Buttons HERO 16K Sensor RGB Backlight Left and Right Hands Universal Wireless Optical Gaming Mouse (Black),146,146,USD,True,var_45001c12095c4380b84755928727bfa8,https://cdn.shopify.com/s/files/1/0772/1192/6824/files/KB2969B.jpg,mouse
prd_72535f10b9d7411eaeb3d577697c4677,Mavigadget,Silent Transparent Clear Click Wireless Mouse,21.95,21.95,USD,True,var_d6165af56e2b4025bc1640a369dabc44,https://cdn.shopify.com/s/files/1/0629/4939/2444/files/Se31003107ea14f67bbdb556d9d2d5dd4O.jpg,mouse
prd_a0d20df394914230b2f4f50c315e824b,Mavigadget,Programmable Ergonomic RGB Game Master Mouse,47.95,47.95,USD,True,var_43bb5f4b41c34bd9813933847124d9e5,https://cdn.shopify.com/s/files/1/0629/4939/2444/files/S2d5f713a6ca24362b7b69e1e7366b11ez-removebg-preview.png,mouse
prd_47dfd3a2195b4b30bbb68840a9007c29,bashfashion,Logitech G PRO X2 Wireless Gaming Mouse(White),222,222,USD,True,var_1de5251371be4c34afb14b5e9a5ef464,https://cdn.shopify.com/s/files/1/0772/1192/6824/files/EDA008456601A.jpg,mouse
prd_f83ed77a4e164503a84dec85a0b67c5a,Tech For Less,Lenovo Essential 4Y50R20863 Wired Optical Mouse,9.18,9.18,USD,True,var_90d712bf8765474db195105301bfaa9e,https://cdn.shopify.com/s/files/1/0725/7020/8392/files/44efac20-b104-4832-8027-9c43c580c994.jpg,mouse
prd_d80eb193b2bf453c91fc70eddf2e9328,Tech For Less,Logitech Ergo M575 910-005869 Bluetooth Wireless Trackball Mouse,48.49,48.49,USD,True,var_0938f14b31e043e4b808a235f8c1d0ef,https://cdn.shopify.com/s/files/1/0725/7020/8392/files/eeffe648-0a4b-4098-b763-5d05dfd529e6.jpg,mouse
prd_e1f7d8118804450cb946d9471a67a950,bashfashion,HXSJ M303 2400DPI Dual Mode 2.4GHz + Bluetooth 5.1 Wireless Mouse(Black),26,26,USD,True,var_1d0e0775d58348868a6e0315c310d131,https://cdn.shopify.com/s/files/1/0772/1192/6824/files/EDA005227101A.jpg,mouse
prd_f0088aee73d849a194d3364983affd47,bashfashion,"Inphic PM6 6 Keys 1000/1200/1600 DPI Home Gaming Wireless Mechanical Mouse, Colour: Gray Wireless Charging Silent Version",21,21,USD,True,var_6e6fcff14ebe4111a0e4e57478364bad,https://cdn.shopify.com/s/files/1/0772/1192/6824/files/TBD0549180002.jpg,mouse
prd_39b07d4b903b40fb92f7fb7523745010,bashfashion,Inphic PW1H Wired Silent Illuminated Computer Gaming 6-Button Mouse(Black),21,21,USD,True,var_9f5a9a0a9d624a0e85ca0761b315fc16,https://cdn.shopify.com/s/files/1/0772/1192/6824/files/TBD0605186701B.jpg,mouse
prd_9bafd861b5654f9f9692e2701b1950ab,bashfashion,iMICE G6 Wireless Mouse 2.4G Office Mouse 6-button Gaming Mouse(Black),23,23,USD,True,var_526f0b6063b14e699b526d31164faaaf,https://cdn.shopify.com/s/files/1/0772/1192/6824/files/KB0214B.jpg,mouse
prd_08613bbea41a4c40a2da58cb0d127308,bashfashion,YINDIAO A7 2.4GHz 1600DPI 3-modes Adjustable 7-keys Rechargeable RGB Light Wireless Silent Gaming Mouse (White),23,23,USD,True,var_927cbe9b6be44c9697b450a0bedffdf7,https://cdn.shopify.com/s/files/1/0772/1192/6824/files/KB7667W.jpg,mouse
prd_e069aefe08dc451fb1bc774ab3f1bfc8,Mavigadget,Mini Wireless Silent Ergonomic Mouse,69.95,69.95,USD,True,var_df8c60286f5d410b8dbb1d2b82b2be57,https://cdn.shopify.com/s/files/1/0629/4939/2444/files/product-image-1794708423.jpg,mouse
prd_639963ba3d8d4000983b04ebe024b6bd,bashfashion,DELUX M618GX Wireless Ergonomic Vertical Mouse 1600DPI Optical Mouse,48,48,USD,True,var_5ff4bc3da07b4926aca454d39629510b,https://cdn.shopify.com/s/files/1/0772/1192/6824/files/KB8874.jpg,mouse
prd_a0a1e85264944b81b1b291618b23d2a4,bashfashion,Inphic M9 2.4G Wireless Mouse Business Office Home Ergonomic Mute Computer Mice(Dark Gray),25,25,USD,True,var_2e559380d1df482494bad53d790f66d6,https://cdn.shopify.com/s/files/1/0772/1192/6824/files/TBD0606302901A.jpg,mouse
prd_29997e0c708149bfba69278728ba51f3,Glorious,Model O3 Wireless Mouse,159.99,159.99,USD,True,var_73db7cfeeac3492b9fefb64abed2bb32,https://cdn.shopify.com/s/files/1/0549/2681/files/GLO-O3-WL-BLK_Web_Gallery_Front_2x_d5f2cc78-c1d2-4fb4-b1e5-e5167e562034.webp,gaming mouse
prd_59444b2d0572450081e3fabe541671ef,Glorious,Model O Eternal Wired Mouse,39.99,39.99,USD,True,var_fe8f3869e1a04817ab78a9aa26728a21,https://cdn.shopify.com/s/files/1/0549/2681/files/GLO-OE-W-BLK_Web_Gallery_Front.webp,gaming mouse
prd_0585d1cca2a641678c0ff7faa9e9384c,EPOMAKER,EPOMAKER Click Lite Mouse,29.99,29.99,USD,True,var_0f6b49eba43a41578ae00365e1be05e9,https://cdn.shopify.com/s/files/1/0280/3931/5529/files/EpomakerClickLite_5_efeeb09c-c5c8-405e-bfaf-eb5415f92c98.png,gaming mouse
prd_90522e85a57e490ab31828c7a7b150a5,Keychron,Keychron M6 Wireless Mouse,49.99,49.99,USD,True,var_49da0f0a82ad4d549a4652096b7c20f4,https://cdn.shopify.com/s/files/1/0059/0630/1017/files/Keychron-M6-Wireless-Mouse-Black.jpg,gaming mouse
prd_6c4b98ab8c5541928d1b5d86fa0d9fa9,EPOMAKER,EPOMAKER CarbonX Mouse,79.99,79.99,USD,True,var_4ec0f198b020493b8fc561942b0eed2c,https://cdn.shopify.com/s/files/1/0280/3931/5529/files/EpomakerCarbonX_1.webp,gaming mouse
prd_f8c9502374e4442f848d0960b98e8f0e,EPOMAKER,EPOMAKER Click Mouse,69.99,69.99,USD,True,var_fd1ca95416584f20a8efb493243e4cb0,https://cdn.shopify.com/s/files/1/0280/3931/5529/files/IMG_7908.png,gaming mouse
prd_39f5ebaffa744c648b7e31c10fb26cc3,Glorious,Model O Classic Wireless Mouse,89.99,89.99,USD,True,var_f4f762db0aeb42ee92b6ca4814f81cec,https://cdn.shopify.com/s/files/1/0549/2681/files/GLO-OC-WL-BLK_Web_Gallery_1_Perspective_2x_fe3f5d3e-a0e5-45ca-8f85-1c87b8ef6a63.webp,gaming mouse
prd_e82c8eaee70d43aa93ef4dd720276347,EPOMAKER,EPOMAKER Carbonis Mouse,89.99,89.99,USD,True,var_6fa15f440d32472fa04ce2a18e90ee1c,https://cdn.shopify.com/s/files/1/0280/3931/5529/files/EPOMAKERCarbonis_01.webp,gaming mouse
prd_3cfab83500cc4b109aff4841b617a404,Glorious,Model O3 Wired Mouse,69.99,69.99,USD,True,var_4417f71f452043e6abcff194a035b228,https://cdn.shopify.com/s/files/1/0549/2681/files/GLO-O3-W-BLK_Web_Gallery_Front_2x_412cd141-108b-4fc2-a4ea-4e1934ecfc2c.webp,gaming mouse
prd_e7c30f88243243f68d6bf8ecc324e0b2,EPOMAKER,EPOMAKER NEX Pro Mouse,79.99,79.99,USD,True,var_313a1f45a8f4462abf1263031edd2199,https://cdn.shopify.com/s/files/1/0280/3931/5529/files/EpomakerNexPRO_3.webp,gaming mouse
prd_585309c7aede429ca72fdd5fad218ae3,Glorious,Model D3 Wired Mouse,69.99,69.99,USD,True,var_efeb5aa1878440d2b103a2c8d71d4bbf,https://cdn.shopify.com/s/files/1/0549/2681/files/GLO-D3-W-BLK_Web_Gallery_Front_2x_490bdda1-ae02-47ec-bbf8-56a2373d6eac.webp,gaming mouse
prd_c35b7e168271456baef39a87f706368e,Keychron,Keychron G3 Ultra Light Wireless Mouse,109.99,109.99,USD,True,var_23e0397d44ac44e3a2949e589d20b4d7,https://cdn.shopify.com/s/files/1/0059/0630/1017/files/Keychron-G3-Wireless-Mouse-Black.jpg,gaming mouse
prd_d9b392f7a5244fad9fbdb14efa439086,Keychron,Keychron M5 Wireless Ergonomic Mouse,69.99,69.99,USD,True,var_3a3b87c8a0734f35897aeb03893e4f4f,https://cdn.shopify.com/s/files/1/0059/0630/1017/files/Keychron-M5-PixArt-3395-1K-Polling-Rate-Wireless-Ergonomic-Mouse-Black-Version.jpg,gaming mouse
prd_8830fbf13ea04397b26f918562b3f16e,EPOMAKER,EPOMAKER NEX Lite Mouse,35.99,35.99,USD,True,var_503d0b094184476297e8ec869c7bc3e2,https://cdn.shopify.com/s/files/1/0280/3931/5529/files/EPOMAKERNEXLiteBK_2.webp,gaming mouse
prd_68d97e3f4c3146c98c16e334fab380e4,Glorious,Model D3 Wireless Mouse,159.99,159.99,USD,True,var_e6cc3e161c74442684f4463ac57d68a0,https://cdn.shopify.com/s/files/1/0549/2681/files/GLO-D3-WL-BLK_Web_Gallery_Front_2x_904e8b0c-d7df-452f-8d02-c77ac2135703.webp,gaming mouse
prd_bb313c6eb0ff41a39506d40df22c8b46,Keychron,Keychron M4 Wireless Mouse,59.99,59.99,USD,True,var_1929f7b62c424d129f49dcdf06524ce6,https://cdn.shopify.com/s/files/1/0059/0630/1017/files/Keychron-M4-wireless-mouse-black-4000-Hz-Polling-Rate.jpg,gaming mouse
prd_0c40f1a2762240e89b42d2b7f2c163ba,Keychron,Keychron M3 Mini Wireless Mouse,49.99,49.99,USD,True,var_9af6bf705ae94f6c85c4a06f7783d993,https://cdn.shopify.com/s/files/1/0059/0630/1017/products/Keychron-M3-Mini-Wireless-Mouse-Black.jpg,gaming mouse
prd_0ac7eead362b4a6d810e6261737a5786,Keychron,Keychron BM22 Wireless Mouse,19.99,19.99,USD,True,var_766d9a60177d458fa0e5007f4824f544,https://cdn.shopify.com/s/files/1/0059/0630/1017/files/Keychron-BM22-Wireless-Mouse-Black_01e13a90-d7e6-4a75-aef0-4527d5939417.jpg,gaming mouse
prd_4b7a6c43b6fb4d8ba7f1a05e46c20fc9,Mavigadget,Wireless Rechargeable Gaming Mouse,34.95,34.95,USD,True,var_c13c12a2a2774445bbe5b6d0177e3025,https://cdn.shopify.com/s/files/1/0629/4939/2444/files/H71467f69191a4504867223b7a85cecb8b.jpg,gaming mouse
prd_b527bd66f1904749a155f883505fdcb3,Keychron,Keychron BM24 Wireless Mouse,19.99,19.99,USD,True,var_0f77a7bc4b26434e8905b7ad3c868f52,https://cdn.shopify.com/s/files/1/0059/0630/1017/files/KeychronBM24WirelessMouseSpaceGray.jpg,gaming mouse
prd_b62e89a136524272ab9a4354c7ac80a3,Mavigadget,Aluminum Space Ship Wireless Gaming Mouse,34.95,34.95,USD,True,var_259670d1042c49c09b2ffcfde7fedb2e,https://cdn.shopify.com/s/files/1/0629/4939/2444/files/Seae12d516768472f9845f3f208a89d28u.jpg,gaming mouse
prd_f112126889d4418a900b186fa73fc61a,Keychron,Lemokey G1 Wireless Mouse,64.99,64.99,USD,True,var_f680c6e218434befab62f1384f66ae83,https://cdn.shopify.com/s/files/1/0059/0630/1017/files/Lemokey-G1-wireless-mouse-black.jpg,gaming mouse
prd_77ff85ce8a8b46a6a664b465aabdd393,bashfashion,Logitech G Pro X SUPERLIGHT 2 DEX Wireless Gaming Mouse(Black),264,264,USD,True,var_7f593843e3584f7dad973d6991c13fd7,https://cdn.shopify.com/s/files/1/0772/1192/6824/files/EDA007884901C.jpg,gaming mouse
prd_deb38d45a6984c3c9c091efebc9b16ce,Keychron,Keychron G4 Wireless Mouse,74.99,74.99,USD,True,var_258a0406c31d42b486a00885f0258e74,https://cdn.shopify.com/s/files/1/0059/0630/1017/files/Keychron_G4_Wireless_Mouse-2.jpg,gaming mouse
prd_64ab98eb4cdb4214b550c396dca918c7,Mavigadget,Programmable Ergonomic RGB Game Master Mouse,47.95,47.95,USD,True,var_d3794f1744ab43c7b0ecde990ce3d0d1,https://cdn.shopify.com/s/files/1/0629/4939/2444/files/S2d5f713a6ca24362b7b69e1e7366b11ez-removebg-preview.png,gaming mouse
prd_3c18b8e08fbb4f8aa25565ad3c156f7e,Mavigadget,Ergonomic RGB Mechanical Metal Wired Gaming Mouse,41.99,41.99,USD,True,var_57efaafca3894615883089894cd86745,https://cdn.shopify.com/s/files/1/0629/4939/2444/files/S79a5b0e75a85460080c23509d17d79e8v.webp,gaming mouse
prd_64c67dda75bb46c5b1c302c894de12a3,bashfashion,Inphic PW1H Wired Silent Illuminated Computer Gaming 6-Button Mouse(Black),21,21,USD,True,var_5165eb8546ca43dd81aeff5ccfefd860,https://cdn.shopify.com/s/files/1/0772/1192/6824/files/TBD0605186701B.jpg,gaming mouse
prd_d22bc62ba68b440b91b2a39cb9c28e13,bashfashion,Logitech G PRO X2 Wireless Gaming Mouse(White),222,222,USD,True,var_780d29633b974042b3ac77f8cea48f59,https://cdn.shopify.com/s/files/1/0772/1192/6824/files/EDA008456601A.jpg,gaming mouse
prd_9673b2d7f54044818bd539d9117c35a6,bashfashion,Logitech G903 LIGHTSPEED 16000 DPI 11 Buttons HERO 16K Sensor RGB Backlight Left and Right Hands Universal Wireless Optical Gaming Mouse (Black),146,146,USD,True,var_8e0aba1b5b2c4697ba26f77573a9b8f5,https://cdn.shopify.com/s/files/1/0772/1192/6824/files/KB2969B.jpg,gaming mouse
prd_6a9883a902d441298c6ebd6673ceebd9,Keychron,Keychron BM27 Wireless Ergonomic Mouse,34.99,34.99,USD,True,var_bbb9e50570ef493a9f9aaf77b986abaa,https://cdn.shopify.com/s/files/1/0059/0630/1017/files/Keychron_BM27_Wireless_Ergonomic_Mouse_2.jpg,gaming mouse
prd_5628516a2a904db0839f367236ae4d44,Keychron,Keychron BM25 Wireless Mouse,19.99,19.99,USD,True,var_3983ad7ab3e24d73be6abb448348458d,https://cdn.shopify.com/s/files/1/0059/0630/1017/files/Keychron-BM25-wireless-mouse-space-gray.jpg,gaming mouse
prd_13187fbba08a43b79fe5b912a5ceedfa,bashfashion,"Logitech G102 6-keys RGB Glowing 6000DPI Five-speed Adjustable Wired Optical Gaming Mouse, Length: 2m (White)",39,39,USD,True,var_3ad81e0861704a7b8e00125344b9798a,https://cdn.shopify.com/s/files/1/0772/1192/6824/files/KB2703W.jpg,gaming mouse
prd_b1d5a6cbd7db47c69f44de4928c03f6f,Keychron,Lemokey G2 Wireless Mouse,59.99,59.99,USD,True,var_11bb10fd0e244ef086eeb620555f2d78,https://cdn.shopify.com/s/files/1/0059/0630/1017/files/Lemokey-G2-wireless-mouse-black.jpg,gaming mouse
prd_41bb3f41f3a0478899a4f59f969f9842,bashfashion,YINDIAO A7 2.4GHz 1600DPI 3-modes Adjustable 7-keys Rechargeable RGB Light Wireless Silent Gaming Mouse (White),23,23,USD,True,var_4c31bad0c4774be098d516395a8ee627,https://cdn.shopify.com/s/files/1/0772/1192/6824/files/KB7667W.jpg,gaming mouse
prd_4c01d714349f4b0b8a7d71772c1288e6,bashfashion,HXSJ T66 7 Keys Colorful Lighting Programmable Gaming Wireless Mouse (White),28,28,USD,True,var_c6ca01401b1f47b595ddba0b1c4cb3d3,https://cdn.shopify.com/s/files/1/0772/1192/6824/files/KB7204W.jpg,gaming mouse
prd_e45bb21b0594434ab41aec8d7018bd87,bashfashion,WARWOLF  Q8 Wireless Rechargeable Mouse Glowing Gaming Mouse(Black),27,27,USD,True,var_64680bde26764bd291a60283c6427ce1,https://cdn.shopify.com/s/files/1/0772/1192/6824/files/TBD0194790001A.jpg,gaming mouse
prd_cfdb3a487cac498fb57ecd5a56503704,bashfashion,XUNSVFOX XYH80 Hollow Hole Rechargeable Wireless Gaming Mouse RGB Light Computer Office Mouse(Black),30,30,USD,True,var_e0131adb12c04f699b617bad585c37f3,https://cdn.shopify.com/s/files/1/0772/1192/6824/files/TBD0604775901B.jpg,gaming mouse
prd_da7dad1c9c1245d19833eaeb705ad3cb,bashfashion,"Logitech G502 HERO Wired Gaming Mouse with 11 Buttons, Length: 2.1m",67,67,USD,True,var_30e00531f43b4b9ca77e7eded46815c1,https://cdn.shopify.com/s/files/1/0772/1192/6824/files/KB0100.jpg,gaming mouse
prd_e06b503f63754cc9a85215336c50b496,bashfashion,"Chasing Leopard 512G USB Frosted Wired Optical Gaming Mouse, Length: 1.3m(Black)",20,20,USD,True,var_2d7a7238483943fab0f32a0aecdb18e3,https://cdn.shopify.com/s/files/1/0772/1192/6824/files/KB1905B.jpg,gaming mouse
prd_fb88b1fc30774b51a6a25d47bffe5b51,bashfashion,YINDIAO A4 2.4GHz 1600DPI 3-modes Adjustable Rechargeable Wireless Silent Gaming Mouse (Grey Silver),24,24,USD,True,var_a5f08588b6564281a247e662d9f67bbb,https://cdn.shopify.com/s/files/1/0772/1192/6824/files/KB7664S.jpg,gaming mouse
prd_2500001a33194c90a1a627c1a00fcd63,bashfashion,S700 Colorful Light USB Wired Office Gaming Mouse (Black),18,18,USD,True,var_522bb0d7d3f74d5fbda39970a654b87d,https://cdn.shopify.com/s/files/1/0772/1192/6824/files/KB0638B.jpg,gaming mouse
prd_ac63bcae7e20495b81bfe7adc4fab935,bashfashion,iMICE GW-X7 2.4G + Bluetooth Dual Mode 7-button Silent Rechargeable Wireless Gaming Mouse with Colorful RGB Lights(Black),25,25,USD,True,var_19645682ee3f4cea956902ae115e788d,https://cdn.shopify.com/s/files/1/0772/1192/6824/files/EDA002614701A.jpg,gaming mouse
prd_79b2c3f3268545aeae7510e3407a31be,bashfashion,iMICE G900 6 Keys 12800DPI Gaming Mouse Rechargeable Tri-Ode Wireless Mouse(Black),33,33,USD,True,var_5e8700f6a8584da48a5a99be3ef63b7d,https://cdn.shopify.com/s/files/1/0772/1192/6824/files/TBD0606164001A.jpg,gaming mouse
prd_c79d117e96ba4a5f93f57fd74beb3a64,bashfashion,"Inphic PM6 6 Keys 1000/1200/1600 DPI Home Gaming Wireless Mechanical Mouse, Colour: Gray Wireless Charging Silent Version",21,21,USD,True,var_1777633b78684763b62e4c6c669deab8,https://cdn.shopify.com/s/files/1/0772/1192/6824/files/TBD0549180002.jpg,gaming mouse
prd_aeff9c2edf054c97963ee78908d6cbc9,bashfashion,Inphic F8 2.4G Wireless Mute Charging Computer Gaming Mouse(Milk Tea Color),30,30,USD,True,var_dc460293b7bf4dae8041fb8356bca2e0,https://cdn.shopify.com/s/files/1/0772/1192/6824/files/TBD0605192301A.jpg,gaming mouse
prd_5bf85f09d9d14a60a26771e3192f4ff4,bashfashion,ZELOTES C18 11-Keys RGB Vertical Grip Ergonomic Joystick Programming Gaming Wired Mouse(Black),45,45,USD,True,var_1f6ef0589c6b408e927012bb05917728,https://cdn.shopify.com/s/files/1/0772/1192/6824/files/TBD0605439701A.jpg,gaming mouse
prd_19780c0e9abf45949ef9e40b17637aa0,bashfashion,ET X-08 7-keys 2400DPI 2.4G Wireless Mute Gaming Mouse with USB Receiver & Colorful Backlight (Red),28,28,USD,True,var_0345b8ed8a5b4be7aa613a5309224159,https://cdn.shopify.com/s/files/1/0772/1192/6824/files/KB5603R.jpg,gaming mouse
prd_447638eaf5c148f3b1e6caaffe5fde0c,bashfashion,DELUX M618 6-Keys Vertical Snail Ergonomic Wireless Mouse(Black),39,39,USD,True,var_bde1feee82ae45e7a20ec9d1f99fbcb0,https://cdn.shopify.com/s/files/1/0772/1192/6824/files/TBD0595288201A.jpg,gaming mouse
prd_c96e589e02684b249898e19d3296f9c9,bashfashion,Inphic W-02 USB Wired Mouse Gaming Macro-Programmable Illuminated Computer Mice(Gray),22,22,USD,True,var_ade1ac8c7d2f43d28ce90a0acba20278,https://cdn.shopify.com/s/files/1/0772/1192/6824/files/TBD0606299501B.jpg,gaming mouse
prd_304cf9934eec486e95135cd7bf90c94f,bashfashion,iMICE G6 Wireless Mouse 2.4G Office Mouse 6-button Gaming Mouse(Black),23,23,USD,True,var_1b9f8426b0e34d0b9d5dd15a21165435,https://cdn.shopify.com/s/files/1/0772/1192/6824/files/KB0214B.jpg,gaming mouse
prd_ae0c79ccf8844f99a37960ae6ccc747b,bashfashion,ZGB K3 USB RGB Streamer Wired Gaming Mouse(Black),19,19,USD,True,var_15f5ff4ea06b4714a9f35e837e13f2ea,https://cdn.shopify.com/s/files/1/0772/1192/6824/files/KB7748B.jpg,gaming mouse
prd_214ccc6ac96b421a982d32e7f29b5f15,bashfashion,7 Buttons with Scroll Wheel 5000 DPI LED Wired Optical Gaming Mouse for Computer PC Laptop(Black),21,21,USD,True,var_2eef8073371041eaac78aedcd28c241c,https://cdn.shopify.com/s/files/1/0772/1192/6824/files/S-KB-0053B.jpg,gaming mouse
prd_2a61c93106834bb6a160ccb9077f3f82,Mavigadget,Rechargeable Universal USB-C Cartoon Wireless Mouse,48.95,48.95,USD,True,var_fe0bf0e77d5345a6aa63d29da2a96f7b,https://cdn.shopify.com/s/files/1/0629/4939/2444/files/product-image-1789709428.jpg,gaming mouse
prd_51befa23040e4686a78fe15fc6eb28b9,Aura Gaming Gear,CONTROL MOUSEPAD,64.99,64.99,USD,True,var_04e8ca45eeee4bf2af574d50e7d26a48,https://cdn.shopify.com/s/files/1/0873/2622/8771/files/MP-2.jpg,mousepad
prd_706ba613b96d4cd6b9646f77965fe141,Aura Gaming Gear,SPEED MOUSEPAD,64.99,64.99,USD,True,var_92f48b3967524aeb908691349eb72c03,https://cdn.shopify.com/s/files/1/0873/2622/8771/files/MP-6.jpg,mousepad
prd_ee1908e4c2a24f729821ea2a91f1cb0f,Glorious,GMP 2 Stitched Cloth Gaming Mouse Pad,24.99,24.99,USD,True,var_84b5ea50958940318a23efea48e5cc21,https://cdn.shopify.com/s/files/1/0549/2681/files/GLO-MP2-CLTH-STC-XL-BLK_Web_Gallery_Top.webp,mousepad
prd_80c4459d663a4a84b2df0e6e42c7598d,Keychron,Keychron Mouse Pad,12.99,12.99,USD,True,var_9db29a7d2cc14fe192e2ed5172b3b57c,https://cdn.shopify.com/s/files/1/0059/0630/1017/products/Keychron-mouse-pad.jpg,mousepad
prd_39c5b11e3bd14b15b387da93d99c6499,Pixio,Pixio Wave Mousepads,20.99,20.99,USD,True,var_f3ef8dba08b4418587e374b2d99f61d4,https://cdn.shopify.com/s/files/1/1208/4426/files/PXMPWBKM_001_69d2efd5-4d02-412a-af30-f3de4eb70779.jpg,mousepad
prd_f3902cd5dfb4499d855001396121a1fd,Mavigadget,Large Gaming Mouse Pad,18.95,18.95,USD,True,var_6764ecdabade41659b5b29d0199011c9,https://cdn.shopify.com/s/files/1/0629/4939/2444/files/product-image-1493210507.jpg,mousepad
prd_5f2ca428b34342e098227d934ae7183b,Aura Gaming Gear,BLUE DRAGON,29.99,29.99,USD,True,var_2ae6fe65e8c84ba3932e7fcf5241e8dd,https://cdn.shopify.com/s/files/1/0873/2622/8771/files/DSC4865.webp,mousepad
prd_4bd77ac58d554bb28b511433b29c4430,Mavigadget,Wireless Charging Mouse Pad,64.95,64.95,USD,True,var_6219d20501c84c0eaf00b7648a642ae4,https://cdn.shopify.com/s/files/1/0629/4939/2444/files/product-image-1720579653.jpg,mousepad
prd_b43b6ac0e6e74e7fba8384405aa7068c,Mavigadget,Creative Phone Wireless Charging Mouse Pad,34.95,34.95,USD,True,var_36a319efcaf34d7ba94cd31847fadbc7,https://cdn.shopify.com/s/files/1/0629/4939/2444/files/product-image-1655646555.jpg,mousepad
prd_2298339c3c3f4aafbbf49927427bbe57,Shoppy,Perfect Posture Armrest Mouse Pad,16,16,USD,True,var_dff739538d8c48afa4bbf108896668b5,https://cdn.shopify.com/s/files/1/0382/9257/products/Perfect-Posture-Armrest-Mouse-Pad-Lifestyle_4bd07c46-eb54-4c47-9372-3313ca8dc02a.jpg,mousepad
prd_f62de808e3bc4c249040feaf97c4fd7c,bashfashion,"Logitech G440 Hard E-sport Gaming Mouse Pad, Size: 34 x 28cm (Black)",48,48,USD,True,var_298d3ba0fc0c4330b335fe1a40bbdca5,https://cdn.shopify.com/s/files/1/0772/1192/6824/files/PC9432B.jpg,mousepad
prd_61f5766e488542b18215b728d4cffc5e,bashfashion,"Large Abstract Mouse Pad Gamer Office Computer Desk Mat, Size: 400x900x2mm(Abstract Fluid 30)",25,25,USD,True,var_a4f3e553f7cb4d5bafc7bc319d864ec9,https://cdn.shopify.com/s/files/1/0772/1192/6824/files/TBD0605696204C.jpg,mousepad
prd_cc06b724a8a14992bdcf077cc9be9746,bashfashion,"Logitech G840 KDA Gaming Keyboard Mouse Pad Table Mat, Size: 900x400x3mm",41,41,USD,True,var_ecc267bdd6db48259fd64cff636ba055,https://cdn.shopify.com/s/files/1/0772/1192/6824/files/KB0285.jpg,mousepad
prd_73d56eb63ea9497aa1bacbb49a0ab41e,bashfashion,"Large Abstract Mouse Pad Gamer Office Computer Desk Mat, Size: 300x600x2mm(Abstract Fluid 25)",17,17,USD,True,var_731ee2fc804a4c12afe34e73a5758374,https://cdn.shopify.com/s/files/1/0772/1192/6824/files/TBD0605696201A.jpg,mousepad
prd_94dce90d072a4693b994bb82b1e570d3,bashfashion,"Large Abstract Mouse Pad Gamer Office Computer Desk Mat, Size: 300x600x2mm(Abstract Fluid 31)",17,17,USD,True,var_ee79f65958274722ac92af8c3cc9fd1f,https://cdn.shopify.com/s/files/1/0772/1192/6824/files/TBD0605696201D.jpg,mousepad
prd_4683105055794718b7d91ba6cb967c91,bashfashion,"Large Abstract Mouse Pad Gamer Office Computer Desk Mat, Size: 400 x 900 x 2mm(Abstract Fluid 23)",25,25,USD,True,var_acf6df580e7941e9af512c056db9c82f,https://cdn.shopify.com/s/files/1/0772/1192/6824/files/TBD0604139504B.jpg,mousepad
prd_e85cc45812f74c5ea15ad0e6b08fb0e1,bashfashion,"Large Abstract Mouse Pad Gamer Office Computer Desk Mat, Size: 400x900x2mm(Abstract Fluid 2)",25,25,USD,True,var_be129e2228794045a79f3fd9dade3db1,https://cdn.shopify.com/s/files/1/0772/1192/6824/files/TBD0605695804A.jpg,mousepad
prd_a4115a88c5414780b5f6ed326ac828ae,bashfashion,"Large Abstract Mouse Pad Gamer Office Computer Desk Mat, Size: 400x900x2mm(Abstract Fluid 25)",25,25,USD,True,var_09c932cfe2c74c55b817425593478db7,https://cdn.shopify.com/s/files/1/0772/1192/6824/files/TBD0605696204A.jpg,mousepad
prd_f5d38a9bba654c27b722e5fd89b6302c,bashfashion,"Large Abstract Mouse Pad Gamer Office Computer Desk Mat, Size: 300x600x2mm(Abstract Fluid 2)",17,17,USD,True,var_4ffb78ac8d55409789d75c724c3dbc8b,https://cdn.shopify.com/s/files/1/0772/1192/6824/files/TBD0605695801A.jpg,mousepad
prd_7cc88631c7c24eecb20a28fcb6dda3f1,Spectrum Store,Mouse Pad - 100%,16,16,USD,True,var_15f3d946440046a8b4d25a84985f5ae1,https://cdn.shopify.com/s/files/1/0281/1727/0667/files/MousePad-100_cover.png,mousepad
prd_0b2f0656cae14b3cbdc9dc5a73926f2d,bashfashion,300x600x2mm Ink Painting Cherry Blossom Rubber Non-Slip Mouse Pad Desk Mat(Pattern 1),19,19,USD,True,var_e2c4624293a04861bdefc6a0373cfee7,https://cdn.shopify.com/s/files/1/0772/1192/6824/files/TBD0605627301A.jpg,mousepad
prd_9f72777246054dea92933d7d36a7eed2,bashfashion,"Large Abstract Mouse Pad Gamer Office Computer Desk Mat, Size: 400 x 900 x 2mm(Abstract Fluid 1)",25,25,USD,True,var_12a1957a972b4813b26580768635d0d5,https://cdn.shopify.com/s/files/1/0772/1192/6824/files/TBD0604139504A.jpg,mousepad
prd_63f1b0a76f3440abaea0dada58a98416,bashfashion,"Large Abstract Mouse Pad Gamer Office Computer Desk Mat, Size: 400x900x2mm(Abstract Fluid 34)",25,25,USD,True,var_f8ddc40e001b45efae10c22d368df456,https://cdn.shopify.com/s/files/1/0772/1192/6824/files/TBD0605696204E.jpg,mousepad
prd_c142a2b3d5a74085b345b551959e38dd,bashfashion,"Large Abstract Mouse Pad Gamer Office Computer Desk Mat, Size: 300 x 800 x 2mm(Abstract Fluid 28)",19,19,USD,True,var_8c36270ccf8348a08abb81d55a1f0818,https://cdn.shopify.com/s/files/1/0772/1192/6824/files/TBD0604139503C.jpg,mousepad
prd_51eba80e8dc14bc28cd09a12a4dd4247,bashfashion,"Large Abstract Mouse Pad Gamer Office Computer Desk Mat, Size: 300 x 800 x 2mm(Abstract Fluid 1)",20,20,USD,True,var_3389d9e784564da7803e921368b4f9a2,https://cdn.shopify.com/s/files/1/0772/1192/6824/files/TBD0604139503A.jpg,mousepad
prd_bbf8dd2850a74968818c42818810ecc4,Spectrum Store,Mouse Pad - Fengshui,16,16,USD,True,var_41e753748b6f41f4a05c04d34071a266,https://cdn.shopify.com/s/files/1/0281/1727/0667/files/MousePad-Fengshuicover.png,mousepad
prd_491b709230734c55bdd160df51138365,bashfashion,"Large Abstract Mouse Pad Gamer Office Computer Desk Mat, Size: 400 x 900 x 2mm(Abstract Fluid 28)",25,25,USD,True,var_3483dd64dcc8447388fa06fed6b742cb,https://cdn.shopify.com/s/files/1/0772/1192/6824/files/TBD0604139504C.jpg,mousepad
prd_60fb880a6938425f9c0aca625f23b758,Spectrum Store,Mousepad 3-In-1 Microfibre Grid Multi,10,10,USD,True,var_291d476aa2724f3abdc22fcc49ab24e2,https://cdn.shopify.com/s/files/1/0281/1727/0667/products/mousepad-3-in-1-microfibre-grid-multi-spectrumstore-sg-1-29116597371123.jpg,mousepad
prd_a3a0e00ae2524d8b90b7c428855d08f2,Spectrum Store,Mousepad 3-In-1 Microfibre Mortif Red,10,10,USD,True,var_e8438d1d1c1b4f24b32513274624595a,https://cdn.shopify.com/s/files/1/0281/1727/0667/products/mousepad-3-in-1-microfibre-mortif-red-spectrumstore-sg-1-29116597403891.jpg,mousepad
prd_5965376a1b0748808e894eecd2d8b0b3,bashfashion,300x600x2mm Big Wave Gaming Mouse Pad Non-Slip Rubber Desk Mat(No.1),19,19,USD,True,var_6f463e402ce94252ad63c9e5896b9785,https://cdn.shopify.com/s/files/1/0772/1192/6824/files/TBD0605588001A.jpg,mousepad
prd_941c0e2cbec74d34a4d04b228c78cd07,bashfashion,"Aluminum Alloy Double-sided Non-slip Mat Desk Mouse Pad, Size : M(Silver)",39,39,USD,True,var_96c45912db674bb19e1f6881d5f2accd,https://cdn.shopify.com/s/files/1/0772/1192/6824/files/PC09393S.jpg,mousepad
prd_e077797bf6d54739950dde08a97302ac,Mavigadget,Ergonomic Wrist Support Mouse Pad,32.95,32.95,USD,True,var_15f3ffece78c4adc8672118a32d4bfbc,https://cdn.shopify.com/s/files/1/0629/4939/2444/files/HTB1VD6uboWF3KVjSZPhq6xclXXas.jpg,mousepad
prd_28fc5d0659f041fa9d182374e9c7e7a7,bashfashion,"Extended Large Anti-Slip World Map Pattern Soft Rubber Smooth Cloth Surface Game Mouse Pad Keyboard Mat, Size: 60 x 30cm",16,16,USD,True,var_de117784b49b44e0a4124afb9127f346,https://cdn.shopify.com/s/files/1/0772/1192/6824/files/KB0622A.jpg,mousepad
prd_2778d79c11ed4a73a0a9bb9cb5c99609,bashfashion,"Mini Woven Rug Mat Retro Style Mouse Pad, Ramdom Color Delivery",19,19,USD,True,var_ec558ae7e6ea48568b84b5bef292ca3c,https://cdn.shopify.com/s/files/1/0772/1192/6824/files/TBD0038063.jpg,mousepad
prd_c929ada5fc8c4f0fb60ff0e5b28a5ff1,bashfashion,300x600x2mm Big Wave Gaming Mouse Pad Non-Slip Rubber Desk Mat(No.24),20,20,USD,True,var_502b5287e35a479eac775c66546bdc3a,https://cdn.shopify.com/s/files/1/0772/1192/6824/files/TBD0605588601A.jpg,mousepad
prd_20881d8477a04a62af59088dfb3b2d23,Mavigadget,Elegant Portable Mouse Pad Wrist Laptop Desk,108.95,108.95,USD,True,var_537bfa3943b04ad5937307fad7647c91,https://cdn.shopify.com/s/files/1/0629/4939/2444/files/product-image-1866122632.jpg,mousepad
prd_2271d57afba440bebe5677c9898741b9,bashfashion,Cloud Wrist Rest Memory Foam Mouse Pad Office Desktop Wrist Brace (White),16,16,USD,True,var_cf45740fdb0c429085ae4a92ec19b9b8,https://cdn.shopify.com/s/files/1/0772/1192/6824/files/TGYQ0031W.jpg,mousepad
prd_03605b6b223b4f3d828c248f2885da0f,EPOMAKER,EPOMAKER GX1 Headset,49.99,49.99,USD,True,var_81d8ac7316f24760af5ca50f783ac28e,https://cdn.shopify.com/s/files/1/0280/3931/5529/files/EPOMAKERGX1HEADSETblack_2_5efae31d-d849-4b4d-9ca2-8884009c15a4.webp,headset
prd_7c088c3abfc24afaa449e0f05f3f4225,Glorious,GHS Wireless InfinitePlay Audio Headset,199.99,199.99,USD,True,var_d6b36ba9f83d4252b17fe51b2475f6cc,https://cdn.shopify.com/s/files/1/0549/2681/files/GLO-A-5PC-BLK_Web_Gallery_1_d85f27ad-9def-486c-906f-db2099777f3f.webp,headset
prd_0689c5c60f254581a2bc91403aa0934d,Glorious,GHS Eternal RGB Audio Headset,89.99,89.99,USD,True,var_07354fc9aad84b2c80d951b159ad96f2,https://cdn.shopify.com/s/files/1/0549/2681/files/GLO-A-2PC-BLK_Web_Gallery.webp,headset
prd_90e3020d8f8d4446bd2487a45b5b8f1e,Glorious,GHS Eternal Audio Headset,59.99,59.99,USD,True,var_160f638d1621401f92a517724de70567,https://cdn.shopify.com/s/files/1/0549/2681/files/GLO-A-1PC-BLK_Web_Gallery_1.webp,headset
prd_6d2195d668104431b07185d4ebffa0c2,bashfashion,JOYROOM JHead JR-HG2 Gaming Headset(Black),47,47,USD,True,var_7e18ce719cb44244b7e3246216d202f1,https://cdn.shopify.com/s/files/1/0772/1192/6824/files/EDA007830801A.jpg,headset
prd_f74f3fc9824640aaa20bf77fec40e9e3,bashfashion,ANKER Soundcore Q20i Headband Gaming Headset Wireless Bluetooth Active Noise Reduction Headset(Beige),69,69,USD,True,var_619afd7c3c3742139c66be08ca07f75b,https://cdn.shopify.com/s/files/1/0772/1192/6824/files/TBD0606363601B.jpg,headset
prd_434278aad51643dbb89399bd7d898b1f,bashfashion,ANKER Soundcore Q20i Headband Gaming Headset Wireless Bluetooth Active Noise Reduction Headset(Black),69,69,USD,True,var_047de9d1326943899fd31dc15dfd5039,https://cdn.shopify.com/s/files/1/0772/1192/6824/files/TBD0606363601A.jpg,headset
prd_c5643797e7244e44b1e472c62d295149,Tech For Less,EPOS 1001130 Impact 1060 Headset,172.97,172.97,USD,True,var_b662bd5eb8f6490e90d800e86c45c507,https://cdn.shopify.com/s/files/1/0725/7020/8392/files/919b6d8f-f08b-414d-92d5-44fefc58d1f2.jpg,headset
prd_8792ed3097b443338b97d51e0d2d5157,bashfashion,L800 Foldable ENC Noise Reduction Wireless Gaming Headset with Microphone(Black),34,34,USD,True,var_71403b682bea44948d7cc928528c441a,https://cdn.shopify.com/s/files/1/0772/1192/6824/files/EDA005910101D.jpg,headset
prd_05a70d20c26240b28a82cf62715edb57,Tech For Less,Sony WH-1000XM5 Headset,280.49,280.49,USD,True,var_a4fcf98dbbb7400ca1584028267b5df2,https://cdn.shopify.com/s/files/1/0725/7020/8392/files/e9d37f93-ffe7-49af-b567-099fae4fa726.jpg,headset
prd_a903bea7723a48a79f86e5790a5b92a3,Tech For Less,Sony WH-1000XM5 Headset,289.49,289.49,USD,True,var_1e37a30a8322404493a2754973855999,https://cdn.shopify.com/s/files/1/0725/7020/8392/files/6c865283-1c04-49e4-a99b-e03427b02de6.jpg,headset
prd_b67c2d65f37147579e234ee1a042abf7,bashfashion,ANKER Soundcore Space Q45 Headband Wireless Bluetooth Headset(Black),168,168,USD,True,var_53e56185bd8e4138b13a76bb60e4ebef,https://cdn.shopify.com/s/files/1/0772/1192/6824/files/TBD0606365301A.jpg,headset
prd_cbc2b7b9f4364074a117b710e4c13f11,bashfashion,OneDer S1 Noise Reduction Wireless Gaming Headphone(Grey),49,49,USD,True,var_e6b4253ad5b945e8a7bfb804d9e8a538,https://cdn.shopify.com/s/files/1/0772/1192/6824/files/EDA004440201B.jpg,headset
prd_7c8ee0ebcff04d439900fe908106d83d,Tech For Less,EPOS 1001004 Adapt 661 Headset,75.97,75.97,USD,True,var_553afb1e280e492a85f5be0a3cd10210,https://cdn.shopify.com/s/files/1/0725/7020/8392/files/a9ad714a-cf3a-4eb4-8b1c-fe2a3c055d16.jpg,headset
prd_62e8dddaee354c5b97097ec490ffe006,Tech For Less,HP 77Y93AA Poly Voyager 4310 Microsoft Teams Certified Headset,123.49,123.49,USD,True,var_e9267eca6cbd479da883f98f8b17bde4,https://cdn.shopify.com/s/files/1/0725/7020/8392/files/fb6062c8-5093-4ec0-8ed8-863c6eeb555b.jpg,headset
prd_46af3532d1d7445a96463d2c471822af,Tech For Less,Alienware AW310H-DAEM Gaming Headset,29.49,29.49,USD,True,var_ccf18c73f23c452a8365e83445d8dd50,https://cdn.shopify.com/s/files/1/0725/7020/8392/files/bbcd2972-23a3-40be-b709-9c6222579a7f.jpg,headset
prd_2b7ac4a590e94ecb996fb9b038dfa001,bashfashion,A8 Gaming Wireless Headset Stereo Over Ear Wired Microphone Headphone(Beige),41,41,USD,True,var_4fd603bb8053404391f070a3f1354a4e,https://cdn.shopify.com/s/files/1/0772/1192/6824/files/EDA006241301A.jpg,headset
prd_b0efb94dbc434255afbd3aa30db23031,bashfashion,ANKER SoundCore SpaceOne Pro Noise Reduction Bluetooth Headset Gaming Headphone(Beige),219,219,USD,True,var_d6797ad3a9a5400884d7c2396d8dad9c,https://cdn.shopify.com/s/files/1/0772/1192/6824/files/TBD0606398601B.jpg,headset
prd_5f48c35069594f58ae387ab926dca952,bashfashion,ANKER SoundCore Space One S1 Smart Noise Reduction Headband Wireless Bluetooth Headset(Black),137,137,USD,True,var_d61af80f5b6444409f7e1030e387a8d6,https://cdn.shopify.com/s/files/1/0772/1192/6824/files/TBD0606398201A.jpg,headset
prd_0d8126689fce490abd08880c6f537048,bashfashion,JOYROOM JHead JR-HG2 Gaming Headset(Black),47,47,USD,True,var_df8e0634e9c94b5291bccc45ef24bf36,https://cdn.shopify.com/s/files/1/0772/1192/6824/files/EDA007830801A.jpg,gaming headset
prd_a7e77ae8ce784deab2b02534850e5ba8,bashfashion,ANKER Soundcore Q20i Headband Gaming Headset Wireless Bluetooth Active Noise Reduction Headset(Black),69,69,USD,True,var_07a5c888e16a41a8b8b41767893db5a4,https://cdn.shopify.com/s/files/1/0772/1192/6824/files/TBD0606363601A.jpg,gaming headset
prd_bb4885679dd446e1b8b45f2b183043f1,bashfashion,ANKER Soundcore Q20i Headband Gaming Headset Wireless Bluetooth Active Noise Reduction Headset(Beige),69,69,USD,True,var_ca8828660f434195b7fbc20ef22ace00,https://cdn.shopify.com/s/files/1/0772/1192/6824/files/TBD0606363601B.jpg,gaming headset
prd_530d360e87d345d3b2729581b47083d5,Tech For Less,Alienware AW310H-DAEM Gaming Headset,29.49,29.49,USD,True,var_74dd5807be5d4e4eb101628ec29c3f57,https://cdn.shopify.com/s/files/1/0725/7020/8392/files/bbcd2972-23a3-40be-b709-9c6222579a7f.jpg,gaming headset
prd_1abe2c76605b450eab4e0a71e4458bdb,bashfashion,A8 Gaming Wireless Headset Stereo Over Ear Wired Microphone Headphone(Black),41,41,USD,True,var_14464a16073445f3a00de911bcc879fc,https://cdn.shopify.com/s/files/1/0772/1192/6824/files/EDA006241301B.jpg,gaming headset
prd_39e38a6ca7e04b6a85f7642dd6c931c9,bashfashion,Bluetooth 5.4 Head-mounted RGB Wireless Bluetooth Gaming Headset With Transmitter(Black),45,45,USD,True,var_014ca720bff547ac90f748b05842570d,https://cdn.shopify.com/s/files/1/0772/1192/6824/files/EDA007487501A.jpg,gaming headset
prd_beac60ef50cc4fa2bcf133c778cc27f1,EPOMAKER,EPOMAKER GX1 Headset,49.99,49.99,USD,True,var_a98310e6afc44c6c8babf5edcebfb58c,https://cdn.shopify.com/s/files/1/0280/3931/5529/files/EPOMAKERGX1HEADSETblack_2_5efae31d-d849-4b4d-9ca2-8884009c15a4.webp,gaming headset
prd_b8c8686b008f49daa1b6e4aea181ee78,Glorious,GHS Eternal RGB Audio Headset,89.99,89.99,USD,True,var_93f12974e75847beaf8c06d414a34030,https://cdn.shopify.com/s/files/1/0549/2681/files/GLO-A-2PC-BLK_Web_Gallery.webp,gaming headset
prd_6608dfa4fd734dfb87576ba9742ab702,Glorious,GHS Wireless InfinitePlay Audio Headset,199.99,199.99,USD,True,var_32203e02360a4702ba039046bccf4186,https://cdn.shopify.com/s/files/1/0549/2681/files/GLO-A-5PC-BLK_Web_Gallery_1_d85f27ad-9def-486c-906f-db2099777f3f.webp,gaming headset
prd_9aaf79d59bcc41cfb995a5fc15bb30f9,Glorious,GHS Eternal Audio Headset,59.99,59.99,USD,True,var_6968427e6e7e45ac97952d23a0b7afdc,https://cdn.shopify.com/s/files/1/0549/2681/files/GLO-A-1PC-BLK_Web_Gallery_1.webp,gaming headset
prd_dd01a7d63b344a7b8df90671b6056b07,Tech For Less,Dell Alienware AW510H-W-DAEM 7.1 Gaming Headset,28.97,28.97,USD,True,var_74ba0f686a5243c39c7d02e63d830bee,https://cdn.shopify.com/s/files/1/0725/7020/8392/files/55296f35-a523-4dfb-86b9-947f4a96318e.jpg,gaming headset
prd_904326a92bef446387bb801ab6f8b9ae,bashfashion,Bluetooth 5.4 Head-mounted RGB Wireless Bluetooth Gaming Headset(Black),38,38,USD,True,var_4413c5c2d2724ed0b750510e1ef326f3,https://cdn.shopify.com/s/files/1/0772/1192/6824/files/EDA007487201A.jpg,gaming headset
prd_11e5323e20a94024b0fd165a3691d0d9,bashfashion,L800 Foldable ENC Noise Reduction Wireless Gaming Headset with Microphone(Green),34,34,USD,True,var_4b8eaa81b12c41e58ab8b67b547a4556,https://cdn.shopify.com/s/files/1/0772/1192/6824/files/EDA005910101E.jpg,gaming headset
prd_875a802e546c4144b2006bdaa4933094,bashfashion,AWEI A360BL Foldable Wireless Bluetooth Gaming Headset(Black),43,43,USD,True,var_fb42a6ae56964873b67e8522a4ae92e6,https://cdn.shopify.com/s/files/1/0772/1192/6824/files/EDA005865501A.jpg,gaming headset
prd_179f17ffbfac4b749f4edcbf788f738c,bashfashion,A53 TWS HIFI Stereo Wireless Bluetooth Gaming Headset with Mic(Red),33,33,USD,True,var_cb187b21ed204519ba4d88e9f79c8864,https://cdn.shopify.com/s/files/1/0772/1192/6824/files/SYA001754301E.jpg,gaming headset
prd_3f558c9fbbb749ee8988b4e3d42d4fac,bashfashion,"KOTION EACH G2000 Over-ear Game Gaming Headphone Headset Earphone Headband with Mic Stereo Bass LED Light for PC Gamer,Cable Length: About 2.2m(Orange + Black)",42,42,USD,True,var_39b2befba1e048daac03192a9512f610,https://cdn.shopify.com/s/files/1/0772/1192/6824/files/PC0100E.jpg,gaming headset
prd_b48dd10395c64d138a21b65a77f2d262,Mavigadget,Wireless Sport Gaming Headset,49.95,49.95,USD,True,var_1cf834f466ed4552969fef5d6f1e895a,https://cdn.shopify.com/s/files/1/0629/4939/2444/files/product-image-1183734625-sw.jpg,gaming headset
prd_d8ab4412c0684ad3bc6181e8531360eb,bashfashion,VJ087 Folding Wireless Sports Bluetooth Gaming Headset(Blue),36,36,USD,True,var_1873eacfcbde46d7ad1512ca6a2ec787,https://cdn.shopify.com/s/files/1/0772/1192/6824/files/TBD0602148601D.jpg,gaming headset
prd_059912cbea734cee97ba4885c92ecc38,Headphones.com,Noble Audio FoKus Artemis Wireless Headphones - Open Box,799,799,USD,True,var_9d2fd342d2174b289901f2cc63c6a71c,https://cdn.shopify.com/s/files/1/1791/0383/files/FoKusArtemis-196.jpg,headphones
prd_30a313725ba349c9a2223ac57f4181cf,Headphones.com,Focal Elex Headphones - B Stock,349,349,USD,True,var_a3d7274b85c1488b9b97233d5472b4ca,https://cdn.shopify.com/s/files/1/1791/0383/files/FocalElex21024x1024.jpg,headphones
prd_8ad7c79b3a1840f7993bb0c3a30545ea,Headphones.com,Loewe Leo Wireless Headphones,2000,2000,USD,True,var_76034720238a46d089106d4d1819817a,https://cdn.shopify.com/s/files/1/1791/0383/files/Loewe_leo_angle_blue.jpg,headphones
prd_efa87cfc9f0146db905f986f085b4b44,Headphones.com,Aune AR9000 Headphones,1399,1399,USD,True,var_9c67ef07586c4869ab3bbe3e47322b0a,https://cdn.shopify.com/s/files/1/1791/0383/files/AuneAR90001024x1024.jpg,headphones
prd_1dceac889f4c407cb44c6b3d3f2e1559,Tech For Less,Sony WH-CH720N/B Wireless Noise-Canceling Headphones,154.97,154.97,USD,True,var_b5851b2c605a46e69747c88fdd938f7b,https://cdn.shopify.com/s/files/1/0725/7020/8392/files/cc10bf31-b59d-46ac-b083-8d7a4755ef15.jpg,headphones
prd_08fb40f29fa549e78a705f6d76f4e330,Headphones.com,Thieaudio Monarch MKIII In-Ear Headphones,1099,1099,USD,True,var_93165ccaaac54c8886f2ecb22607ed0c,https://cdn.shopify.com/s/files/1/1791/0383/files/ezgif.com-resize_1_cf765e1d-6cec-4c9b-84be-8944d079a242.webp,headphones
prd_ba59ae3867b64f4e8361866a7da15e45,Headphones.com,Noble Audio FoKus Rex5 True Wireless In-Ear Headphones,449,449,USD,True,var_f5959096217249d88c8668fd892d8dde,https://cdn.shopify.com/s/files/1/1791/0383/files/NobleAudioFoKusRex581024x1024.jpg,headphones
prd_a572141fd12a4fc8bfe29550a0846cbf,Headphones.com,Noble Audio FoKus Artemis Wireless Headphones,899,899,USD,True,var_5550aa3f1add41ff8d1f124945924a02,https://cdn.shopify.com/s/files/1/1791/0383/files/FoKusArtemis-196.jpg,headphones
prd_c64f4f5d391b4c7b8ae27ff7fa77d234,Headphones.com,Aune AR9000 Headphones - Open Box,1199,1199,USD,True,var_fc8c257b24864284b1b75affae323a4d,https://cdn.shopify.com/s/files/1/1791/0383/files/AuneAR90001024x1024.jpg,headphones
prd_b1dcdb0cf1ee47e4af51cb55792bd5c9,Headphones.com,Focal Bathys MG Wireless Headphones,1499,1499,USD,True,var_2e5927f6ff8b402aae21aaca503748f8,https://cdn.shopify.com/s/files/1/1791/0383/files/FocalBathysMg161024x1024.jpg,headphones
prd_34611186f5f24134a4cdef9b10b58581,Headphones.com,Sennheiser HDB 630 Wireless Headphones,499.95,499.95,USD,True,var_7e7e6622c2c141e9a54b571617cd526d,https://cdn.shopify.com/s/files/1/1791/0383/files/Sennheiser_HDB_630_1024x1024_9a013b90-9dee-4511-acbd-b49dadc94ce8.jpg,headphones
prd_fb4b641e2bc54419acad52c1fce98a83,Headphones.com,Lewitt LW6 Wireless Headphones,699,699,USD,True,var_35c05890610c433abeabcd941aa22fb3,https://cdn.shopify.com/s/files/1/1791/0383/files/LEWITT_LW6-Wireless-Studio-Headphones_webshop_2560x2560_01.jpg,headphones
prd_05f5486a80444607ac2d61bbe482a9e3,Tech For Less,Sony WH-1000XM5 Headset,280.49,280.49,USD,True,var_3578b01657b2459d8e904eb1f230fe05,https://cdn.shopify.com/s/files/1/0725/7020/8392/files/e9d37f93-ffe7-49af-b567-099fae4fa726.jpg,headphones
prd_29045f9aa6fd4047aeecd63ac504eab9,Tech For Less,Sony WH-1000XM5 Headset,289.49,289.49,USD,True,var_1d07ba45847e456da124a77f33d5dd04,https://cdn.shopify.com/s/files/1/0725/7020/8392/files/6c865283-1c04-49e4-a99b-e03427b02de6.jpg,headphones
prd_e9c974011bd947a3b086e3b680ba5705,Linsoul Audio,7HZ x Crinacle Zero: 2,24.99,24.99,USD,True,var_9164d4cddd604d79923db692bde334df,https://cdn.shopify.com/s/files/1/0040/7201/3924/files/203A4973_72cbbe28-6b15-4e96-8cae-b8e817e228de.jpg,headphones
prd_1c2e87d642f94518b6aec2b3ee70a3b9,Headphones.com,Focal Hadenys,749,749,USD,True,var_fe9ba140e99a499e8439d482a347dd87,https://cdn.shopify.com/s/files/1/1791/0383/files/file_3.jpg,headphones
prd_b89821762b6848ae8ce1105e0dc92d9e,Linsoul Audio,Moondrop Edge,89.99,89.99,USD,True,var_c0a4b2a484a6481aa3796696473ab0d4,https://cdn.shopify.com/s/files/1/0040/7201/3924/files/8881.jpg,headphones
prd_e516fb271bde42789e8c5488adc86fd0,Linsoul Audio,7HZ Salnotes Zero,25.99,25.99,USD,True,var_a690e94acff84033baafbff477f8c5c2,https://cdn.shopify.com/s/files/1/0040/7201/3924/products/01_2_c80f57f2-bbef-4f90-babc-4ee9468a6886.jpg,headphones
prd_464244b693d44fabbd3252f1caab0b59,Tech For Less,Sony WH-1000XM6/S Wireless Over Ear Noise Cancelling Headphones with,355.49,355.49,USD,True,var_24841b1c7ba043388d15780440771ff2,https://cdn.shopify.com/s/files/1/0725/7020/8392/files/899c5fa6-7a68-47ef-a05c-4615b5c5ccd1.jpg,headphones
prd_c407df13adb94e548ced1b39c928cd9d,Headphones.com,Audeze Maxwell 2 ANC Wireless Headphones,429,429,USD,True,var_b00cf3e1590649549dfff0560207d9ae,https://cdn.shopify.com/s/files/1/1791/0383/files/MAXWELL_2_ANC_SHOT_2_NO_MIC_STKD_A.jpg,headphones
prd_37c92ee7b31c4d9fa8608f2419ec6e6e,Headphones.com,Hisenior Audio Mega5-EST In-Ear Headphones,549,549,USD,True,var_0ae9b13097524c7d8d9698e4d1189581,https://cdn.shopify.com/s/files/1/1791/0383/files/HiseniorAudioMEGAFEST1.jpg,headphones
prd_4cf71f27ca244cb2bbe2413e935dcf4d,Headphones.com,Thieaudio Monarch MKIV In-Ear Headphones,1149,1149,USD,True,var_6989433be05c43709af19db923c8aef1,https://cdn.shopify.com/s/files/1/1791/0383/files/THIEAUDIOMonarchMKIV_Hexagonal_5.jpg,headphones
prd_e247d584f81c408fa8e489627bbcc232,Tech For Less,Sony WH-1000XM4 Headset,302.97,302.97,USD,True,var_abf21587191d4d25a3f6c240d8c06c48,https://cdn.shopify.com/s/files/1/0725/7020/8392/files/1b7c2749-0925-4c0a-befd-591458075b96.jpg,headphones
prd_d3b8dbc568c542d3adb8d7e5d45b8110,Linsoul Audio,Kefine Klean,56.99,56.99,USD,True,var_1fbde1b797b04eb882ca6a5f66ab83fd,https://cdn.shopify.com/s/files/1/0040/7201/3924/files/KefineKlean-3.5_84fed725-5453-407e-ba5c-69f406c304a4.jpg,headphones
prd_be50ea93fcb940f5855233cf9b5af625,Linsoul Audio,Kiwi Ears Belle,29.99,29.99,USD,True,var_804a68187a0e4aa09878f0aa565ac844,https://cdn.shopify.com/s/files/1/0040/7201/3924/files/Kiwi_Ears_Belle_2_9b03f098-3723-4532-a27c-1297404fa4c9.jpg,headphones
prd_3fb45cfde19f40cab20a77c3fd4e68e8,Linsoul Audio,MOONDROP RAYS,99.99,99.99,USD,True,var_75abb2c397484569b1552a39b9ad4538,https://cdn.shopify.com/s/files/1/0040/7201/3924/files/PHI_0319_d2f0ea6a-499e-456f-9644-39f5cb71d224.jpg,headphones
prd_63602537d74f44a0af8b402845e9b819,Linsoul Audio,KZ ZS10 Pro,50.99,50.99,USD,True,var_e8865432b3f44d3c928364b8be6255dc,https://cdn.shopify.com/s/files/1/0040/7201/3924/products/5_99b91698-08fb-4661-815c-47a8e745c894.jpg,headphones
prd_c8d580d06e85465aa3865d7ca8ed54de,Linsoul Audio,SIMGOT EW300,79.99,79.99,USD,True,var_7bdb5ee6120849fb931ef40998114e87,https://cdn.shopify.com/s/files/1/0040/7201/3924/files/IMG_5514.jpg,IEM earphones
prd_62669e76995f4720a37ffdd290c9f57f,Linsoul Audio,7HZ x Crinacle Zero: 2,24.99,24.99,USD,True,var_ae2bd5d0800f439491164c9d884b0df1,https://cdn.shopify.com/s/files/1/0040/7201/3924/files/203A4973_72cbbe28-6b15-4e96-8cae-b8e817e228de.jpg,IEM earphones
prd_b5cbc64e44494ee291690230a7fdb96e,Linsoul Audio,KEFINE Delci,75,75,USD,True,var_7b1c1ec5f8ce422ea07eab8d4323d14f,https://cdn.shopify.com/s/files/1/0040/7201/3924/files/Kefine_Delci_02.jpg,IEM earphones
prd_3ef65c292e334636ae005699b5181026,Linsoul Audio,Kiwi Ears Cadenza II,49.99,49.99,USD,True,var_67ede1240e5a4d4ca8e13f89ff6dcf9b,https://cdn.shopify.com/s/files/1/0040/7201/3924/files/KiwiEarsCadenzaII_212.png,IEM earphones
prd_927a21e819a449cda76241fdffbbaac3,Linsoul Audio,XENNS Mangird Tea PRO,359,359,USD,True,var_c428bf97fb73474183da2a5775f1aad9,https://cdn.shopify.com/s/files/1/0040/7201/3924/files/XENNSMangirdTeaPro.jpg,IEM earphones
prd_6ddf8de4c4b6406bbe373841c3aaed2b,Linsoul Audio,Kiwi Ears Cadenza,34.99,34.99,USD,True,var_cbad605edfab4545b310243fc2c9d6d9,https://cdn.shopify.com/s/files/1/0040/7201/3924/products/KiwiEarsCadenza-1.jpg,IEM earphones
prd_de7856a76fb44b129309e733b3ef2dbc,Linsoul Audio,Kiwi Ears Septet ,269,269,USD,True,var_61d658390e974f748f313da194332ac0,https://cdn.shopify.com/s/files/1/0040/7201/3924/files/Septet.png,IEM earphones
prd_a9342045f6754fd28e92212514c8f2f0,Linsoul Audio,Kiwi Ears x B_Media: Chorus,39.99,39.99,USD,True,var_f462fbd157c846a0bbe3905cae2809b8,https://cdn.shopify.com/s/files/1/0040/7201/3924/files/KiwiEarsxBMediaChorus_1.jpg,IEM earphones
prd_992f23ffd3c24d89b896bdf6bf229218,Linsoul Audio,SIMGOT EM6L,124.99,124.99,USD,True,var_2786e5dfc1974fcfb4a91a725d673d44,https://cdn.shopify.com/s/files/1/0040/7201/3924/files/IMG_8971_611f8d78-f845-4d75-808c-074811cc4af8.jpg,IEM earphones
prd_4740264fa6f042d9892c993a7af7c3cb,Linsoul Audio,Kiwi Ears Belle,29.99,29.99,USD,True,var_73a9e396ca034d5cafa65ae66823b339,https://cdn.shopify.com/s/files/1/0040/7201/3924/files/Kiwi_Ears_Belle_2_9b03f098-3723-4532-a27c-1297404fa4c9.jpg,IEM earphones
prd_fced874f985649cb9b770cec029730fb,Linsoul Audio,TRN Medusa,39.99,39.99,USD,True,var_27c9e479eec943b1a242ad40f4f725bd,https://cdn.shopify.com/s/files/1/0040/7201/3924/files/20ebbaaba214273184990ca6d4f26feb.jpg,IEM earphones
prd_0a55051139f04a44ae4303bb627db7ff,Linsoul Audio,TRN Conch,23.94,23.94,USD,True,var_a55ce95b296c431aa42c278ed91d965c,https://cdn.shopify.com/s/files/1/0040/7201/3924/files/sku_09decb81-2b34-498a-9b2c-7800e52facdc.jpg,IEM earphones
prd_de548ceb223146d4890d7cf88bf09afc,HiFiGo,Moondrop Marigold 10mm Dynamic Driver USB-C IEMs,39.99,39.99,USD,True,var_de2aa4c55fdf4b709fee85ff25192fba,https://cdn.shopify.com/s/files/1/0031/0453/8673/files/moondrop-marigold-10mm-dynamic-driver-usb-c-iems-moondrop-marigold-242649.jpg,IEM earphones
prd_872606b03516423bb006fd3661ea6d68,Linsoul Audio,TANCHJIM SODA,309.99,309.99,USD,True,var_e5f54fb4afa1429a86a350cafa79ca47,https://cdn.shopify.com/s/files/1/0040/7201/3924/files/06_e0bca254-7599-432b-83b6-7f2af19839d0.jpg,IEM earphones
prd_3ee28b196c3741cdb2cc73aa9a338a56,Linsoul Audio,Kiwi Ears Orchestra II,349,349,USD,True,var_ffe66a8b682445c09918767a6e5c0cea,https://cdn.shopify.com/s/files/1/0040/7201/3924/files/KiwiEarsOrchestra_2.png,IEM earphones
prd_5a0df52c1bf640c1be3b8bbc9f3740a6,Linsoul Audio,7Hz x Crinacle: Diablo,159,159,USD,True,var_cca59c551e42473288a135effecd4d0b,https://cdn.shopify.com/s/files/1/0040/7201/3924/files/7HZDiablo_2.jpg,IEM earphones
prd_195495d545c745efbe011d311366e2fc,Linsoul Audio,Kiwi Ears Quintet,219,219,USD,True,var_5972f98846bf41c9964e36b4f74c208a,https://cdn.shopify.com/s/files/1/0040/7201/3924/files/IMG_0779.jpg,IEM earphones
prd_7601907dae2647f0adda8d82b0bcfda8,Linsoul Audio,MOONDROP RAYS,99.99,99.99,USD,True,var_9316360520884aff847ac9d575222263,https://cdn.shopify.com/s/files/1/0040/7201/3924/files/PHI_0319_d2f0ea6a-499e-456f-9644-39f5cb71d224.jpg,IEM earphones
prd_40999b480fa248db898ea13e2501d0de,HiFiGo,KEFINE Klean SV 10mm Dynamic Driver In-Ear Earphone,52,52,USD,True,var_d1e51dc6d569493da808d0470a102548,https://cdn.shopify.com/s/files/1/0031/0453/8673/files/kefine-klean-sv-10mm-dynamic-driver-in-ear-earphone-kefine-klean-sv-35mm-661523.jpg,IEM earphones
prd_136dfa97aaf2464dab05427f93feebdd,HiFiGo,Softears RS10 10BA IEM In-Ear Monitor Earphone,2099.99,2099.99,USD,True,var_ff20e69fadd34946a710c88fd1a55bcc,https://cdn.shopify.com/s/files/1/0031/0453/8673/products/softears-rs10-10ba-iem-in-ear-monitor-earphone-hifigo-413738.jpg,IEM earphones
prd_284c22d23e4e4b31968cbdd8968d3940,Linsoul Audio,KZ ZS10 PRO X,39,39,USD,True,var_c270d7f7df6f4f7f9827357525a5976a,https://cdn.shopify.com/s/files/1/0040/7201/3924/products/KZ-ZS10-PRO-X-2000X2000.jpg,IEM earphones
prd_099e0198b58c4be286bbc70eb51998fa,Linsoul Audio,KZ AS16 Pro,56,56,USD,True,var_d2d32a8c2d5c48d4bfbd2c06ea22358f,https://cdn.shopify.com/s/files/1/0040/7201/3924/products/ASKU_1.jpg,IEM earphones
prd_1eba271084904e5f91124e78564e5028,Linsoul Audio,KZ ZS10 Pro,50.99,50.99,USD,True,var_201e8ad013b0445eb3b0100cf89f4afc,https://cdn.shopify.com/s/files/1/0040/7201/3924/products/5_99b91698-08fb-4661-815c-47a8e745c894.jpg,IEM earphones
prd_d0550efda0e54fb9a9e1a9c179d22621,Linsoul Audio,KZ Gale,11.99,11.99,USD,True,var_19de9453231e4254af9592bd06350ea7,https://cdn.shopify.com/s/files/1/0040/7201/3924/files/97247b9cabd72c62089afd32fffca6e0_8d549a1c-eda1-497e-ab3c-0d1b1e79c593.jpg,IEM earphones
prd_aa03feda045a4ae09551578aca8a6ee9,Linsoul Audio,ZiiGaat Crescent,279,279,USD,True,var_e3cd419307b94223a0b7500ca094f846,https://cdn.shopify.com/s/files/1/0040/7201/3924/files/Crescent.png,IEM earphones
prd_70828603cf034096963e12fae35de434,Linsoul Audio,KZ AM16,56,56,USD,True,var_ab841bfaefe649659fa1b2b892445038,https://cdn.shopify.com/s/files/1/0040/7201/3924/files/5_1a787f5c-1900-4182-89ef-8d3330a3a1af.jpg,IEM earphones
prd_af457d932b3b487f9bedf1ea1b1b17a3,Tech For Less,DJI CP.RN.00000325.01 Mic 2 2-Person Compact Digital Wireless,169.49,169.49,USD,True,var_000e8e320efa4625a76cda91e7d5df4c,https://cdn.shopify.com/s/files/1/0725/7020/8392/files/e80d6559-1be7-41b2-a4f8-35aa43957780.jpg,microphone
prd_fa81ef023f4c4c589114086b5e3cd80a,bashfashion,Deity V-Mic D3 Pro Directional Condenser Shotgun Microphone with Shock Mount (Black),231,231,USD,True,var_6ed5bbe1dc27409d8e59035f70df3faf,https://cdn.shopify.com/s/files/1/0772/1192/6824/files/DCA0812B.jpg,microphone
prd_89ad3b1e7ebd42d9a2d0ff54a333de34,Tech For Less,Logitech Yeti Orb 988-000556 Condenser Wired USB Gaming Microphone,45.97,45.97,USD,True,var_a8f1ce82eda44c0ab9a0fc811ed261fd,https://cdn.shopify.com/s/files/1/0725/7020/8392/files/a27cfed3-e01d-480b-81c4-2857ac4a9cf1.jpg,microphone
prd_6560c391d40e45bcb870462bc0ddcf7f,bashfashion,Deity V-Mic D3 Pro Kit Directional Condenser Shotgun Microphone with Shock Mount with Handle (Black),359,359,USD,True,var_383a7fc8cce44fe29b6e8a83a3837e08,https://cdn.shopify.com/s/files/1/0772/1192/6824/files/DCA0811B.jpg,microphone
prd_59ded032066c4a16be73d8e17cb70f48,bashfashion,"PULUZ Wireless Lavalier Microphone for Type-C Phone, Type-C Receiver(Black)",25,25,USD,True,var_beabd15af64f466b89d27bb8e36e952a,https://cdn.shopify.com/s/files/1/0772/1192/6824/files/PU646B.jpg,microphone
prd_a96a50547956459aa53a7449907850b2,Mavigadget,Wireless Mini Noise Reduction Microphone,39.95,39.95,USD,True,var_41d68037182448d585722e5ae640b440,https://cdn.shopify.com/s/files/1/0629/4939/2444/files/Sf167f36bfbc94430a7a5f5ab97bf43fd6.jpg,microphone
prd_ac153d8c985d4d77ab1a3fda4e5f783d,bashfashion,"H65 3 In 1 Lavalier Wireless Microphone Outdoor Broadcast Noise Canceling Sports Camera Microphone, Style: Single Mic",24,24,USD,True,var_5f70169a1ede4d0d99de1c8bafd0351f,https://cdn.shopify.com/s/files/1/0772/1192/6824/files/TBD0605756801.jpg,microphone
prd_3286ca97343e45a09a2972239d626b8c,Mavigadget,Mini Phone Jack Microphone,18.95,18.95,USD,True,var_31abfe064ad544b7847f241bd59faf16,https://cdn.shopify.com/s/files/1/0629/4939/2444/files/product-image-1397617154.jpg,microphone
prd_f7ec8529fa404e558e40a23ab282abda,bashfashion,Godox MoveLink II M2 Wireless Lavalier Microphone System with 2 Transmitters and 1 Receiver for DSLR Cameras and Camcorders (Black),221,221,USD,True,var_d99e21564bc8434dba2dd353c17d5e94,https://cdn.shopify.com/s/files/1/0772/1192/6824/files/MCP0384B.jpg,microphone
prd_4b0daa7347d34ee7b85e875f967f796c,bashfashion,FEELWORLD VM1 USB Condenser Gaming Microphone for Streaming Noise Cancellation Mute RGB Light Boom Arm Stand (White),70,70,USD,True,var_8cf7dc94ca914e0c952a0e1136983e55,https://cdn.shopify.com/s/files/1/0772/1192/6824/files/MCP1329W.jpg,microphone
prd_89d55e464efa4fcb85f4b59fab835a8d,bashfashion,"Yanmai SF555B Mini Professional USB 2.0 Studio Stereo Condenser Recording Microphone, Cable Length: 1.5m, Compatible with PC and Mac for Live Broadcast Show, KTV, etc.(Black)",17,17,USD,True,var_ccd1e6ac051544dd88c60600da9976e5,https://cdn.shopify.com/s/files/1/0772/1192/6824/files/PC2148B.jpg,microphone
prd_6eaa432de55946fdade96076bfe6ff5b,Mavigadget,Mini Smart Wireless Microphone,53.95,53.95,USD,True,var_f3de93b3f1894c8792061ce95487b9ed,https://cdn.shopify.com/s/files/1/0629/4939/2444/files/iphoneeee.jpg,microphone
prd_3dd2acd70fd741f3b3a1285e47e93c04,bashfashion,PULUZ 2 TX + 1 RX Wireless Lavalier Microphone (Black),38,38,USD,True,var_74d1eb6eb88d484994274ba64f057571,https://cdn.shopify.com/s/files/1/0772/1192/6824/files/PU3154B.jpg,microphone
prd_79977b421e194b369fa9cf9c72d72dd7,bashfashion,"K63 One To Two  Wireless Lavalier Microphone With Charging Box Noise Reduction Video Record Mic,Spec: 8 Pin Interface",36,36,USD,True,var_134e1713b77543cc8e6cb950b02b9fac,https://cdn.shopify.com/s/files/1/0772/1192/6824/files/TBD0603461102.jpg,microphone
prd_54a90bd5a3a84ee5ac4bc1954e64c49b,bashfashion,FEELWORLD PM1-AS XLR/USB Dynamic Microphone for Podcasting Recording Gaming Live Streaming with Boom Arm (Black),110,110,USD,True,var_8f6b3707fba5400095296dcebe70d37b,https://cdn.shopify.com/s/files/1/0772/1192/6824/files/MCP1202B.jpg,microphone
prd_5ad6f8463b0e4b9ea044941dfc3d3f7d,bashfashion,YESIDO KR17 2 in 1 Wireless Lavalier Microphone Type-C Receiver with Charging Box,45,45,USD,True,var_434102e869d34603a68f2fbb0d0de560,https://cdn.shopify.com/s/files/1/0772/1192/6824/files/PC2648.jpg,microphone
prd_44faadce3cff495fb82a4c6af833af18,bashfashion,YESIDO KR13 Dual Low-latency Wireless Lavalier Microphone with Type-C Receiver(Black),38,38,USD,True,var_3dd3cd14907e4269b77bb9fd70e8f637,https://cdn.shopify.com/s/files/1/0772/1192/6824/files/EDA005985501A.jpg,microphone
prd_f5b7a00bae984824bd768de00b51c2d8,bashfashion,Godox MoveLink II M1 Wireless Lavalier Microphone System with Transmitters and Receiver for DSLR Cameras and Camcorders (Black),156,156,USD,True,var_5daf042af9ee4e58a2d8593aef250ece,https://cdn.shopify.com/s/files/1/0772/1192/6824/files/MCP0383B.jpg,microphone
prd_9faa8e2a72084f2c99fda1001a483555,bashfashion,"Original Wireless Transmission With OLED Touch Screen For DJI Mic, Model:1 Transmitters 1 Receiver",183,183,USD,True,var_a1017c1ede0245b0be575a79edb8a077,https://cdn.shopify.com/s/files/1/0772/1192/6824/files/TBD054114502_816b7b98-447d-49e0-bc0d-e00d6e9616d0.jpg,microphone
prd_a088bf2b29d7496d99d70f85759d1f53,bashfashion,YESIDO KR11 Low-latency Wireless Lavalier Microphone with Type-C Receiver(Black),28,28,USD,True,var_c5a9dfc1098c4ebf88d787dc549e58c9,https://cdn.shopify.com/s/files/1/0772/1192/6824/files/EDA005984901A.jpg,microphone
prd_0b6d457d8ed1499bb9a80e2b63745c64,GEARit,Studio Handheld Microphone Cardioid,29.45,29.45,USD,True,var_bda3c591ebba4a0daf9061d74c26a393,https://cdn.shopify.com/s/files/1/0252/3326/0653/files/GI-MD1-1.jpg,microphone
prd_dfe0b041a7f8403ca4c9445ce88e5de7,bashfashion,Yanmai Q10B USB Recording Microphone Kit,63,63,USD,True,var_8a35ea35d43c4148959f503df27e13ab,https://cdn.shopify.com/s/files/1/0772/1192/6824/files/MCP0257.jpg,microphone
prd_af818302e1fa43ecbd69d51a5af9869b,bashfashion,Godox MoveLink II M2 Wireless Lavalier Microphone System with 2 Transmitters and 1 Receiver for DSLR Cameras and Camcorders (White),221,221,USD,True,var_56d4fe4dbb024c8d8d11684294529fce,https://cdn.shopify.com/s/files/1/0772/1192/6824/files/MCP0384W.jpg,microphone
prd_62445c3ac1f643648663714e4f965717,bashfashion,BOYA BY-DMR7 Shotgun Condenser Broadcast Microphone with LCD Display & Integrated Flash Recorder for Canon / Nikon / Sony DSLR Cameras and Video Cameras(Black),33,33,USD,True,var_783ff2569f934e57b4d538f485029fe7,https://cdn.shopify.com/s/files/1/0772/1192/6824/files/DCA0322B.jpg,microphone
prd_47511e45c125436faa41bbbd51d499e9,bashfashion,"PULUZ Wireless Lavalier Microphone for iPhone / iPad, 8-Pin Receiver (Black)",26,26,USD,True,var_23711acd52f0402c87271045f857d4b3,https://cdn.shopify.com/s/files/1/0772/1192/6824/files/PU645B.jpg,microphone
prd_0e47f601bc7e4b05a9b54cd816f6cd96,bashfashion,"BOYA BY-V01 Stereo X/Y Condenser Microphone with Integrated Shock Mount Cold-shoe Mount & Windshield for Smartphones, DSLR Cameras and Video Cameras(Black)",25,25,USD,True,var_b8ed9a481f60462e966d9e3539f18c79,https://cdn.shopify.com/s/files/1/0772/1192/6824/files/DCA0332B.jpg,microphone
prd_d51cf161014f45619bc14df0d66cd3d1,Tech For Less,Sony ECM-W2BT Digital Bluetooth Wireless Microphone,236.49,236.49,USD,True,var_091fb18d66b548d8841b0e587fb28fa5,https://cdn.shopify.com/s/files/1/0725/7020/8392/files/fd8b4326-0669-4a00-8168-9a11e6b16d29.jpg,microphone
prd_26232bf34ffe4ea7880acf2f8eb79dca,bashfashion,"Yanmai SF666 Professional Condenser Sound Recording Microphone with Tripod Holder, Cable Length: 1.3m, Compatible with PC and Mac for Live Broadcast Show, KTV, etc.(White)",23,23,USD,True,var_737b5a124ba54e198caa35ed2540434d,https://cdn.shopify.com/s/files/1/0772/1192/6824/files/PC2435W.jpg,microphone
prd_c94a8ca3557b4ce8a3fb88d1d6f7287b,bashfashion,YESIDO KR12 Low-latency Wireless Lavalier Microphone with 8 Pin Receiver(Black),28,28,USD,True,var_85b752c8331f4b60ba86652e23c47ff6,https://cdn.shopify.com/s/files/1/0772/1192/6824/files/EDA005985201A.jpg,microphone
prd_6169d45696c64027bc4a93e675121524,bashfashion,Original 2 TX + 1 RX + Charging Case For DJI Mic 2,470,470,USD,True,var_b6f9d5e3a0fb4c37ab81c07e2fd10060,https://cdn.shopify.com/s/files/1/0772/1192/6824/files/TBD06056415.jpg,microphone
prd_2f04e683c8c244f59d5a6ac8d506e9c2,bashfashion,BM-800 Network K-Song Dedicated High-end Metal Shock Mount Microphone Set(Black),69,69,USD,True,var_973b80e3beb944e3b7217eed5c5b5271,https://cdn.shopify.com/s/files/1/0772/1192/6824/files/MPC8800B.jpg,microphone
prd_cdc57c3574c941fa9d0af24fda5850a7,bashfashion,AP031-1 3 in 1 Noise Reduction Lavalier Wireless Microphone,39,39,USD,True,var_64fb1010ad2d4fbabca55d0a3c572421,https://cdn.shopify.com/s/files/1/0772/1192/6824/files/MCP0381.jpg,microphone
prd_0b636f7e90c745b982aae86578b025c8,bashfashion,Lenovo Thinkplus MCP01 Intelligent Video Conference Omnidirectional Microphone Sound Portable Bluetooth Microphone Speaker(Black),72,72,USD,True,var_03d3d2e642564ed58e7345eb2195eea3,https://cdn.shopify.com/s/files/1/0772/1192/6824/files/TBD0604141401A.jpg,microphone
prd_ed61e90473424413adf07095bd0bd896,bashfashion,"PULUZ Wireless Lavalier Microphone for iPhone / iPad, 8-Pin Receiver and Dual Microphones (Black)",33,33,USD,True,var_ddbf38a5d4ec4537a8dee8877f941aef,https://cdn.shopify.com/s/files/1/0772/1192/6824/files/PU647B.jpg,microphone
prd_b04461e84fd042c69133b7a216106bf6,bashfashion,Yanmai SF-777W 2.4G Wireless Gaming Desktop Microphone with RGB Light & Blowout Net,41,41,USD,True,var_d2ba5d17adf0494f92d28af3141bbaf9,https://cdn.shopify.com/s/files/1/0772/1192/6824/files/EDA0058455.jpg,microphone
prd_e316fe41702240d69c246bf9e32c70b4,bashfashion,"YELANGU MX5S 2.4G Live Broadcast Interview Wireless Recording Camera Microphone, 1 Receiver to 2 Transmitter(Black)",36,36,USD,True,var_c7971f34496d419db2900bd203e85b62,https://cdn.shopify.com/s/files/1/0772/1192/6824/files/MCP0388B.jpg,microphone
prd_ec1a77a512a94469b6af7136415a1680,bashfashion,One by Two Lavalier Wireless Noise Reduction Microphone for Phone /  Camera / Laptop / MacBook with 3.5mm Receiver,22,22,USD,True,var_efc2dc85ed6e4bd6a25a40dc4ed3712b,https://cdn.shopify.com/s/files/1/0772/1192/6824/files/SYA002227802.jpg,microphone
prd_c717bf8133764d4583d68bc7e84bf6ec,bashfashion,3 in 1 Wireless Lavalier Microphones for iPhone / Android,28,28,USD,True,var_b309f7274278472c8081604bcd2f1b53,https://cdn.shopify.com/s/files/1/0772/1192/6824/files/SYA002404202.jpg,microphone
prd_a214f96a122b4c85b57e2abe1fca85cc,bashfashion,YICHUANG YC-VM100 3.5mm Port Portable Pointing Noise Reduction Microphone,42,42,USD,True,var_3e8f102d16a44d12a07fb61903e6ff3f,https://cdn.shopify.com/s/files/1/0772/1192/6824/files/MCP0122.jpg,microphone
prd_6bf80910de1f4f26a76589640df1ec68,bashfashion,YESIDO KR15 Dual Low-latency Wireless Lavalier Microphone with 3 in 1 Receiver(Black),47,47,USD,True,var_528746c41e02489f96f154a61c460734,https://cdn.shopify.com/s/files/1/0772/1192/6824/files/EDA005986001A.jpg,microphone
prd_8e4cfa1ba7c64f0480751ebaceced01f,bashfashion,XTUGA A400-B Professional 4-Channel UHF Wireless Microphone System with 4 BodyPack Lavalier Headset Microphone(EU Plug),224,224,USD,True,var_2b19e41e6119452e9f9623d8ed2cff36,https://cdn.shopify.com/s/files/1/0772/1192/6824/files/EDA005203201B.jpg,microphone
prd_6b6931245f8148c3945b731a9e715f04,bashfashion,Original Xiaomi Mijia Bluetooth 5.1 Stereo Noise Reduction Karaoke Microphone,92,92,USD,True,var_1f7c3437c43646cf96b362f051830996,https://cdn.shopify.com/s/files/1/0772/1192/6824/files/MCP0302.jpg,microphone
prd_70b4990869ba42aaad58e6e2b933d5ae,bashfashion,PULUZ 1.5m 8 Pin Jack Lavalier Wired Condenser Recording Microphone,36,36,USD,True,var_121a9143744a463682ca312cad909b83,https://cdn.shopify.com/s/files/1/0772/1192/6824/files/PU426.jpg,microphone
prd_0fb215e3bf7c425aa992aaad0ada5a37,bashfashion,"PULUZ Wireless Lavalier Noise Reduction Reverb Microphones for iPhone / iPad, 8-Pin Receiver and Dual Microphones(Black)",24,24,USD,True,var_2c8e7cb520974e9d823312f0de6cafcc,https://cdn.shopify.com/s/files/1/0772/1192/6824/files/PU3150B.jpg,microphone
prd_6fd3681bc4044509a7a23c587451ba80,bashfashion,"Yanmai SF666 Professional Condenser Sound Recording Microphone with Tripod Holder, Cable Length: 1.3m, Compatible with PC and Mac for Live Broadcast Show, KTV, etc.(Black)",23,23,USD,True,var_3bfe95cf720d4e2aa3e13935c2d40ff7,https://cdn.shopify.com/s/files/1/0772/1192/6824/files/PC2435B.jpg,microphone
prd_6affc475cc374a89a4106dd775c7d0ac,bashfashion,"PULUZ SmartLink WS300 Magnetic Lavalier Wireless Microphone with Charging Case Box, Type-C RX Receiver and 2 TX Microphones (Black)",39,39,USD,True,var_1e4bb1bc13c7436a83a5c23c1b0092ff,https://cdn.shopify.com/s/files/1/0772/1192/6824/files/PU3155B.jpg,microphone
prd_125cddfe7e86404e88e16f7940222f05,Tech For Less,Thronmax TMM2KIT MDrill One USB Microphone Kit,29.97,29.97,USD,True,var_ee877733644541ec934d5bb2f004271e,https://cdn.shopify.com/s/files/1/0725/7020/8392/files/2fa36b79-5eb3-4cad-a769-67ff01e2137b.jpg,microphone
prd_ee8a37e0fdfc4df1bfd7ce3dcdfed89f,bashfashion,K9 Wireless Clip-on Auto-Sync Noise Cancelling Live Mini Microphone with 8-Pin Receiver,19,19,USD,True,var_e532831baca9439582ee2347e2b356c0,https://cdn.shopify.com/s/files/1/0772/1192/6824/files/SYA0019160.jpg,microphone
prd_818917f435ba4b4d9deeb8a5a37d5268,bashfashion,"PULUZ SmartLink WS300 Magnetic Lavalier Wireless Microphone with Charging Case Box, 8 Pin RX Receiver and 2 TX Microphones (Black)",36,36,USD,True,var_399e305e46b64f8097d59e5693d3c7fb,https://cdn.shopify.com/s/files/1/0772/1192/6824/files/PU3156B.jpg,microphone
prd_5c9cf1e037994d08b2723573c84e9402,bashfashion,PULUZ 1.5m USB-C / Type-C Jack Lavalier Wired Condenser Recording Microphone,21,21,USD,True,var_f19e0694ddb243629381c4161f73eec0,https://cdn.shopify.com/s/files/1/0772/1192/6824/files/PU425.jpg,microphone
prd_e6c736c80ffc4865a034f1121a6c600c,bashfashion,M100PRO Built-in Speaker 360-Degree Pickup Video Voice Call USB Omnidirectional Microphone Conference Microphone Webcast Microphone,41,41,USD,True,var_234cadffae73432c8a3391501acef5ea,https://cdn.shopify.com/s/files/1/0772/1192/6824/files/TBD0572132903.jpg,microphone
prd_600aafb3cd4943dd9ed46a6f1c866281,Shoppy,Vintage Microphone,16,16,USD,True,var_e53adc958a31499380bf530190fe2941,https://cdn.shopify.com/s/files/1/0382/9257/products/Vintage-Microphone-Gadgets_03580b0c-b94b-4bba-8654-9cd0b27d427e.jpg,microphone
prd_90db13149bfb4b7e825a510a08c1e8d4,bashfashion,SX31 3 in 1 Collar Clip Wireless Noise Reduction Microphone,31,31,USD,True,var_7eeeee858c09479a83cbaf025a7d2567,https://cdn.shopify.com/s/files/1/0772/1192/6824/files/SYA0024348.jpg,microphone
prd_3a28e51f5ef6429d8c29069ff0f37988,Tech For Less,Logitech C270 Webcam,21.49,21.49,USD,True,var_12010742fb4e4d10906e6f31923ac96d,https://cdn.shopify.com/s/files/1/0725/7020/8392/files/1335da66-4fed-49e0-beef-4fab3cb3292f.jpg,webcam
prd_6802173beb484521bdefd4bf2d2fab33,bashfashion,Logitech C920e HD Pro Webcam Widescreen Video Chat Recording USB Smart 1080P Web Camera,93,93,USD,True,var_b8baa0316ff449b499ec67149e1f0ad4,https://cdn.shopify.com/s/files/1/0772/1192/6824/files/MCP0366.jpg,webcam
prd_426572f254194843ad39b9cba5f4540f,bashfashion,Logitech C922 HD 1080P Auto Focus Webcam with 2 Omnidirectional Microphones,112,112,USD,True,var_2230f4be0c82486882842af54d3905f9,https://cdn.shopify.com/s/files/1/0772/1192/6824/files/PC5959.jpg,webcam
prd_f49a51894249403a81e02fef3d369aa8,Tech For Less,PTZOptics PT-WEBCAM-80-V2 USB 2.0 Type-A Streaming HD Webcam,33.49,33.49,USD,True,var_ab2aaaa8404a42b5af37c5c0e746a1d4,https://cdn.shopify.com/s/files/1/0725/7020/8392/files/7d0e030f-8a2f-4a31-b33a-d41fdabb2714.jpg,webcam
prd_adbd8f3fed8a4e16a9f1abc25833534a,Tech For Less,Aluratek AWC04F 2 MP HD Webcam With Mic,25.97,25.97,USD,True,var_b15ca7d12eb74a3eb8c2115ffaf4a21a,https://cdn.shopify.com/s/files/1/0725/7020/8392/files/e3d64a27-66a2-498c-8c54-921bf2602d14.jpg,webcam
prd_78e3597af9694501b2e9588590fbeb87,Tech For Less,JLab WPOPCAMRBLK124 Go Pop Full HD USB Webcam,15.49,15.49,USD,True,var_bc21c99bff924407af57f5d1ed95ae7e,https://cdn.shopify.com/s/files/1/0725/7020/8392/files/4dc83179-c909-457e-9b4d-69b15cce58d6.jpg,webcam
prd_334d7296a01b477bab16029912f86cac,Tech For Less,Polycom 2200-87070-001 Poly Studio P5 Professional Wired Webcam,24.49,24.49,USD,True,var_7c67eef79705402c811546b853fbc95b,https://cdn.shopify.com/s/files/1/0725/7020/8392/files/eb9d2aa8-3f53-4e00-8ea7-89595745d634.jpg,webcam
prd_060b13c0eeed4fbebb16e1e58d1fde05,bashfashion,720P USB Camera WebCam with Microphone,23,23,USD,True,var_dc4294f02d1f4c15b61d11dad39338b9,https://cdn.shopify.com/s/files/1/0772/1192/6824/files/PC7933.jpg,webcam
prd_bef62f4a12f047aa99fb5bb3ceef9c9d,bashfashion,C3 400W Pixels 2K Resolution Auto Focus HD 1080P Webcam 360 Rotation For Live Broadcast Video Conference Work WebCamera With Mic USB Driver-free,32,32,USD,True,var_a1658be47a8c42d79af1b5ca244540dc,https://cdn.shopify.com/s/files/1/0772/1192/6824/files/SYA0010554.jpg,webcam
prd_0498156e6b1444cf9efbfcd3dcf52bad,bashfashion,ESCAM PVR006 HD 1080P USB2.0 HD Webcam with Microphone for PC,30,30,USD,True,var_3ae55eb57b58499ab470fea512434d67,https://cdn.shopify.com/s/files/1/0772/1192/6824/files/NC0154.jpg,webcam
prd_795be84611724a74acd2d0898265610d,bashfashion,"Yesido KM14 2K 4.0MP HD USB Webcam, Cable Length 1.5m",44,44,USD,True,var_77013eaf036b40ac84c6846e7000e84e,https://cdn.shopify.com/s/files/1/0772/1192/6824/files/PC2646.jpg,webcam
prd_15b0886703df43a9a076f3d8fc019ca6,bashfashion,"5.0 Mega Pixels USB 2.0 Driverless PC Camera / Webcam with MIC and 4 LED Lights, Cable Length: 1.1m",23,23,USD,True,var_d35959810ac84cb68d97cdeeb4cf4f05,https://cdn.shopify.com/s/files/1/0772/1192/6824/files/S-NC-0808.jpg,webcam
prd_7e9713c1768b40058f7967463bd1cd2e,Tech For Less,Centon OTM Basics OB-AKK HD Pro Webcam,16.49,16.49,USD,True,var_f2045dd4534441ea89fdc0f047867e5e,https://cdn.shopify.com/s/files/1/0725/7020/8392/files/b2893b9f-bb6a-400c-a801-2772283ffc13.jpg,webcam
prd_3059f40a07cc4aeab032e08b5ec4109c,bashfashion,"C360 4K  Network High-Definition Computer Camera Drive-Free Beautifying Light Camera with Omnidirectional Microphone, Cable Length: 1.8m",70,70,USD,True,var_c324edcc88bf4f7dbed7d694330068b5,https://cdn.shopify.com/s/files/1/0772/1192/6824/files/TBD0572131703.jpg,webcam
prd_526b4b30263d42d9b3fc0e8f3fe6bbbb,Tech For Less,Microsoft 2IN-00001 Surface Hub 2 Smart Camera,571.97,571.97,USD,True,var_61758eebe00343bfacd832ec938e9012,https://cdn.shopify.com/s/files/1/0725/7020/8392/files/55f658d6-2062-4a98-88bf-95a259c5d8e4.jpg,webcam
prd_cfeb3a5e34ac4342b88cf0d421f579a6,bashfashion,"A9mini USB Drive-Free HD Fill Light Camera with Microphone, Pixel:2.0 Million Pixels 1080P",48,48,USD,True,var_2471a27f03d24854bddc9b89292dc5b6,https://cdn.shopify.com/s/files/1/0772/1192/6824/files/TBD0540998702.jpg,webcam
prd_aeb6f7ef366b43b585e9b433485732ec,bashfashion,R7 Wireless WiFi Webcam Network Home Security Camera HD Night Vision Cell Phone Remote Monitor,67,67,USD,True,var_4f90132cf99f4315981f0c8fdbedec66,https://cdn.shopify.com/s/files/1/0772/1192/6824/files/SYA0022692.jpg,webcam
prd_a662e5b26d9f408c80b251e5839eaa52,bashfashion,R9 Portable Cell Phone Remote Webcam Home Wireless WiFi Camera HD Night Vision Monitor Camera,49,49,USD,True,var_b5a63131627040a38ea6f3d6a5e4a7d8,https://cdn.shopify.com/s/files/1/0772/1192/6824/files/SYA0022693.jpg,webcam
prd_bb7b6dabf3a1464c982a293cd8d7b085,bashfashion,R8 Mini Webcam HD Night Vision Camera Cell Phone Remote Monitor Security Camera,51,51,USD,True,var_c4db75c332584fa0a622d122cdedf819,https://cdn.shopify.com/s/files/1/0772/1192/6824/files/SYA0022796.jpg,webcam
prd_d8f7d0710b3c41d09939ccde27e09f5d,bashfashion,A11 WiFi Smart Home PTZ Webcam IP Camera Night Vision Monitor (US Plug),36,36,USD,True,var_ac52d905f4c14d628bc126fd51ea055f,https://cdn.shopify.com/s/files/1/0772/1192/6824/files/NC8572US.jpg,webcam
prd_ee19a67ed4fa4e74849fd17bda031cbf,bashfashion,A11 WiFi Smart Home PTZ Webcam IP Camera Night Vision Monitor (EU Plug),36,36,USD,True,var_cb79390baee94963a094d9caeee7dc10,https://cdn.shopify.com/s/files/1/0772/1192/6824/files/NC8572EU.jpg,webcam
prd_2fed9bb3eb4f440b8c291755c8b9c9a1,bashfashion,"Original Xiaomi Mijia Smart Camera 3 PTZ Version 3K AI Detection Baby Monitor 5MP 360 Degree View Webcam Day & Night Work Infrared Night Vision, With US Plug Adapter(White)",60,60,USD,True,var_014d80b64a1a486fb97b3da788a30f1f,https://cdn.shopify.com/s/files/1/0772/1192/6824/files/TBD0603868301A.jpg,webcam
prd_19d5d7b6e82a418b8fc913865d0e9036,bashfashion,R10 4K HD Night Vision Cell Phone Remote Camera WiFi Webcam Home Network Monitor Camera(White),62,62,USD,True,var_fee0db420c3b40cba2eab1b68a84067f,https://cdn.shopify.com/s/files/1/0772/1192/6824/files/SYA002269401B.jpg,webcam
prd_233deec8f2fb41e28a7534ff17650611,Headphones.com,KEF Muo HiFi Portable Bluetooth Speaker - Clearance,169.99,169.99,USD,True,var_e076763321da40f697f2c1d07973014f,https://cdn.shopify.com/s/files/1/1791/0383/files/25-KEF-Muo-BlueAura-Horizontal-Front.jpg,speakers
prd_36fb89773748434d84f83e49ca1727dd,SHENZHENAUDIO,MOONDROP MM3A Five-mode 3-inch Active Speaker,169.99,169.99,USD,True,var_f1325a07ed454880b678c7678d34ea05,https://cdn.shopify.com/s/files/1/0013/3896/6076/files/1_cf4d1f64-47ec-4cf8-b0c4-ff443bba39de.png,speakers
prd_9a7639e89887484d97b2aaa254ee3571,Tech For Less,Dell 101KW AE715 True Wireless 360 Speaker System,97.97,97.97,USD,True,var_f7e5262b9e3a462bb033220c8b4892cc,https://cdn.shopify.com/s/files/1/0725/7020/8392/files/01349098-f4e6-49fe-8203-a6f7d6518bab.jpg,speakers
prd_c58a3b2e582e46028da6b3bf1a05347f,Headphones.com,KEF LS50 Wireless II Bookshelf Speakers - Freight Damaged - Clearance,1999,1999,USD,True,var_5c907f3d240044babd9577e641ef0ca2,https://cdn.shopify.com/s/files/1/1791/0383/products/KefLS50WIIBlack31024x1024.jpg,speakers
prd_3b6fc67b88784dcc94460d0beb7b732d,Suburban,1-Vibe Go Magnetic Wireless Speaker,26,26,USD,True,var_0d2e5bd3092a4ae5aef24cbd93864864,https://cdn.shopify.com/s/files/1/0379/3197/files/BS6_D_01_1500.png,speakers
prd_9ba60fbd88de45b4a3bd8d8daecd8edc,Tech For Less,JBL Flip 7 JBLFLIP7PURAM Portable Speaker With AI Boost,101.97,101.97,USD,True,var_02a0f8cb675c4407a0ba62c956643f5d,https://cdn.shopify.com/s/files/1/0725/7020/8392/files/c77e10ba-d196-4a32-9057-883a926fa6e6.jpg,speakers
prd_1a3b3b5be8794e34a1e6c0fa14b950cd,HiFiGo,FiiO Retro Box Desktop Bluetooth Speaker for JM21 / M21 / M33 Series,79.99,79.99,USD,True,var_280dce269da44ef2bd0b09cb227ffb91,https://cdn.shopify.com/s/files/1/0031/0453/8673/files/fiio-retro-box-desktop-bluetooth-speaker-for-jm21-m21-m33-series-fiio-retro-box-black-703865.jpg,speakers
prd_0a316092a91c43e9a2ae02db8371d6bc,bashfashion,T&G TG227 Outdoor Portable Waterproof Bluetooth Music Speaker with LED Support FM / TF / USB(Navy blue),25,25,USD,True,var_ad19228735c54b909f1ac7676bbcd1e8,https://cdn.shopify.com/s/files/1/0772/1192/6824/files/SYA001662701C.jpg,speakers
prd_fac35c1ee7f6496987ca872f5813dedc,Mavigadget,Nordic Wireless Natural Scene Speaker,139.99,139.99,USD,True,var_5379c684e05c4ca2b99e33ec5f9e73d9,https://cdn.shopify.com/s/files/1/0629/4939/2444/files/content22_3e4b4fbe-eb8a-4a08-a368-6f1fb5990b04.png,speakers
prd_05fd7447723a4feb954fd18272816c3a,Headphones.com,ELAC NAVA 100 Portable Bluetooth Speaker - Open Box,179,179,USD,True,var_c0efa2c7cd33412f801348fe59c52f9b,https://cdn.shopify.com/s/files/1/1791/0383/files/1079-1.2623.jpg,speakers
prd_1176ed16a9b9450683842284dda28b09,Mavigadget,All Wheel Creative Wireless Speaker,59.95,59.95,USD,True,var_b8d08bb36d854708b1d994ec19b1eb22,https://cdn.shopify.com/s/files/1/0629/4939/2444/files/image_2025-05-12_143623885.png,speakers
prd_f6a43f84b6fe4b378c0bd633ff347651,Kith,Kith for Bose SoundLink Plus Portable Speaker - Nocturnal,295,295,USD,True,var_8f4e95688b6e49ed99ac568f69ff258d,https://cdn.shopify.com/s/files/1/0094/2252/files/BO9021820200-Front.jpg,speakers
prd_8c68423ce31b4145bef10978436f5b0f,Headphones.com,KEF LS50 Wireless II Bookshelf Speakers,2999,2999,USD,True,var_d48ff0ebb9e842eca5034eee28c02e57,https://cdn.shopify.com/s/files/1/1791/0383/products/KefLS50WIIBlack31024x1024.jpg,speakers
prd_de547a8c6f2840218aff191d43db3da0,Headphones.com,KEF LSXII LT Wireless Bookshelf Speakers,999.99,999.99,USD,True,var_1605c9ea86fa4d22b6b0df4d3c5d3856,https://cdn.shopify.com/s/files/1/1791/0383/files/KEFLSXIILTGreen61024x1024.jpg,speakers
prd_191ea0f334e540dfa79f12b573097137,Headphones.com,"ELAC Debut 3.0 DB63 6.5"" Bookshelf Speakers - Pair",499,499,USD,True,var_8503626b46f84060b9c17396258f9ef3,https://cdn.shopify.com/s/files/1/1791/0383/files/ELAC-Debut3.0DB63-BK-4-24-1.jpg,speakers
prd_08edf68e8e704f698c1c77dc32506425,Headphones.com,Klipsch Austin Portable Bluetooth Speaker,99,99,USD,True,var_6a97727d787640ef9213da1268c2cbdc,https://cdn.shopify.com/s/files/1/1791/0383/files/AmazonReady-Klipsch-Klipsch_Austin-Front.jpg,speakers
prd_ff737cdfe4ec4d69b86c87391bf0997d,GEARit,GEARit 40W Portable Bluetooth Speaker IPX6,49.99,49.99,USD,True,var_d69bd734a1d5449bab70dbb2ffc63ec2,https://cdn.shopify.com/s/files/1/0252/3326/0653/files/GI-SPKR-BT-IN-BK_39296d3d-945e-4bf1-8bc4-c4642caceba8.jpg,speakers
prd_e367a5f142ba46248f8942a2482e1094,Headphones.com,KEF Muo HiFi Portable Bluetooth Speaker,249.99,249.99,USD,True,var_ed8be26d069f4982a0f9136899f34d57,https://cdn.shopify.com/s/files/1/1791/0383/files/25-KEF-Muo-BlueAura-Horizontal-Front.jpg,speakers
prd_e0baf22f34ed45c0af655b7f788a45e5,Tech For Less,JBL JBLFLIP7BLKAM Flip 7 IP68 Water-Resistant Portable Speaker,103.49,103.49,USD,True,var_09d983d5aac845dd9cb36fb6b5747ab3,https://cdn.shopify.com/s/files/1/0725/7020/8392/files/db2797bd-ff83-4337-b4bf-d13017e14680.jpg,speakers
prd_cd0d88483add4534ad9240eb4ad53c77,Mavigadget,Levitating Magnetic UFO Wireless Speaker,249,249,USD,True,var_d69ce53243ae4c599472bb8244732694,https://cdn.shopify.com/s/files/1/0629/4939/2444/files/product-image-960023909.jpg,speakers
prd_c25e30bd2fce4c388b94d765395cadca,Mavigadget,Saturn Magnetic Levitating Bluetooth Speaker,220.95,220.95,USD,True,var_4030a46ccc4c42c18b809be57ac7dad4,https://cdn.shopify.com/s/files/1/0629/4939/2444/files/S621f2bc99ad34893a7ad1bb76f7e7513y.jpg,speakers
prd_2ddabae0c17b417ab2ab56eb3dd3c932,bashfashion,EWA A103 Portable Bluetooth Speaker Wireless Heavy Bass Bomm Box Subwoofer Phone Call Surround Sound Bluetooth Shower Speaker(Blue),26,26,USD,True,var_b69d92c60e5f427da0c01606e33c8012,https://cdn.shopify.com/s/files/1/0772/1192/6824/files/SYA00831701E.jpg,speakers
prd_2127686c5fc441d9ab2d8b3a3b74bd92,Mavigadget,Nostalgia Sound Retro Bluetooth Speaker,79.95,79.95,USD,True,var_2e488429826c460eb23ce7af0d37af74,https://cdn.shopify.com/s/files/1/0629/4939/2444/files/image_2025-05-10_120339144.png,speakers
prd_05f1a3c0029544788e439baaadc104a7,Headphones.com,KEF LS50 Meta Passive Bookshelf Speakers,1599,1599,USD,True,var_700ba68ef1654329ac22f2693074ed4a,https://cdn.shopify.com/s/files/1/1791/0383/products/KEFLS50MetaBlack61024x1024.jpg,speakers
prd_fdac71c86fdd4aae802a79ec9893d4bc,Headphones.com,Klipsch Gig XXL Portable Party Speaker,349,349,USD,True,var_9f160456d034423aabf29e2f128bb371,https://cdn.shopify.com/s/files/1/1791/0383/files/AmazonReady-Klipsch-GIG_XXL-Hero_Right-RGB.jpg,speakers
prd_a9aa23f3db1d4dacb3d9956085356dea,bashfashion,Edifier M230 Retro Classic Desktop Portable Wireless Bluetooth 5.0 Wood Speaker,102,102,USD,True,var_fd48945135e94bfe8983e4fbc0bd3499,https://cdn.shopify.com/s/files/1/0772/1192/6824/files/TBD06031097.jpg,speakers
prd_46d4c614212a4d0daacffe125a6a43b4,Headphones.com,ELAC NAVA 100 Portable Bluetooth Speaker,229,229,USD,True,var_78353a2b924e4592a876f4e2a39677f3,https://cdn.shopify.com/s/files/1/1791/0383/files/1079-1.2623.jpg,speakers
prd_9e2d15071fa14e3790e3ab2896eeaa9c,Mavigadget,Mechanical Wireless Colorful RGB Speaker,159.95,159.95,USD,True,var_698ea3d3fc164d72b6d1fa9279ed7f2f,https://cdn.shopify.com/s/files/1/0629/4939/2444/files/Sbcd28484f0d34c5c86990b925b80f155S.webp,speakers
prd_fb9a13d5dc9848399962ea34e6a7536f,Kith,Transparent Sound Transparent Speaker Small - Black,550,550,USD,True,var_b07eb70150534844b48ad4d40fa3a7c7,https://cdn.shopify.com/s/files/1/0094/2252/files/TS-STS-B-Detail.jpg,speakers
prd_4be09be052374697b4d19bd54dd57705,HiFiGo,Moondrop Moonriver 3 / Moonriver3 CS43198*2 Portable DAC & AMP,219.99,219.99,USD,True,var_d953a04b630844abaa0868db50979aca,https://cdn.shopify.com/s/files/1/0031/0453/8673/files/moondrop-moonriver-3-moonriver3-cs431982-portable-dac-amp-moondrop-moonriver-3-291369.jpg,DAC amp
prd_705716e428b449b9b9803ded8eae61c7,SHENZHENAUDIO,MOONDROP DAWN PRO 2 Dual CS43198 Portable USB DAC/AMP,59.99,59.99,USD,True,var_3a5fce4a2c954b1192246b283961ac36,https://cdn.shopify.com/s/files/1/0013/3896/6076/files/1_214b5060-a795-4e6c-89f0-e0abc5b568db.png,DAC amp
prd_f562dfee4c9e4790a9cfe80a73e98d31,HiFiGo,FiiO BTR17 ES9069Q*2 Portable DAC & Headphone AMP,199.99,199.99,USD,True,var_912e3694879147199a9c1abb0235d2d2,https://cdn.shopify.com/s/files/1/0031/0453/8673/files/fiio-btr17-es9069q2-portable-dac-headphone-amp-hifigo-btr17-black-452014.jpg,DAC amp
prd_bc0252d1ca49468f9ce8e5bd313390cd,HiFiGo,TOPPING DX5 II Dual ES9039Q2M Fully Balanced DAC & AMP,299,299,USD,True,var_a067f0d667c445e7853e12e866fdac58,https://cdn.shopify.com/s/files/1/0031/0453/8673/files/topping-dx5-ii-dual-es9039q2m-fully-balanced-dac-amp-hifigo-dx5-ii-black-745036.webp,DAC amp
prd_9205791ff908498d998586c7299aaa3e,SHENZHENAUDIO,MOONDROP MOONRIVER 3 Dual CS43198 Portable USB DAC/AMP,219.99,219.99,USD,True,var_9ca08b6b74ed4e2ebd6f395f4ef66b41,https://cdn.shopify.com/s/files/1/0013/3896/6076/files/8_f15c723f-d403-4278-9866-52dd56ba6ffe.png,DAC amp
prd_ca97c2cf76f3450e803c5680ae2dcf54,HiFiGo,FiiO QX11 ES9069Q*2 Portable DAC & Headphones AMP,159.99,159.99,USD,True,var_df5369e30dff4149ae86bfc5f1a71f54,https://cdn.shopify.com/s/files/1/0031/0453/8673/files/fiio-qx11-es9069q2-portable-dac-headphones-amp-hifigo-green-972398.jpg,DAC amp
prd_1e189229f8894e1eb96367d584f2b1ea,HiFiGo,FiiO WARMER R2R Fully Balanced Desktop DAC & Headphone Amp,349.99,349.99,USD,True,var_c9fc8b1e183643f39e707c555f620a04,https://cdn.shopify.com/s/files/1/0031/0453/8673/files/fiio-warmer-r2r-fully-balanced-desktop-dac-headphone-amp-fiio-warmer-r2r-black-us-110v-598567.webp,DAC amp
prd_47694202f49a4aa1acb2878319937958,HiFiGo,FiiO KA15 Dual CS43198 Portable DAC & Headphone AMP,109.99,109.99,USD,True,var_18f287888f6644daa008a8b1a5d6aa7c,https://cdn.shopify.com/s/files/1/0031/0453/8673/files/fiio-ka15-dual-cs43198-portable-dac-headphone-amp-hifigo-ka15-black-597962.jpg,DAC amp
prd_91bf9c8e1ec441718329dabbcb4e5df9,HiFiGo,Fosi Audio DS2 Dual CS43131 Portable Dongle DAC Headphone AMP,53.97,53.97,USD,True,var_6af4801aab5c49fc95c929c11ed99194,https://cdn.shopify.com/s/files/1/0031/0453/8673/files/fosi-audio-ds2-dual-cs43131-portable-dongle-dac-headphone-amp-hifigo-ds2-gray-959501.jpg,DAC amp
prd_38bd3e97bfc84b339dd169495f286718,HiFiGo,Muse HiFi M6 Double JAN 6418+IN-17 Portable DAC & AMP,390,390,USD,True,var_82d4608d152e4b4a90bc0dafb4872673,https://cdn.shopify.com/s/files/1/0031/0453/8673/files/muse-hifi-m6-double-jan-6418in-17-portable-dac-amp-muse-hifi-m6-double-333328.jpg,DAC amp
prd_6207015bc99b4dc4981a290ecca9924d,HiFiGo,FiiO K11 R2R High-Performance Desktop DAC / Headphone AMP,169.99,169.99,USD,True,var_3ddbd7591d4849b7a5b75199bd806f79,https://cdn.shopify.com/s/files/1/0031/0453/8673/files/fiio-k11-r2r-high-performance-desktop-dac-headphone-amp-hifigo-k11-r2r-black-743046.jpg,DAC amp
prd_e87fe2129fda48e68de30f16bfd66e40,HiFiGo,MuseHiFi U3 Portable Decoding DAC/AMP,29.99,29.99,USD,True,var_9fdf3fe1c5654899aa0cd65dde2f959d,https://cdn.shopify.com/s/files/1/0031/0453/8673/files/musehifi-u3-portable-decoding-dacamp-muse-hifi-u3-147458.jpg,DAC amp
prd_01e96234944843599d68afdb0db66194,HiFiGo,Moondrop MOONRIVER2 Ti Portable DAC & AMP,219.99,219.99,USD,True,var_227c0a4dbfe2412d9ff3dcc91b4c2225,https://cdn.shopify.com/s/files/1/0031/0453/8673/files/moondrop-moonriver2-ti-portable-dac-amp-amp-hifigo-moonriver2-ti-675702.jpg,DAC amp
prd_91c3ea6a2c954ede831bcc974f265016,Linsoul Audio,Moondrop Dawn pro2,59.99,59.99,USD,True,var_762c5f524b20459a87dd520ffaaa6692,https://cdn.shopify.com/s/files/1/0040/7201/3924/files/6_9ba20667-4051-4e9c-9f79-c1d1d0cd80fe.jpg,DAC amp
prd_14db44db75bd4e3583136f50a2dd59fd,Linsoul Audio,CrinEar Protocol Max,89.99,89.99,USD,True,var_040e33dc037944fc938d831039c64ffb,https://cdn.shopify.com/s/files/1/0040/7201/3924/files/CrinearProtocolmaxfront.png,DAC amp
prd_43d7e413cfa740a6b7cc6b4d88c5c98e,Linsoul Audio,Kiwi Ears Allegro Pro,59.99,59.99,USD,True,var_7795ae0775ca43f8ae871e1c4dc7037c,https://cdn.shopify.com/s/files/1/0040/7201/3924/files/IMG_7630.jpg,DAC amp
prd_77b5e6ac8ddc420eaebec99bcbf1314a,Linsoul Audio,MOONDROP ECHO-A,21.99,21.99,USD,True,var_ccaa74a1c2394533bbc0e0d5bd3a4479,https://cdn.shopify.com/s/files/1/0040/7201/3924/files/800x800_1_5d1eb2f8-6c29-4776-a1aa-e25d2e2dcde3.jpg,DAC amp
prd_ab1987226d4d4a65abf27f3027120db4,SHENZHENAUDIO,MOONDROP ECHO B Portable USB DAC/AMP,24.99,24.99,USD,True,var_f829b81180364b8990800bd8eb1e5c21,https://cdn.shopify.com/s/files/1/0013/3896/6076/files/1_4a553afb-ce81-4a80-92da-151a1437db6f.png,DAC amp
prd_e019e327925c497793c2d217257c07bf,HiFiGo,AFUL ICEBORNE CS43198*2 Player-Class Portable AMP & DAC,144.99,144.99,USD,True,var_66412bd74ef14181866762481f9e99df,https://cdn.shopify.com/s/files/1/0031/0453/8673/files/aful-iceborne-cs431982-player-class-portable-amp-dac-hifigo-iceborne-type-c-970761.jpg,DAC amp
prd_b1a8109c06e54040829695de8f020db2,HiFiGo,TOPPING DX1 II Gaming Ready ES9039Q2M DAC & Headphone Amp,119,119,USD,True,var_1c1c1c6ae82e4c20a82bf2154a392956,https://cdn.shopify.com/s/files/1/0031/0453/8673/files/topping-dx1-ii-gaming-ready-es9039q2m-dac-headphone-amp-topping-dx1-ii-white-258821.webp,DAC amp
prd_82c501702f014b9394ba67873377a9c2,HiFiGo,MuseHiFi Muse 300 / Muse300 ES9039 Ultra Bluetooth 5.4 Desktop DAC/AMP with an OS,399.99,399.99,USD,True,var_23781f9012204f6d95be4ad634d1ccf9,https://cdn.shopify.com/s/files/1/0031/0453/8673/files/musehifi-muse-300-muse300-es9039-ultra-bluetooth-54-desktop-dacamp-with-an-os-muse-hifi-muse300-eu-plug-868218.jpg,DAC amp
prd_4a6bc8f7fb4d4f628fb7f39db9220ac4,HiFiGo,FiiO KA17 Dual ES9069Q USB DAC Audio HiFi Portable Headphone AMP,149.99,149.99,USD,True,var_d96bb0a302e0415a822866810d2cedbb,https://cdn.shopify.com/s/files/1/0031/0453/8673/files/fiio-ka17-dual-es9069q-usb-dac-audio-hifi-portable-headphone-amp-hifigo-black-181790.jpg,DAC amp
prd_b7137be4adc4438ebf60e38c42c934fe,HiFiGo,TANCHJIM Luna Dual Flagship CS43198 Portable USB DAC/AMP,129.99,129.99,USD,True,var_913eb0cf0fff42c8a63f4ad86d84399e,https://cdn.shopify.com/s/files/1/0031/0453/8673/files/tanchjim-luna-dual-flagship-cs43198-portable-usb-dacamp-hifigo-luna-standard-version-735961.jpg,DAC amp
prd_8d30cecfbdfd4a1f8bdcccb3969f31ba,Linsoul Audio,DUNU DTC480,69.99,69.99,USD,True,var_c68c4a296a194f739856febe5ccb01a4,https://cdn.shopify.com/s/files/1/0040/7201/3924/files/7_0fc958d3-a294-45a7-89af-90e58cf7fd78.jpg,DAC amp
prd_04d2aae5943b4e44bb0016220bad170c,Linsoul Audio,SIMGOT DEW4X,90.99,90.99,USD,True,var_3eaeabb070a24972883878463d5258f1,https://cdn.shopify.com/s/files/1/0040/7201/3924/files/IMG_0305.jpg,DAC amp
prd_34f5f8e9802a4cd9ae32f1fed104cf09,Linsoul Audio,Kiwi Ears Allegro BAL,49.99,49.99,USD,True,var_f44ec79d70ee42b6aeab74ab13dcd2b3,https://cdn.shopify.com/s/files/1/0040/7201/3924/files/KiwiEarsAllegroBAL_5.png,DAC amp
prd_b6186644bd3d423ba85f42ffe3d625b3,Dockcase,Dockcase Smart 10-in-1 USB-C Hub - HDMI & DP (Explorer Edition),89.99,89.99,USD,True,var_ed3da70acb604ac78ac499fccc6ceecd,https://cdn.shopify.com/s/files/1/0827/1462/4312/files/B1_01_ce41422a-7c84-45be-b2c1-96983aa19852.png,USB-C hub
prd_1400bd25f7bf40ed8ef7b516516c731c,Plugable Technologies,"Plugable USB-C Hub 10-in-1 with 4K 144Hz HDMI, 2.5Gbps Ethernet, 140W Pass-Through Charging",74.95,74.95,USD,True,var_d7362affddf74dacae0de61f240c7f9f,https://cdn.shopify.com/s/files/1/0006/9045/4575/files/main-max_51e923ab-ade5-449d-a931-a94491a77c34.jpg,USB-C hub
prd_441e496aef7e46798aa3ad0a0da6480a,HyperShop.com,HyperDrive Dual 4K HDMI 10-in-1 USB-C Hub For MacBooks,159.99,159.99,USD,True,var_fc051db8847f48cd8f1d37519d95e780,https://cdn.shopify.com/s/files/1/0872/6416/files/hyperdrive-dual-4k-hdmi-10-in-1-usb-c-hub-for-macbooks-6167312.webp,USB-C hub
prd_96e127fe442f4f90ade59c9c8b475798,Dockcase,Dockcase Smart USB-C Hub 7-in-1 with M.2 SSD Enclosure,109.99,109.99,USD,True,var_eee9452090594fbcab8c6716e059e948,https://cdn.shopify.com/s/files/1/0827/1462/4312/files/B1_01_423b6371-8b2d-4421-ad54-e919cc11311e.png,USB-C hub
prd_5826aad936c84c4aabbdaca9caa72572,Dockcase,Dockcase Studio Smart  8-in-1 USB-C Hub,129.99,129.99,USD,True,var_aec49c9f9d6847748e6fb48abae77da1,https://cdn.shopify.com/s/files/1/0827/1462/4312/files/B1_01_e16e3ac9-77f1-4f98-a66c-eb209dd547a1.png,USB-C hub
prd_155684888a7146a18bb856eff70d97c3,HyperShop.com,HyperDrive Next Duo Slim USB-C Hub for MacBook,79.99,79.99,USD,True,var_6c986b4d78b14c6687017ec85d146024,https://cdn.shopify.com/s/files/1/0872/6416/files/hyperdrive-next-duo-slim-usb-c-hub-for-macbook-1309875.webp,USB-C hub
prd_66d373cffe9f4f248f567e5143a55e11,Dockcase,Dockcase Smart 6-in-1 USB-C Hub,49.99,49.99,USD,True,var_7f2a1f7133864cbfbf8b8cf569899cc5,https://cdn.shopify.com/s/files/1/0827/1462/4312/files/B1_01_cbada0b2-1dd6-49c0-bade-4d541ae3c92f.png,USB-C hub
prd_70ef13396c554c68bfdbc666606c0ae3,Dockcase,Dockcase Smart 6-in-1 USB-C Hub (Explorer Edition),59.99,59.99,USD,True,var_7bdc63b177514c0782d318fb167883d2,https://cdn.shopify.com/s/files/1/0827/1462/4312/files/B1-01.png,USB-C hub
prd_f563ec51ff434721bfbc52a8624752a7,HyperShop.com,HyperDrive Next 6 Port Universal USB-C Hub,59.99,59.99,USD,True,var_dd5afbf257434e938ccb5b381c19e9c9,https://cdn.shopify.com/s/files/1/0872/6416/files/hyperdrive-next-6-port-universal-usb-c-hub-4620992.webp,USB-C hub
prd_a2c25428a51a4b708f0a3d8537b20647,Dockcase,Dockcase Smart 10-in-1 USB-C Hub - Dual HDMI (Explorer Edition),89.99,89.99,USD,True,var_f8cb40863ebc4799be847624bae8c4d5,https://cdn.shopify.com/s/files/1/0827/1462/4312/files/B1-01_fc6bb54a-448d-420c-998e-5546910be14f.png,USB-C hub
prd_d368b88fb5b24e3ebee4aff1228bfe5b,Plugable Technologies,"Plugable 9-in-1 USB-C Hub with 4K HDMI, 140W Pass-Through Charging",49.95,49.95,USD,True,var_585f08fa030347f79fe30a8a83eeea0d,https://cdn.shopify.com/s/files/1/0006/9045/4575/files/main-max_200f4dac-86ca-4f4d-89cc-ae5a1b3a4cce.jpg,USB-C hub
prd_687f099f9c0c4c21a20b7cb1608919b3,Plugable Technologies,"Plugable USB-C Hub 7-in-1 with 4K 60Hz HDMI, 100W Pass-Through Charging",34.95,34.95,USD,True,var_9ba0dd2ce5664ab984a2950e933c870c,https://cdn.shopify.com/s/files/1/0006/9045/4575/files/main-max_09a0ae87-1337-4b77-928a-a5b8041e01db.jpg,USB-C hub
prd_541f475d1c304ec485611b30b7741255,Plugable Technologies,Plugable USB 3.0 and USB-C 7-Port Charging Hub,54.95,54.95,USD,True,var_e9a9d536b232489684c43213e87b4f59,https://cdn.shopify.com/s/files/1/0006/9045/4575/files/main-max_1fe31774-a2c4-496d-a405-681d6c30ca95.jpg,USB-C hub
prd_d84aeb9f771e4560bdea04733b5e7381,HyperShop.com,HyperDrive Next 6 Port USB-C Hub,55.99,55.99,USD,True,var_b616a3ff2a4f4ed19d343b0040b49da2,https://cdn.shopify.com/s/files/1/0872/6416/files/hyperdrive-next-6-port-usb-c-hub-9071400.webp,USB-C hub
prd_22236e6d3f1a42cf8b8c8958d6131e6b,Plugable Technologies,Plugable USB-C 4-Port Hub,17.95,17.95,USD,True,var_1f40a504db6e474288805e946f357be4,https://cdn.shopify.com/s/files/1/0006/9045/4575/files/main-max_93999c82-b698-452d-b56b-70487aba0a33.jpg,USB-C hub
prd_5624fd69b52f452cbb89b7e2261baa36,Plugable Technologies,Plugable USB-C 7-in-1 Hub with Ethernet,39.95,39.95,USD,True,var_2d58e036183d4b0c8cd5fc5f62da32c0,https://cdn.shopify.com/s/files/1/0006/9045/4575/files/main-max_3eaab766-4aa6-4d5b-a7bc-ab001d8238d0.jpg,USB-C hub
prd_cdf3a385e3b04c8b838d61461d0f1f98,HyperShop.com,HyperDrive Flex 4 Port USB-C Hub,29.99,29.99,USD,True,var_f980f815506c4743aae04c01faa2029f,https://cdn.shopify.com/s/files/1/0872/6416/files/hyperdrive-flex-4-port-usb-c-hub-9567681.webp,USB-C hub
prd_c1e8e6e1a0204d999b99c6f65533e9cd,HyperShop.com,HyperDrive Next 10 Port USB-C Hub,79.99,79.99,USD,True,var_d9c0575e37734e03bab65efb43e632aa,https://cdn.shopify.com/s/files/1/0872/6416/files/hyperdrive-next-10-port-usb-c-hub-2642269.webp,USB-C hub
prd_df75d0e2b47f444fa8d0ba5e8e5a8a81,HyperShop.com,HyperDrive Flex 8 Port USB-C Hub,44.99,44.99,USD,True,var_6461798318b8484f8c1d9cbe25e8b117,https://cdn.shopify.com/s/files/1/0872/6416/files/hyperdrive-flex-8-port-usb-c-hub-2273217.webp,USB-C hub
prd_d67c3d6ed4a84b758474e6d9725975d5,Baseus US,Baseus 12 in 1 Laptop USB-C Hub,89.99,89.99,USD,True,var_1bb72bbb5d634895ac040a7bb19c854d,https://cdn.shopify.com/s/files/1/0555/8432/5709/products/Baseus_12_in_1_USB-C_Hub_WKSX0302134.jpg,USB-C hub
prd_d8c9e247d95341b69929b6b6c03e5ec5,GMKtec,8 in 1 USB Hub Docking station,39.99,39.99,USD,True,var_ffd0cdaa473f448f86d238607d33c73e,https://cdn.shopify.com/s/files/1/0715/1314/5498/files/5bf9f3d2306851e218f90531633b0af0.webp,USB-C hub
prd_cc26e0f9868749019eeac4557b5aaa98,HyperShop.com,HyperDrive Next 11 Port Dual 4K60Hz HDMI USB-C Hub,95.99,95.99,USD,True,var_6017004a92e44ac79db41a00a172c88c,https://cdn.shopify.com/s/files/1/0872/6416/files/hyperdrive-next-11-port-dual-4k60hz-hdmi-usb-c-hub-1169866.webp,USB-C hub
prd_23ab4ac7159346ecb0bbead78f5fff59,Plugable Technologies,"Plugable 2-Port USB Hub, USB-C to Dual USB-A 2.0",16.99,16.99,USD,True,var_3db6dac13e2643528b30e9061c0417a2,https://cdn.shopify.com/s/files/1/0006/9045/4575/files/main-max_67e23998-f94c-4032-a2dc-0cead4859dd3.jpg,USB-C hub
prd_67ac747c3c7b495c9d57973d3a4beae7,HyperShop.com,HyperDrive Next 7 Port USB-C Hub,63.99,63.99,USD,True,var_75f8a3777788441b9e2099df33e3ad6a,https://cdn.shopify.com/s/files/1/0872/6416/files/hyperdrive-next-7-port-usb-c-hub-2532792.webp,USB-C hub
prd_e7f1fe626d3648a7a0823ae8a7316fd1,HyperShop.com,HyperDrive Next 6 Port USB-C Hub with 3x USB-A,39.99,39.99,USD,True,var_b1c50f66330249aea351109d9bca77e9,https://cdn.shopify.com/s/files/1/0872/6416/files/hyperdrive-next-6-port-usb-c-hub-with-3x-usb-a-7201945.webp,USB-C hub
prd_e5d3f8d35a194e769dd6a01f954e6a57,UPERFECT,UExtend - 8 In 1 Multiport USB-C HUB 4K HDMI USB 3.0 Adapter,29.99,29.99,USD,True,var_51b987dc56954076938bfb824fec1aec,https://cdn.shopify.com/s/files/1/0039/6387/9494/files/multiport-usb-c-hub-to-4k-hdmi-usb-30-adapter-uperfect-uperfect.png,USB-C hub
prd_ad754fe38cc64313893bf871e3faae95,Baseus US,Baseus Metal Gleam Series 9-in-1 USB C HUB,79.99,79.99,USD,True,var_fa7a26edeb7d4e04aa09c14c92d8f5e2,https://cdn.shopify.com/s/files/1/0555/8432/5709/files/Baseus_Metal_Gleam_Series_9_in_1_USB_C_HUB_1.jpg,USB-C hub
prd_95bf033ae24144e28c7234c9068782b8,Plugable Technologies,"Plugable 11-in-1 USB-C Hub 100W Pass-through, Dual Monitor 4K 60Hz HDMI",87.95,87.95,USD,True,var_12c16cbec3a7448cba7562f6e863f582,https://cdn.shopify.com/s/files/1/0006/9045/4575/files/main-max_c0bb514a-1e32-4c75-8e11-d0c49aa77cab.jpg,USB-C hub
prd_40b6c4eafc06401f83f5078fa9680684,Baseus US,Baseus Joystar 9 in 1 USB-C Hub,69.99,69.99,USD,True,var_047db4087b9c48f18baada3a1eb48125,https://cdn.shopify.com/s/files/1/0555/8432/5709/products/Baseus_Metal_Gleam_9_in_1_USB_C_Hub_1_front_side.jpg,USB-C hub
prd_7dcc4969e1cc43178e8d9d0ce6fb6077,Plugable Technologies,"Plugable 4-in-1 USB-C Hub with 4K HDMI, 100W Charging",34.95,34.95,USD,True,var_b297b33ce8ab44c7a331d05513a42aec,https://cdn.shopify.com/s/files/1/0006/9045/4575/files/main-max_518f6403-b78b-4856-8c45-d247c22f4c97.jpg,USB-C hub
prd_84673c1c25a34f73a129c5ba80a68b85,HyperShop.com,HyperDrive Next 4 Port USB-C Hub,47.99,47.99,USD,True,var_3178077193ad4831b65180f0edc93cd0,https://cdn.shopify.com/s/files/1/0872/6416/files/hyperdrive-next-4-port-usb-c-hub-7514220.webp,USB-C hub
prd_dc67ec5be6a14e8aa16c8067753c1915,HyperShop.com,HyperDrive Flex 5 Port USB-C Hub,34.99,34.99,USD,True,var_e71924463e564003b18e42304593a4df,https://cdn.shopify.com/s/files/1/0872/6416/files/hyperdrive-flex-5-port-usb-c-hub-1575801.webp,USB-C hub
prd_3e7b65c7ae194aa1a797ae6410ee2231,Mavigadget,Multi USB Type C HUB for Macbook,62.95,62.95,USD,True,var_66b45372f84e4a1aa9438ec310ff4cf3,https://cdn.shopify.com/s/files/1/0629/4939/2444/files/product-image-1720013796-sw.jpg,USB-C hub
prd_e292b6d697ca430ab535ec556642870b,bashfashion,Wavlink UHP3415 85W Power Delivery USB-C/Type-C 10Gbps Hub 5 in 1 Multiport Connection Adapter,56,56,USD,True,var_36f9a5790f4d4b05b0d98d8673623b69,https://cdn.shopify.com/s/files/1/0772/1192/6824/files/SYA0023209.jpg,USB-C hub
prd_8478ac49645940aeac773bea821b143f,Tech For Less,Targus ACA952USZ USB-C Multi-Port Hub With Card Reader and 100 Watts,25.49,25.49,USD,True,var_af4e4d07b9ad4edebd0f236a509c2835,https://cdn.shopify.com/s/files/1/0725/7020/8392/files/1fb34ebc-5581-4313-a749-f8fa73c68cc8.jpg,USB-C hub
prd_153314bb7e3543888c2cfbd957745398,HyperShop.com,HyperDrive Flex 4 Port USB-C Combo Hub,24.99,24.99,USD,True,var_f37ea0c49b6842f09f1cf1de8294049f,https://cdn.shopify.com/s/files/1/0872/6416/files/hyperdrive-flex-4-port-usb-c-combo-hub-3162534.webp,USB-C hub
prd_95872c1a249444038f8d5b6690d7920d,HyperShop.com,HyperDrive Next 4 Port USB-A to USB-C Hub,19.99,19.99,USD,True,var_92f9e80dae0f497a9a6fcf7ce40c47ea,https://cdn.shopify.com/s/files/1/0872/6416/files/hyperdrive-next-4-port-usb-a-to-usb-c-hub-3851410.webp,USB-C hub
prd_14e41a049dc844fe8d462e107af6713b,Suburban,Verbatim - TYPE  C  HUB  6-IN-1  -  GREY  ( HDMI | USB-C PD | 3 x USB-A 3.2 Gen1 | RJ45 ),46,46,USD,True,var_6579db6bcd8d4d64934d5aa4c5dac349,https://cdn.shopify.com/s/files/1/0379/3197/files/GKDRzYyzwE20241214193703.jpg,USB-C hub
prd_f8ba4be237ed4550abd24320518ac410,Mavigadget,7in1 USB C Hub Adapter For Macbook,39.95,39.95,USD,True,var_27a39cc0eacf4a0ea9b5668de20f6860,https://cdn.shopify.com/s/files/1/0629/4939/2444/files/product-image-1580445506-sw.jpg,USB-C hub
prd_da64306472844cbab9c47c4f1bf7ba99,bashfashion,USB-C / Type-C to 3.5mm + 2USB + Type-C HUB Docking Station(Grey),17,17,USD,True,var_4a519887a6694567b371f203bdf0e9f9,https://cdn.shopify.com/s/files/1/0772/1192/6824/files/EDA003916101A.jpg,USB-C hub
prd_1bd4e80f3fa84381a1b229b0a6c894f5,bashfashion,USB C Hub 7-in-1 USB C Multiport Adapter with HDMI 100W PD and SD/TF Card Reader,21,21,USD,True,var_580d9331957d4d77a3e94395b46a4b9b,https://cdn.shopify.com/s/files/1/0772/1192/6824/files/SYA0020713.jpg,USB-C hub
prd_4c0aa7a4aebb40bdab831467b726b44f,Plugable Technologies,"Plugable USB-C Triple Monitor Docking Station for Windows, 100W Laptop Charging",149.99,149.99,USD,True,var_02b746d39e9a4a62bc6bee2e2571ef8f,https://cdn.shopify.com/s/files/1/0006/9045/4575/files/main-max_2ff58c49-205e-4494-8747-c922c034562d.jpg,docking station
prd_7aa7a0de67a54f6baf2873f4e6c8b4e2,Baseus US,Baseus Spacemate RD1 Pro 15-in-1 Docking Station,299.99,299.99,USD,True,var_13b84d49d4ae48fc80476c2c5881e306,https://cdn.shopify.com/s/files/1/0555/8432/5709/files/Baseus_Spacemate_RD1_Pro_15_in_1__WIN__Docking_Station_1.jpg,docking station
prd_a9229071a00848fe886a6722f421735c,Plugable Technologies,"Plugable USB-C Triple Monitor Docking Station, 100W Laptop Charging",169.99,169.99,USD,True,var_bce2604674ea48dab728c0906a39f795,https://cdn.shopify.com/s/files/1/0006/9045/4575/files/main-max_5ad3996b-1748-4303-b647-9364e54b88d3.jpg,docking station
prd_a35c054526a64ab99ccac995b5644b50,Plugable Technologies,"Plugable USB-C Docking Station, 4K Triple Monitors, 100W Laptop Charging",229.99,229.99,USD,True,var_c8775a74ab3a4dedb4184ec761fae780,https://cdn.shopify.com/s/files/1/0006/9045/4575/files/main-max_28d3e9af-b54f-4596-94a9-5f1553cda377.jpg,docking station
prd_c94431cc0fc0484fb58dde58ae98931c,Plugable Technologies,"Plugable USB-C Docking Station, 4K Triple Monitors, 60W Laptop Charging (Prior Version)",161.99,161.99,USD,True,var_53c19a4b9d1b4c45853f3c50f3d76f59,https://cdn.shopify.com/s/files/1/0006/9045/4575/files/main_double.jpg,docking station
prd_e6b3eabe020f44309c480a9c89d4d3c7,Plugable Technologies,Plugable Thunderbolt™ 4 16-in-1 Docking Station for MacBook Air/Pro,289.99,289.99,USD,True,var_474bdb4cdb9e480594e9146b71c1460f,https://cdn.shopify.com/s/files/1/0006/9045/4575/files/main-max_1b9e4c63-6926-4c33-8743-b684ec06128b.jpg,docking station
prd_c5effac7f58746479cfbcb8e6e4ea47d,Baseus US,Baseus Spacemate 11-in-1 Docking Station,149.99,149.99,USD,True,var_579de3bd84d840c0bb7d4da485ce3414,https://cdn.shopify.com/s/files/1/0555/8432/5709/files/Baseus_Spacemate_11-in-1_Docking_Station_For_Windows_0_Front_side.jpg,docking station
prd_b37d5e9dea7546228d25a9191be88b2b,Plugable Technologies,"Plugable USB-C Docking Station for Mac, Dual 4K Monitors, 100W Laptop Charging (B-Stock)",169.99,169.99,USD,True,var_ab1b76b22c414e4285ed56bfb3c75fd6,https://cdn.shopify.com/s/files/1/0006/9045/4575/files/main_e4f35faa-94e1-4fc8-b639-38f3c7e05054.jpg,docking station
prd_3dfa63835ae34849840b081f58d676bd,Plugable Technologies,Plugable Universal Docking Station for Dual 4K Monitors,159.99,159.99,USD,True,var_045236a7a48544c981be1a7d7f1a9eca,https://cdn.shopify.com/s/files/1/0006/9045/4575/files/main-max_f5108e74-5b92-4a46-9809-2ffe6bf0e3ce.jpg,docking station
prd_c74916393fc0458b993f7fccc1fea409,Plugable Technologies,"Plugable USB-C Docking Station for Mac, Dual 4K Monitors, 100W Laptop Charging",199.99,199.99,USD,True,var_5992dd75ab7a4e06b012de5541a16d96,https://cdn.shopify.com/s/files/1/0006/9045/4575/files/main-max_fe0cf1a6-8f90-44a2-a518-5772c54ad58b.jpg,docking station
prd_808f8d1ebf5241468edff52fc761036f,Plugable Technologies,Plugable USB-C Triple 4K Monitor Docking Station with 100W Laptop Charging (B-Stock),198.99,198.99,USD,True,var_baf13369360041849883daf3767c749a,https://cdn.shopify.com/s/files/1/0006/9045/4575/files/main_f07901f3-b3a0-4431-8ab3-55cbe2a9cf2c.jpg,docking station
prd_1d6b0c5bb2ca4cc787a12529750b96ac,HyperShop.com,HyperDrive GEN2 12-in-1 USB-C Docking Station With Power Adapter,100,100,USD,True,var_e18b984ce51f426593af4b2e1fc154f1,https://cdn.shopify.com/s/files/1/0872/6416/files/hyperdrive-gen2-12-in-1-usb-c-docking-station-with-power-adapter-5762221.png,docking station
prd_ed65f14a526849b180556fa1a7e2e7a8,Plugable Technologies,"Plugable Thunderbolt 5 Docking Station with Dual HDMI 2.1, 140W Laptop Charging",349.95,349.95,USD,True,var_778d9a22a1854bb1a2e36f8d84a32c7b,https://cdn.shopify.com/s/files/1/0006/9045/4575/files/main-max_3addbb9f-a67c-43f1-9bdd-66941313a2f8.jpg,docking station
prd_f1b348b2062a4505928418c927fe81df,Plugable Technologies,"Plugable USB-C Triple Monitor Docking Station, 100W Laptop Charging (B-Stock)",127.99,127.99,USD,True,var_0e3db2ea6c1d4ed4b0e5757cc164cebf,https://cdn.shopify.com/s/files/1/0006/9045/4575/files/main_63e9467b-9650-404a-9e94-ac0422f64fc6.jpg,docking station
prd_395b32b473a84df0836d130c74e078b3,Plugable Technologies,"Plugable USB-C Dual HDMI Docking Station, 100W Pass Through Charging",145.99,145.99,USD,True,var_216c86176e9c4e6cbd69d9821b890f47,https://cdn.shopify.com/s/files/1/0006/9045/4575/files/main-max_15f83d94-e7bf-47a6-8bbe-7269be4cc9a8.jpg,docking station
prd_80ac12f135df405881e9663b0a76e5d6,HyperShop.com,HyperDrive Thunderbolt 4 Docking Station (2 Downstream Ports),279.99,279.99,USD,True,var_1a96a1df2eea4ed993288bd5a58914b4,https://cdn.shopify.com/s/files/1/0872/6416/files/hyperdrive-thunderbolt-4-docking-station-2-downstream-ports-8196705.webp,docking station
prd_9984c0898f8d455aaa3c073e404549ae,Tech For Less,Dell MV6YJ Docking Station,30.97,30.97,USD,True,var_b5238a30bb354d5baa5a37992046202c,https://cdn.shopify.com/s/files/1/0725/7020/8392/files/afd1a8a0-3765-41d0-aa0f-fb84941c0ca6.jpg,docking station
prd_c594e3a1f9b548008e029e875f2018b4,Plugable Technologies,Plugable USB-C Triple 4K Monitor Docking Station with 100W Laptop Charging,245.99,245.99,USD,True,var_e200c39cf6914a8b9a71f1dcdaf3b3f6,https://cdn.shopify.com/s/files/1/0006/9045/4575/files/main-max_6e60d89b-8f7b-4f63-b64a-508c5760b495.jpg,docking station
prd_387159055cba4319ae5c64e592c19873,Plugable Technologies,Plugable Universal Docking Station for Dual 4K Monitors (B-Stock),127.99,127.99,USD,True,var_96f3c88808274c5082bb3aa9bb96b56e,https://cdn.shopify.com/s/files/1/0006/9045/4575/files/main_3.jpg,docking station
prd_28885ee07f79464eb75d36297f362a27,Plugable Technologies,Plugable Universal Dual Monitor Docking Station - UD-3900 (Prior Version),84.99,84.99,USD,True,var_6a20cae9442b4d23bbd45f4dc85b7046,https://cdn.shopify.com/s/files/1/0006/9045/4575/files/main_8c7bd5ee-ca12-40a2-8f1b-fc5bcbb7de6d.jpg,docking station
prd_62b5fce718c94582a6f9fe2e942546c5,Plugable Technologies,"Plugable USB-C Triple Monitor Docking Station with 100W Laptop Charging, TAA Compliant",194.99,194.99,USD,True,var_949dfac62c7e43c78ff72c8c3bd08399,https://cdn.shopify.com/s/files/1/0006/9045/4575/files/main-max_d2cc711c-6c16-45bd-b27c-45145dca0f95.jpg,docking station
prd_d540a4f4b9e54bff9f558f88c747c6fe,Plugable Technologies,"Plugable USB-C Dual HDMI Display Docking Station for Windows, ChomeOS, 65W Laptop Charging",119.95,119.95,USD,True,var_09170cd49c6f4883a1f8a27dc2c3b474,https://cdn.shopify.com/s/files/1/0006/9045/4575/files/main-max_04728cbe-5b2a-4694-b58d-9ffa30379849.jpg,docking station
prd_d7c1ae9342cf4843948b5874968598a7,Plugable Technologies,Plugable Dual Monitor Universal Docking Station,119.99,119.99,USD,True,var_9f5b6bfbbab1413d802d9fe6c078fc8b,https://cdn.shopify.com/s/files/1/0006/9045/4575/files/main-max_c6512e2e-6e85-4074-abe3-f1cb8e5de41e.jpg,docking station
prd_e6e2645946a348e4b4bcf1a7a7d1fdc3,Tech For Less,VisionTek VT1100 Docking Station,45.97,45.97,USD,True,var_55418da4e545461f9a4625a61a24c551,https://cdn.shopify.com/s/files/1/0725/7020/8392/files/ac256832-3cbf-47d4-93e6-9a89cad6c999.jpg,docking station
prd_cbda5b5c82224caf8582f369ed06f2de,Plugable Technologies,"Plugable Thunderbolt 4 Docking Station for 4K Quad Monitors, 100W Laptop Charging",319.99,319.99,USD,True,var_593c61b1ee404096a3d6e1a7e5c4c972,https://cdn.shopify.com/s/files/1/0006/9045/4575/files/main-max_3fa7675f-53e0-46d1-80ef-50f50326198e.jpg,docking station
prd_505c3e5726894fc38177a297357197a3,Plugable Technologies,"Plugable Universal Dual Monitor Docking Station for Dell, HP, Lenovo, Macbook",95.99,95.99,USD,True,var_75576bd608df430ca24aeb9d41b71824,https://cdn.shopify.com/s/files/1/0006/9045/4575/files/main-max_81b39d22-8dd9-4c0f-a437-2a27148dba69.jpg,docking station
prd_ffa5d8fe20fc4938a6510117720dca21,HyperShop.com,HyperDrive Next Business USB-C Docking Station (10 Ports),159.99,159.99,USD,True,var_1aa00aed7a734969b2b8802fb1bce369,https://cdn.shopify.com/s/files/1/0872/6416/files/hyperdrive-next-business-usb-c-docking-station-10-ports-7263064.webp,docking station
prd_fb0e682d35a9469ba32acfb15ac27de8,Plugable Technologies,"Plugable Universal Dual Monitor Docking Station, TAA Compliant - UD-3900",99.95,99.95,USD,True,var_549dd8354bb74ea2a708eec4fa4f1944,https://cdn.shopify.com/s/files/1/0006/9045/4575/files/main-max_bffc1d48-8ae6-40fd-b391-a3d03bbaa0d0.jpg,docking station
prd_b798a70c50dd45449f1ac6bab80c78bd,GMKtec,8 in 1 USB Hub Docking station,39.99,39.99,USD,True,var_c28268135ada44b5a51979ba7d74a914,https://cdn.shopify.com/s/files/1/0715/1314/5498/files/5bf9f3d2306851e218f90531633b0af0.webp,docking station
prd_aaac70dffc404d648be9951a623316ff,Plugable Technologies,Plugable USB-C Triple Monitor Docking Station with 100W Laptop Charging (B-Stock),158.99,158.99,USD,True,var_93f559116e6d433f872cbdacef04de92,https://cdn.shopify.com/s/files/1/0006/9045/4575/files/main_62e7ab0c-dd61-4d1a-b2ef-0c8b7f47f388.jpg,docking station
prd_723272bb0793487993f15e18400b2db1,Baseus US,Baseus Spacemate RD1 11-in-1 Docking Station for Windows,199.99,199.99,USD,True,var_9e8480080d904a3383a3cb5165c358a5,https://cdn.shopify.com/s/files/1/0555/8432/5709/files/Baseus_Spacemate_RD1_11_in_1_Docking_Station_for_Windows_1_282b20e3-219a-4bad-bcf7-636de8273ff3.jpg,docking station
prd_27df64a97b284be6897ba3cd4b1ae311,Tech For Less,VisionTek VT4510 901484 USB 3.0 and USB-C Dual Display Docking Station,219.97,219.97,USD,True,var_2af0f5464bd04d1a80199ad85563cc39,https://cdn.shopify.com/s/files/1/0725/7020/8392/files/8d85c104-2b44-4a0a-92ab-d034cb0fbc35.jpg,docking station
prd_af4fb815716b4e6cb970084c26b6ef68,Plugable Technologies,"Plugable USB-C Dual Monitor Docking Station, Certified Works with Chromebook, 60W Charging",165.99,165.99,USD,True,var_afeeb9f0206544c38e2af2ccce48e2f9,https://cdn.shopify.com/s/files/1/0006/9045/4575/files/main-max_375733b9-fb4a-48d8-9c94-90944d7aeac5.jpg,docking station
prd_742ebbc8c5ec47bf88f998866c5682a8,Baseus US,Baseus GamerX 6 Ports USB-C Steam Deck Docking Station,44.99,44.99,USD,True,var_517d906f5890448b99158fd5120c8707,https://cdn.shopify.com/s/files/1/0555/8432/5709/files/Baseus_GamerX_Series_6-Port_Type-C_HUB_1.jpg,docking station
prd_819ff7eee8e54a63b86d555bb88a8280,Baseus US,Baseus Nomos NU1 Air Mac 12-in-1 Docking Station,199.99,199.99,USD,True,var_0a46f636dc5940268ecdd0ba7d7c4fb8,https://cdn.shopify.com/s/files/1/0555/8432/5709/files/Baseus_Nomos_NU1_Air_Mac_12_in_1_Docking_Station_111.jpg,docking station
prd_67b23cccb65146b992d74652dc0ab6a2,Baseus US,Baseus UnionJoy 17-in-1 Triple Display Docking Station,129.99,129.99,USD,True,var_b5c22ebe8ed44a048df98a8064fac511,https://cdn.shopify.com/s/files/1/0555/8432/5709/files/Baseus_UnionJoy_17_in_1_Triple_Display_Docking_Station.jpg,docking station
prd_47cbb4d716e64c33a8014fd126b53536,Tech For Less,Belkin INC003TTBK Triple Display Docking Station,75.97,75.97,USD,True,var_ec956da84a344647b101b4b6941005e6,https://cdn.shopify.com/s/files/1/0725/7020/8392/files/71f180fa-62e2-43c4-9a33-776a5521e137.jpg,docking station
prd_94c3dfbf1def4aa29efd4ebd6f171956,HyperShop.com,HyperDrive GEN2 10-in-1 USB-C Docking Station,199.99,199.99,USD,True,var_9cd141b034b44f5b81ab4b9642bfac7f,https://cdn.shopify.com/s/files/1/0872/6416/products/hyperdrive-gen2-10-in-1-usb-c-docking-station-3519340.jpg,docking station
prd_f96a4282f3314145bdb077338f27a1c7,Mavigadget,Smart Multifunctional Desktop Docking Station,84.95,84.95,USD,True,var_5ead7e6e43e8421995202db70f80d552,https://cdn.shopify.com/s/files/1/0629/4939/2444/files/H80effa3b82e64a1d95f01676550b11d5d.jpg,docking station
prd_010aa87e4afc427ab4be8880001bce7e,HyperShop.com,HyperDrive 14-Port USB-C Docking Station,249.99,249.99,USD,True,var_481fd19a59c2448e90ef2421177736e1,https://cdn.shopify.com/s/files/1/0872/6416/files/hyperdrive-14-port-usb-c-docking-station-2610330.webp,docking station
prd_a89ab3d658b148a49815de547ffc4919,Tech For Less,Lenovo 40AH0135US Thinkpad Pro Docking Station,91.7,91.7,USD,True,var_1a518bc3114a4801ab4135535f74c840,https://cdn.shopify.com/s/files/1/0725/7020/8392/files/c70de099-622e-44c9-bde9-2763f2f23321.jpg,docking station
prd_9ccaae957a7a46baa59aa93f6285d2e7,Baseus US,Baseus Nomos NU1 Air Win 12-in-1 Docking Station,99.99,99.99,USD,True,var_2c417e20e0db427c800b13eaffad84d9,https://cdn.shopify.com/s/files/1/0555/8432/5709/files/Baseus_Nomos_NU1_Air_Win_12_in_1_Docking_Station_1.jpg,docking station
prd_b7f5e8da06474703b923d8c953866e47,Tech For Less,Lenovo ThinkPad 40AY0090US Universal USB-C Docking Station,147.97,147.97,USD,True,var_381c6a0c208245889cf7de7b9761b450,https://cdn.shopify.com/s/files/1/0725/7020/8392/files/56eac479-ae8c-434a-b2c1-65fd7e43105e.jpg,docking station
prd_7c4e331c13c0471e947365e7e861b17c,Tech For Less,Havis DS-DELL-435-3 Docking Station,574.97,574.97,USD,True,var_e4460508492446f2849cacac66c5c264,https://cdn.shopify.com/s/files/1/0725/7020/8392/files/2d71a87e-7971-42a8-b1e5-68c1f2fb3582.jpg,docking station
prd_d7bb5bccf2334a5cb571483ff92056b3,Plugable Technologies,"Plugable Thunderbolt 5 Dock with 3x Thunderbolt 5 Ports, 140W Laptop Charging",299.95,299.95,USD,True,var_4188594bfb3c4eedb84dc69886237471,https://cdn.shopify.com/s/files/1/0006/9045/4575/files/main-max_2c91c0a4-1206-4b9b-8011-29fa02714616.jpg,docking station
prd_7b62260fabde410fadc4dc866ca35e92,HyperShop.com,HyperDrive Next Thunderbolt 5 Dock,399.99,399.99,USD,True,var_d791d3e5b4e94c30a8d0c6af92e35c7a,https://cdn.shopify.com/s/files/1/0872/6416/files/hyperdrive-next-thunderbolt-5-dock-4992324.webp,docking station
prd_6b6d8720a1b842abaf78e002508693bd,Twelve South,ButterFly 2-in-1 MagSafe Charger,79.99,79.99,USD,True,var_5f761739ca2f46df9dc6c962cc3df82f,https://cdn.shopify.com/s/files/1/0094/1621/2537/files/ButterFly_MagSafeCharger_Child_1.jpg,charger
prd_7436179d261c4cffb88bca44f6fb90d2,GEARit,GEARit 65W GaN Charger with Built-In Retractable USB-C Cable — 3-Port Fast Charger,33.95,33.95,USD,True,var_cb5379eaeb684cb0b7867b0bd01d8b11,https://cdn.shopify.com/s/files/1/0252/3326/0653/files/GI-GC65WR-C2A1-GR_copy.jpg,charger
prd_b42ef055a66243b7a166cb353a28b0a5,Twelve South,HiRise 3 Deluxe MagSafe,99.99,99.99,USD,True,var_1d2e9875dded49dd9f2bf6a0051c62dc,https://cdn.shopify.com/s/files/1/0094/1621/2537/files/HiRise3Deluxe_Child.jpg,charger
prd_d9dc1032dd7a4d72bbf40abdbeb95832,Twelve South,PowerBug,39.99,39.99,USD,True,var_f00b9b12473a4bb6aacdc6ff47991860,https://cdn.shopify.com/s/files/1/0094/1621/2537/files/TS_PowerBug_US_Dune_Hero.jpg,charger
prd_45f8cbd0c7384aa3820c0716e7556a49,Twelve South,ButterFly SE 15W,79.99,79.99,USD,True,var_1a4a3b94e8284505917be746f4759877,https://cdn.shopify.com/s/files/1/0094/1621/2537/files/12s_ButterFlySE_ClosedOpen_Black_Child_22f48469-4787-42da-a4e8-f26c3576e081_2.jpg,charger
prd_2ddab51228484a2da505a0bd1634fcec,Twelve South,Valet 7.5 in.,179.99,179.99,USD,True,var_3cf9873af9ad4040aead12d72726ce76,https://cdn.shopify.com/s/files/1/0094/1621/2537/files/TS_Valet_PDP_Hero_Black_Black.png,charger
prd_ab0dc636034241ba8708ab462fb989f6,Twelve South,PowerCord,29.99,29.99,USD,True,var_daa37c25595948fe8063d48e73697dde,https://cdn.shopify.com/s/files/1/0094/1621/2537/files/ProductThumbnail_PowerCord_White_10ft_2.jpg,charger
prd_8cd13be217ed418caa617d19da629871,Twelve South,PlugBug with Find My,49.99,49.99,USD,True,var_19825f9fcb064c0291b4e10bc07efa91,https://cdn.shopify.com/s/files/1/0094/1621/2537/files/12s_PlugBug_50_US_Hero_HiRes_2.jpg,charger
prd_358cb69be42d4d30871473531d1067f6,Suburban,1-World²⁺ 4-Port Mini Universal Travel GaN Charger with Built-In Retractable Cable 100W with Dual AC,63,63,USD,True,var_6a753fe1b205458fb130ff7860888d40,https://cdn.shopify.com/s/files/1/0379/3197/files/UA23_L_01_1500.png,charger
prd_169152cb987f495496db4cd13f0b77be,Baseus US,Baseus EnerFill FH11 GaN Fast Charger 3C+U 140W,59.99,59.99,USD,True,var_39c76900b2e2414f845ed07bee12ea00,https://cdn.shopify.com/s/files/1/0555/8432/5709/files/Baseus_EnerFill_FH11_GaN_Fast_Charger_3C_U_140W_1.jpg,charger
prd_aeadf7b158d649c4bbaf6e78bd2cd22d,Baseus US,Baseus PicoGo AH11 Fast Charger 3C+U 140W,79.99,79.99,USD,True,var_efb49bb1143949468e0b7b48f4180e02,https://cdn.shopify.com/s/files/1/0555/8432/5709/files/Baseus_PicoGo_AH11_Fast_Charger_3C_U_140W_1.jpg,charger
prd_d3ccf0ce02c74506a67f364d9b2b8e01,HyperShop.com,HyperJuice® 145W GaN Safety Tested Travel Charger,119.99,119.99,USD,True,var_4c1bc4285afd410387ae24e58f2538d3,https://cdn.shopify.com/s/files/1/0872/6416/files/hyperjuice-145w-usb-c-gan-travel-charger-with-4-ports-3723339.webp,charger
prd_4c6684c4b0204217add5d8e25ee1213f,HyperShop.com,HyperJuice® 100W GaN Safety Tested Travel Charger,71.99,71.99,USD,True,var_c2f748a6de6345b6befecb259146469b,https://cdn.shopify.com/s/files/1/0872/6416/files/hyperjuice-100w-usb-c-gan-travel-charger-with-4-ports-9642986.webp,charger
prd_72db97e9f6894789bdcb630648901571,Baseus US,Baseus EnerFill FE11 3-Port USB-C Fast Charger 100W,49.99,49.99,USD,True,var_78e73f64478142e6b144aedc17721046,https://cdn.shopify.com/s/files/1/0555/8432/5709/files/Baseus_EnerFill_FE11_3-Port_USB-C_Fast_Charger_100W_1.jpg,charger
prd_b3b46b95ac464eb98339e34b98eb989d,Mavigadget,Invisible Under the Desk Wireless Charger,99.95,99.95,USD,True,var_38d6245aaee44069bba01f63bc0a25ec,https://cdn.shopify.com/s/files/1/0629/4939/2444/files/S3adf8250abf8496bafa18ecee18c81f9p.jpg,charger
prd_8e3a4c7d12f9441da3cdf8bdd5d27148,HyperShop.com,HyperJuice 70W GaN Safety Tested Travel Charger with 3 Ports,47.99,47.99,USD,True,var_3ba7c78020974803814ff73808cd410d,https://cdn.shopify.com/s/files/1/0872/6416/files/hyperjuice-70w-usb-c-gan-travel-charger-with-3-ports-6298654.webp,charger
prd_af8bc62f110a4e168e2287e30fef5d08,GEARit,65W USB-C Super Fast GaN Charger,26.99,26.99,USD,True,var_6d1bdf045b95448da5bd78301c993e6f,https://cdn.shopify.com/s/files/1/0252/3326/0653/files/GI-GC65W-C2A1-BK.1.jpg,charger
prd_12b0fb0397f24e0aad0dc32af37269a4,Baseus US,Baseus GaN5 Pro 2 Pack Fast Charger 2C+U 65W,49.99,49.99,USD,True,var_c0315aa187f14c75a5f7e6132c79bf03,https://cdn.shopify.com/s/files/1/0555/8432/5709/files/Baseus_GaN5_Pro_2_Pack_Fast_Charger_2C_U_65W_1.jpg,charger
prd_52d26df7e92444ff8090fb9f8bd90d1d,GEARit,100W USB-C Super Fast GaN Charger,39.88,39.88,USD,True,var_6edcfb5e98284a5ab547977224bd766f,https://cdn.shopify.com/s/files/1/0252/3326/0653/files/GI-GC100W-C3A1-BK.jpg,charger
prd_d20c3310293b4f70b8646961e1efde97,GEARit,"GEARit 3-in-1 65W GaN Charger, 10000mAh Power Bank with Built-in USB-C Cable",59.99,59.99,USD,True,var_be4990ea806e4cfcbb374743751f7c53,https://cdn.shopify.com/s/files/1/0252/3326/0653/files/GI-10K65W-C2A1-BK.1.jpg,charger
prd_b462bd6ea51f4f23a013678b4a49e0b4,GEARit,GEARit Lifestyle Series - 35W USB C GaN Charger 2 Port w/ Smart Display,19.99,19.99,USD,True,var_d34c8efb77864464b70713737deae6ab,https://cdn.shopify.com/s/files/1/0252/3326/0653/files/GI-GC35WD-C1A1-GR_e421f23d-c7c5-4bb4-94e6-43f5dfe85a92.jpg,charger
prd_1aa823a979d448849113a34135d50a28,GEARit,165W USB-C Super Fast GaN Charger,75.99,75.99,USD,True,var_c3d0af0983224eeb950b2780456e406a,https://cdn.shopify.com/s/files/1/0252/3326/0653/files/GI-GC165W-C3A1-BK.jpg,charger
prd_2379dd0a373c46f98c7958895e0051d6,Baseus US,Baseus EnerFill FE22 GaN6 Fast Charger 2C+U 70W,39.99,39.99,USD,True,var_accaa22918504153bca67d156566a568,https://cdn.shopify.com/s/files/1/0555/8432/5709/files/Baseus_EnerFill_FE22_GaN_Fast_Charger_2C_U_70W_US_1.jpg,charger
prd_a08b1d6f252e492ab311759367b079b6,Mavigadget,Luxury Ultra Thin Wireless Charger,23.99,23.99,USD,True,var_12efc556bb8a4d1da31921d1f8f7e3e5,https://cdn.shopify.com/s/files/1/0629/4939/2444/files/S6929af065970461c888331cafe0575c9o_jpg_960x960q75_jpg.jpg,charger
prd_8ac6b99ce1974d56a50b02d6c2520f87,Baseus US,Baseus EnerFill FN22 Fast Charger 1C 45W 2-Pack,31.99,31.99,USD,True,var_733bd11f2e6a42d5bfd0de3eda80c411,https://cdn.shopify.com/s/files/1/0555/8432/5709/files/Baseus_EnerFill_FN22_Fast_Charger_1C_45W_2_Pack_Cosmic_Black_01.jpg,charger
prd_bf5944ffc2284e10aef33ed503af6c20,Mavigadget,2in1 Creative Power Bank Charger,112.95,112.95,USD,True,var_21ba884694034e328003a625e8da537e,https://cdn.shopify.com/s/files/1/0629/4939/2444/files/product-image-1549420659.jpg,charger
prd_abe1fde724124f1ea7cfd3a473a73d1b,Mavigadget,Magic Wave Fast Wireless Charger,66.95,66.95,USD,True,var_30e3186932234c558a6aa3fc42c1996c,https://cdn.shopify.com/s/files/1/0629/4939/2444/files/product-image-1581991987-sw.jpg,charger
prd_07eb483200ad4e959bc9fad946baf98c,Twelve South,ButterFly SE 25W,79.99,79.99,USD,True,var_86e132a69cf645198a9976ebdb973ad0,https://cdn.shopify.com/s/files/1/0094/1621/2537/files/TS_ButterFlySE_Frost_closed_glacial_white.png,charger
prd_48962446844e4e74aa634a333173b068,Baseus US,Baseus PicoGo AM52 Qi2.2 Magnetic Power Bank 10000mAh 45W,59.99,59.99,USD,True,var_aaede59270334f8b9355579113d3a49f,https://cdn.shopify.com/s/files/1/0555/8432/5709/files/Baseus_PicoGo_AM52_Qi2.2_Magnetic_Power_Bank_10000mAh_45W1.png,power bank
prd_7e3dc5b2b5284ae899be7baf9cac15de,Baseus US,Baseus PicoGo AM41 Ultra-Slim Magnetic Power Bank 5000mAh 20W,32.99,32.99,USD,True,var_d72fb609b7ca4063910767fe0fa3bc30,https://cdn.shopify.com/s/files/1/0555/8432/5709/files/Baseus_PicoGo_Ultra-Slim_Magnetic_Power_Bank_5000mAh_Grey6.jpg,power bank
prd_9072fbb37799470b9f3738be8f1cb7a7,Baseus US,Baseus PicoGo AM61 Qi2.2 Magnetic Power Bank 10000mAh 45W,69.99,69.99,USD,True,var_b1f1da1db5da4f0cb945ba5767a86392,https://cdn.shopify.com/s/files/1/0555/8432/5709/files/Baseus_PicoGo_AM61_Qi2.2_Magnetic_Power_Bank_10000mAh_45W_2.jpg,power bank
prd_77fb2597c6d847f5a6b2d74c5b635264,Baseus US,Baseus PicoGo AM52 Qi2.2 Magnetic Power Bank with Cable 10000mAh 45W Dark Cherry Edition,69.99,69.99,USD,True,var_31f59dbd78ce484794608d1cb477c18d,https://cdn.shopify.com/s/files/1/0555/8432/5709/files/Baseus_PicoGo_AM52_Qi2.2_Magnetic_Power_Bank_with_Built-in_Cable_10000mAh_45W_1.jpg,power bank
prd_8a262ec670904b4babe83c84ad6abfb9,Baseus US,Baseus PicoGo AC22 Ultra Mini Power Bank with Built-in Cable 20000mAh 45W,49.99,49.99,USD,True,var_df129f570b6640db81fc212c89362947,https://cdn.shopify.com/s/files/1/0555/8432/5709/files/Baseus_PicoGo_AC22_Ultra_Mini_Power_Bank_with_Built_in_Cable_20000mAh_45W_1.jpg,power bank
prd_3a46e79e3dde414fa29eae3981dfddd0,Baseus US,Baseus EnerFill FC11 Power Bank with Dual Built-in USB-C Cables 10000mAh 45W,35.99,35.99,USD,True,var_37cf419fd59d4ce3a9671b55a4b8b590,https://cdn.shopify.com/s/files/1/0555/8432/5709/files/Baseus_EnerFill_FC11_Power_Bank_with_Dual_USB_C_Cables_10000mAh_45W_Black_1_b651826c-a418-4806-b82d-a7b3a327c7f7.jpg,power bank
prd_82ee67fd3b314ac39b44577f9b131f99,Baseus US,Baseus PicoGo AM41 Ultra-Slim Qi2 Magnetic Power Bank 10000mAh 27W,52.99,52.99,USD,True,var_83a97cca5342488bb1f65813ae98386c,https://cdn.shopify.com/s/files/1/0555/8432/5709/files/Baseus_PicoGo_Ultra-Slim_Qi2_Magnetic_Power_Bank_10000mAh__black_3.jpg,power bank
prd_79b63b636f43438abb12640975153a78,Baseus US,Baseus PicoGo AC22 Ultra Mini Power Bank with Built-in Cable 10000mAh 45W,39.99,39.99,USD,True,var_c521b16084194870b3da1e196fbdfc58,https://cdn.shopify.com/s/files/1/0555/8432/5709/files/Baseus_PicoGo_AC22_Ultra_Mini_Power_Bank_with_Built_in_Cable_10000mAh_45W_1.jpg,power bank
prd_cccf081924754981a5e98816337ea3b3,GEARit,GEARit 5-in-1 10000mAh Power Bank Wireless MagSafe Charging with Built-in Cables,39.99,39.99,USD,True,var_8245ec61708546e6811c8c8f5374aadb,https://cdn.shopify.com/s/files/1/0252/3326/0653/files/GI-PB10K-C1A1L1-BK_V2.jpg,power bank
prd_19b4a11e379d46119c28980c4a4b338f,Baseus US,Baseus Picogo Air AM71 3C Magnetic Power Bank 5000mAh 22.5W,69.99,69.99,USD,True,var_a4f4bbdf7f7c468d9b6dd4d667be7962,https://cdn.shopify.com/s/files/1/0555/8432/5709/files/Baseus_Picogo_Air_AM71_3C_Magnetic_Power_Bank_5000mAh_22.5W_black__1.png,power bank
prd_09dbca0d909a44e29f52652ed3482c07,Baseus US,Baseus PicoGo AM41 Magnetic Power Bank with Built-in Cable 10000mAh 27W,49.99,49.99,USD,True,var_e2e7fba438244b4c92be1c1e278c257c,https://cdn.shopify.com/s/files/1/0555/8432/5709/files/Baseus_PicoGo_AM41_Magnetic_Power_Bank_with_Built_in_USB_C_Cable_10000mAh_27W_5.jpg,power bank
prd_84ac8acbe23f48c0904ad328bb24f593,Mavigadget,Bidirectional Digital Display Ultra-Long Battery Powerbank,44.95,44.95,USD,True,var_b9a1c64fa2a1481db2e25c036c5d8f4f,https://cdn.shopify.com/s/files/1/0629/4939/2444/files/Sad2419e7b5624680867c83a829a9dfc7f.webp,power bank
prd_70c6c8a995ae4c7b93537ad22a37cf09,Baseus US,Baseus EnerFill FC11 Power Bank with Cables 20000mAh 45W,39.99,39.99,USD,True,var_ae674fa88d1a4c289eba57d841370580,https://cdn.shopify.com/s/files/1/0555/8432/5709/files/Baseus_EnerFill_FC11_Power_Bank_with_Dual_Built_in__Cables_20000mAh_45W_Black_1.jpg,power bank
prd_f37027126c0f4ded97cf36ca73636c34,Baseus US,Baseus Picogo Air AM71 3C Magnetic Power Bank 5000mAh 22.5W Dark Cherry Edition,69.99,69.99,USD,True,var_d496f285458b4c08a8ed21a8c5ac57b5,https://cdn.shopify.com/s/files/1/0555/8432/5709/files/Baseus_Picogo_Air_AM71_3C_Magnetic_Power_Bank_5000mAh_22.5W_Black_1.jpg,power bank
prd_8f0e1d4eea614b70ba0070f6b6f63ba0,Baseus US,Baseus EnerFill FC41 Power Bank with Cables 25000mAh 145W,79.99,79.99,USD,True,var_3d921ddd920347269583a97010b09ccc,https://cdn.shopify.com/s/files/1/0555/8432/5709/files/Baseus_EnerFill_FC41_Power_Bank_with_Cables_25000mAh_145W_1.jpg,power bank
prd_9f8470ababb647f2aed2887ea401d95c,Baseus US,Baseus PicoGo AM52 Qi2.2 Magnetic Power Bank with Cable 10000mAh 45W,55.99,55.99,USD,True,var_53bd041ada6d41cd8c4284fab4c82c47,https://cdn.shopify.com/s/files/1/0555/8432/5709/files/Baseus_PicoGo_AM52_Qi2.2_Magnetic_Power_Bank_with_Built-in_Cable_10000mAh_45W_1.png,power bank
prd_7b19ef7b4bc840b489391ec1e084fd1b,Twelve South,PowerClip,39.99,39.99,USD,True,var_cb977cd6e73249b59073d73eb954fda1,https://cdn.shopify.com/s/files/1/0094/1621/2537/files/TS_PowerClip_Carousel_Dune_1.png,power bank
prd_f273d1fec9924337b1e6ca1d75f8b47e,Twelve South,PowerCapsule 10K mAh,59.99,59.99,USD,True,var_c6bbc1060f0d40a98d0a6686a86251d7,https://cdn.shopify.com/s/files/1/0094/1621/2537/files/TS_PowerCapsule_10k_Dune_1_Hero.png,power bank
prd_591a993b5ba9494d95249cfc049890ab,Baseus US,Baseus EnerFill FC41 Digital Display Power Bank 20000mAh 100W,59.99,59.99,USD,True,var_6d58e633bcc0476ab36b4562e27ce6b6,https://cdn.shopify.com/s/files/1/0555/8432/5709/files/Baseus_EnerFill_FC41_Digital_Display_Power_Bank_20000mAh_100W_1.jpg,power bank
prd_61258aa4f57f498abec89417bfce6e11,Baseus US,Baseus EnerFill FM12 Qi2 Magnetic Power Bank 10000mAh 22.5W,49.99,49.99,USD,True,var_b9165efd176b4a88959a5600fa77bf5d,https://cdn.shopify.com/s/files/1/0555/8432/5709/files/Baseus_EnerFill_FM12_Qi2_Magnetic_Power_Bank_22.5W_10000mAh_1.jpg,power bank
prd_d70d39d685a148199210b6755af3a046,Mavigadget,High Capacity Quick Charge Laptop Powerbank,122.95,122.95,USD,True,var_6c86f6daeceb4ae29166add7b259d515,https://cdn.shopify.com/s/files/1/0629/4939/2444/files/ab8b9452-87e8-4bc9-b635-f529ff02.jpg,power bank
prd_aa69c0c7f87d41b2886245f2baf938b7,Tech For Less,Targus APB081GLZ 140 Watts Portable USB-C Laptop Power Bank,97.49,97.49,USD,True,var_7d6fc1d3376c465ea9e72f72ae7d10bd,https://cdn.shopify.com/s/files/1/0725/7020/8392/files/dc8cba0c-bba3-4ef6-8a3d-9d4f41afa45a.jpg,power bank
prd_6a0a32818cd649ff99f0608de3746629,Baseus US,Baseus PicoGo AM31 Mini Magnetic Power Bank with Stand 5000mAh 20W,49.99,49.99,USD,True,var_6d96acfd685a48ff9475be1294d8dc48,https://cdn.shopify.com/s/files/1/0555/8432/5709/files/Baseus_PicoGo_AM31Mini_Magnetic_Power_Bank_with_Stand_20W_5000mAh_1.jpg,power bank
prd_af0c16d06957438aaf6b0fcd16d15538,HyperShop.com,HyperJuice 245W USB-C Power Bank,159.99,159.99,USD,True,var_899da4b29e4540e1ae2f2f7b3367e078,https://cdn.shopify.com/s/files/1/0872/6416/files/hyperjuice-245w-usb-c-power-bank-8800708.webp,power bank
prd_27671cea2a3d4bc6af072f4707e0c8bd,Baseus US,Baseus EnerFill FM21 Qi2.2 Magnetic Power Bank 10000mAh 45W,69.99,69.99,USD,True,var_f61879ba28de471a9b941be2964ecd73,https://cdn.shopify.com/s/files/1/0555/8432/5709/files/Baseus_EnerFill_FM21_Qi2.2_Magnetic_Power_Bank_10000mAh_45W_1.jpg,power bank
prd_41dc8c7890c548509b4ed0f59d4d764b,GEARit,GEARit 2-in-1 10000mAh Power Bank - MagSafe Battery Pack with Kickstand,49.99,49.99,USD,True,var_bde275a9f88f4b4caa9a77744ab6f421,https://cdn.shopify.com/s/files/1/0252/3326/0653/files/GI-PB10K-C2-BK.jpg,power bank
prd_4d3d05c4d0cd4783a22d314e5d9e0621,Baseus US,Baseus Blade H1 Digital Display Power Bank 20000mAh 100W,89.99,89.99,USD,True,var_1952c418623f43e4ad40c880f081abc6,https://cdn.shopify.com/s/files/1/0555/8432/5709/files/Baseus__Blade_H1_Digital_Display_Power_Bank_20000mAh_100W_5.jpg,power bank
prd_cb38bef95b8d4c6c9ff5ad8e5ca80fe3,Baseus US,Baseus PicoGo AM31 Mini Magnetic Power Bank 5000mAh 20W,49.99,49.99,USD,True,var_769b1751bf3c4fa48f0e86a6de116556,https://cdn.shopify.com/s/files/1/0555/8432/5709/files/Baseus_PicoGo_AM31_Mini_Magnetic_Power_Bank_5000mAh_20W_Galaxy_Natural_Titanium_9.jpg,power bank
prd_e88c6d6819a343739320d33554a7968f,Baseus US,Baseus USB-C to USB-C Cable 100W,7.99,7.99,USD,True,var_b7dfd19c953d4a03b11859167dd9dea1,https://cdn.shopify.com/s/files/1/0555/8432/5709/products/Baseus_USB-C_to_USB-C_Cable_100W_3.3ft_1_front.jpg,cable
prd_14cbee9b0a964e5a8a9c2672ba66539b,Hak5,O.MG Cable,150,150,USD,True,var_e3e636384d8d4d6fabf649697d913a5c,https://cdn.shopify.com/s/files/1/0068/2142/products/LtoA-Basic.jpg,cable
prd_870b4166ca2b44da8ce65596c095ba1a,bashfashion,ANKER A8552 Powerline III 0.9m Skin Friendly Dual Type-C Data Cable PD100W Fast Charging Cable(Black),21,21,USD,True,var_f1c0d619cfcc4dc29efaf41b79f73c20,https://cdn.shopify.com/s/files/1/0772/1192/6824/files/TBD0604771601A.jpg,cable
prd_79cb11c818414b94998480421c2a0234,Baseus US,Baseus FrostCore Fast Charging Data Cable USB-C to USB-C 100W,18.99,18.99,USD,True,var_e65260c4faf04071b5b2d5c6ee2d9da5,https://cdn.shopify.com/s/files/1/0555/8432/5709/files/Baseus_FrostCore_Fast_Charging_Data_Cable_USB_C_to_USB_C_100W_Dark_Cherry_01.jpg,cable
prd_f5125b99daf448fab2c15467ff0a1c3c,Keychron,Keychron Coiled Aviator Cable 8K,19.99,19.99,USD,True,var_59af7e239ac943f9b169b4704c84101c,https://cdn.shopify.com/s/files/1/0059/0630/1017/files/Keychron-custom-coiled-aviator-USB-Type-C-cable-8K-version-with-straight-connector-for-keyboards-black-color.jpg,cable
prd_e78f3ae70f98437590f3f1fa76860eb2,Baseus US,Baseus Display 2 Fast Charging Data Cable USB-C to USB-C 100W,15.99,15.99,USD,True,var_15c6e2fe085c4006a22223602e5debab,https://cdn.shopify.com/s/files/1/0555/8432/5709/files/Baseus_Display_2_Fast_Charging_Data_Cable_USB_C_to_USB_C_100W_2m_2.jpg,cable
prd_b18cb638a5db4010b5cd422aa38b44b4,EPOMAKER,EPOMAKER MIX Pro Cable,24.99,24.99,USD,True,var_7897202985b14832bdb50ec0bb27b602,https://cdn.shopify.com/s/files/1/0280/3931/5529/files/IMG_9133.jpg,cable
prd_6597f64b158a47c19d080e055e061c5c,Baseus US,Baseus Free2Pull Retractable Charing Cable 100W,16.99,16.99,USD,True,var_0793e9e0f03e4464a491b854f8ad90b8,https://cdn.shopify.com/s/files/1/0555/8432/5709/files/Baseus_Free2Draw_Mini_Retractable_USB-C_Cable_100W_White_1_7d2343bd-3c64-4bf1-aaa9-98dc176956d3.jpg,cable
prd_c32838f172054fe99dcf63765d46d7e1,Linsoul Audio,Kiwi Ears x B_Media: Terras,45.99,45.99,USD,True,var_3a9d205a02144a1b987674469a39da3c,https://cdn.shopify.com/s/files/1/0040/7201/3924/files/KiwiEarsxB_MediaTerras_2.jpg,cable
prd_d25246a7796743108c4c60d3229a63d6,Baseus US,Baseus Free2Pull Retractable USB-C Cable 100W,16.99,16.99,USD,True,var_195151b5aaa849f8932251a80a6dccd0,https://cdn.shopify.com/s/files/1/0555/8432/5709/files/Baseus_Free2Draw_Mini_Retractable_USB-C_Cable_100W_Black_1.jpg,cable
prd_23cb4297c92c4710ba74d9a83e735e51,Plugable Technologies,"Plugable USB-C Cable, Data Blocker Charge Only, 240W (3.3 ft / 1m)",14.95,14.95,USD,True,var_7e79030836e4495eb2d7105ca7bd0104,https://cdn.shopify.com/s/files/1/0006/9045/4575/files/main-max_36b97fb4-49e9-49ba-87b1-085663c9d3bf.jpg,cable
prd_1d30f0b59b824cf48ce153d9f031fbf9,HyperShop.com,HyperDrive Next USB4 Type-C Performance Cable (1.2m/4ft),29.99,29.99,USD,True,var_c82ffab65e3749d0bed8106234e0635b,https://cdn.shopify.com/s/files/1/0872/6416/files/hyperdrive-next-usb4-type-c-performance-cable-12m4ft-6431143.webp,cable
prd_7bf31015253748bdbe5b30d4d3713d69,Plugable Technologies,Plugable Thunderbolt 4 Cable (6.6ft/2m),69.95,69.95,USD,True,var_aa9dfa950049499d82182f9cc62fec44,https://cdn.shopify.com/s/files/1/0006/9045/4575/files/main-max_e1bf5bdd-a714-47a1-b276-a84f4d8f3979.jpg,cable
prd_3ade0fc8f122424990744454e96c806b,bashfashion,"ANKER 240W Dual Type-C Port Eco-Fast Charging Data Cable, Color: White 1.8m",23,23,USD,True,var_61961a31698f475b84b0d9d27ef4bde0,https://cdn.shopify.com/s/files/1/0772/1192/6824/files/TBD0605931003.jpg,cable
prd_4c2f856fab4a412a9151d5d278563e73,Glorious,Coiled Keyboard Cable,49.99,49.99,USD,True,var_075e9808d3ab411b8c5d1eb7758a6e41,https://cdn.shopify.com/s/files/1/0549/2681/files/GLO-CBL-COIL-RED_Web_Gallery1_6db37f6c-e73e-4a6c-a959-463a6d0d821d.webp,cable
prd_346fdb0d2ab24c99aacbc4c0165c25a4,Plugable Technologies,"Plugable USB C to USB C Cable for Video, Data and Charging (3.3ft / 1m)",22.95,22.95,USD,True,var_7abbaa4c82d441d8882afe155d820484,https://cdn.shopify.com/s/files/1/0006/9045/4575/files/main-max_334b2024-5900-446f-a247-7af4ebae81d0.jpg,cable
prd_b9b35f36a098442f8a56ae56ff36fc6f,Plugable Technologies,"Plugable 10Gbps USB C to USB C Cable, 3.3 feet (1 Meter), 5A, USB-IF Certified, USB 3.1 Gen 2 Type-C - Driverless",16.95,16.95,USD,True,var_ca375026523e41e1a6c76bb9c88f433d,https://cdn.shopify.com/s/files/1/0006/9045/4575/files/main-max_8933fd8a-c8eb-47a2-a23d-f59a2c647d1e.jpg,cable
prd_6304713af0bb4e75af7e4f99ce8d465f,Keychron,Keychron Coiled Aviator Cable,14.99,14.99,USD,True,var_3d3c41a991e840a9a36de9e0e1d72182,https://cdn.shopify.com/s/files/1/0059/0630/1017/products/Keychron-custom-coiled-aviator-USB-type-C-cable-grey-color.jpg,cable
prd_ddf52775082f41c7a2db7bae09647677,bashfashion,ANKER A8553 Powerline III 1.8m Skin Friendly Dual Type-C Data Cable PD100W Fast Charging Cable(Black),23,23,USD,True,var_2530809538934fc1ba688146aaed2dfd,https://cdn.shopify.com/s/files/1/0772/1192/6824/files/TBD0604772001A.jpg,cable
prd_c0dc00436bc642a9974f33ddcca23440,Plugable Technologies,Plugable USB 3.0 10M (32ft) Extension Cable with Power Adapter and Back-Voltage Protection,34.95,34.95,USD,True,var_acb83f39a7ab4b43a88ef7abfde24b6b,https://cdn.shopify.com/s/files/1/0006/9045/4575/files/main-max_c76ac229-9f27-4c13-b107-1c903f8238f0.jpg,cable
prd_407288637a9a4fa2bffd23eb76d54b45,Mavigadget,Bend & Charge Fast Charging Type-C Cable,12.95,12.95,USD,True,var_7100d2793c3145dba7de8f9b438ef2fa,https://cdn.shopify.com/s/files/1/0629/4939/2444/files/Sa2abe1bed519425aab65faa2766e9a47A.webp,cable
prd_cdbaf55b093742b0aa81c10853a7d208,Hak5,O.MG Cable - 2 Meter (custom length),200,200,USD,True,var_0940eaf23e8247568e0834c442ca710e,,cable
prd_4771f30353ca47f8ac0836dd3ba23a58,HiFiGo,TOPPING TC-OTG-Y20 Type-c OTG Data & Power Splitter Cable,5,5,USD,True,var_121dbb2a6fb841a38869bac58f95e9e4,https://cdn.shopify.com/s/files/1/0031/0453/8673/files/topping-tc-otg-y20-type-c-otg-data-power-splitter-cable-topping-tc-otg-y20-148974.jpg,cable
prd_28c33fed445140e4ab322cd1c12c3196,Plugable Technologies,Plugable USB C to USB A Cable for Data and Charging (6.6ft / 2m),16.95,16.95,USD,True,var_574da68fd25a4111bdc82591b5eca868,https://cdn.shopify.com/s/files/1/0006/9045/4575/files/main-max_f2ebf8d8-9848-497a-8f07-1c86ce53e619.jpg,cable
prd_8e05a003cf5a4bb28a97f51554fdc874,GEARit,"GEARit Lifestyle Series - 65W USB-C to USB-C Cable Fast Charging, 4 Feet",9.99,9.99,USD,True,var_efd8f8ed018448c4b240d28a6ec8c9b3,https://cdn.shopify.com/s/files/1/0252/3326/0653/files/GI-UC2UC-65W-WK192-BK_C16.jpg,cable
prd_c04a4c337f3a45f0964a27c77b9b1f00,GEARit,"GEARit Lifestyle Series - 100W USB-C to USB-C Cable Fast Charging with Smart Display, 4 Feet",15.99,15.99,USD,True,var_dcc6539a9d4442a186fd082f38219493,https://cdn.shopify.com/s/files/1/0252/3326/0653/files/GI-UC2UC-100W-WK41-GY_76596054-4ef6-40cd-afb1-6714d678647c.jpg,cable
prd_8c440cc2e298429cafb220382dff9071,EPOMAKER,Epomaker MIX Cable V2,19.99,19.99,USD,True,var_e3d048ab434444a3b6d06872d1afa7c1,https://cdn.shopify.com/s/files/1/0280/3931/5529/files/IMG_9993.jpg,cable
prd_4f587ac3f5a540aa984a600cd2781912,GEARit,"GEARit Lifestyle Series - 4-in-1 Silicone 100W USB-C Cable Fast Charging, 4 Feet",29.99,29.99,USD,True,var_806005dead3e4c2e90bf8de2335a6db3,https://cdn.shopify.com/s/files/1/0252/3326/0653/files/GI-4IN1-100W-WK20-GR_f11014f1-1498-4420-95b7-50a59650ccd6.jpg,cable
prd_65b98bc9ccbb40fdb798e53bec8ae791,Plugable Technologies,Plugable Thunderbolt 4 Cable with Right Angle Connection (2.6ft / 80cm),34.95,34.95,USD,True,var_d491f056cbf545168b3a0dc907d070f9,https://cdn.shopify.com/s/files/1/0006/9045/4575/files/main-max_0f642984-45b5-4814-b30c-15e7635b6afa.jpg,cable
prd_05a28edacb2848a2b9ab1ff24c62a0f9,HyperShop.com,HyperDrive USB-C to HDMI 4K60Hz Cable (8ft/2.5m),29.99,29.99,USD,True,var_b67981a31fc34ada9fbac7a3ee21fa63,https://cdn.shopify.com/s/files/1/0872/6416/files/hyperdrive-usb-c-to-hdmi-4k60hz-cable-8ft25m-4263556.webp,cable
prd_518ad5ebb8f140e8bd12111eabf37dd8,UPERFECT,UCable - USB 3.1 Type C Cable 2M Fast Charging Android Charger Cord,13.99,13.99,USD,True,var_d28474c4a1f04715b23f6ff28f4f15d0,https://cdn.shopify.com/s/files/1/0039/6387/9494/files/uperfect-usb-3.1-type-c-pds-020.png,cable
prd_34dbf068669a4d898bb0e88baa9fbe25,Twelve South,CableStay,29.99,29.99,USD,True,var_132896e623b74b0aab54d99cffae620f,https://cdn.shopify.com/s/files/1/0094/1621/2537/files/CableStay_Dune_PDPCarousel_1.png,cable
prd_8dd1dc45615843a9abf2c19524c0d8a2,EPOMAKER,EPOMAKER RT100 Cable,9.99,9.99,USD,True,var_391f6df685944784bf3afe5c6cb45437,https://cdn.shopify.com/s/files/1/0280/3931/5529/files/16478084d6ca71f0177110bea2e145b2.jpg,cable
prd_9403a169c6e94e12b41bad7336639a44,Linsoul Audio,DDHiFi TC07S,35.99,35.99,USD,True,var_0c54fe2a85c14f8ebaae6636b219880d,https://cdn.shopify.com/s/files/1/0040/7201/3924/products/TC07S-3.jpg,cable
prd_896ec0020ae0419ba43a09a85798acb0,Plugable Technologies,"Plugable USB-C Cable, Data Blocker Charge Only, 240W (6.5 ft / 2m)",15.95,15.95,USD,True,var_9389f7f1bd984ecda09421485f827039,https://cdn.shopify.com/s/files/1/0006/9045/4575/files/main-max_14189279-5952-470c-9684-2b1ce7589a9e.jpg,cable
prd_2759fb2c0bc147979d54b8acb69e46ad,Pixio,PS2D Dual Monitor Arm Mount,149.99,149.99,USD,True,var_be2b88e3c4954a64b2582c32aa0af0de,https://cdn.shopify.com/s/files/1/1208/4426/files/PS2DW_004_3df5f15a-9b2a-4e42-a8fd-bad7dd19506d.png,monitor arm
prd_605c7cff3a0c4a0eb084dd483344a0c6,Pixio,PS2S Heavy-Duty Single Monitor Arm Mount,109.99,109.99,USD,True,var_5140e6f1284748ca89ee7c643af2159f,https://cdn.shopify.com/s/files/1/1208/4426/products/PS2SImage17.png,monitor arm
prd_bae17fa156de4cfba53d445476441019,Tech For Less,Ergotron 45-489-216 Monitor Desk Mounting Arm,362.97,362.97,USD,True,var_873f047ecde94d8b95cd595588d456ae,https://cdn.shopify.com/s/files/1/0725/7020/8392/files/1e5eb190-4121-4099-a2fb-8b7389a25fd0.jpg,monitor arm
prd_2bef36aa8ce04cb2bad0cd651d986dfb,Tech For Less,Dell MDA17 (Dell KCKGM) Dual Monitor Arm Stand With Clamp Desk Mount,45.29,45.29,USD,True,var_ddc07a754d384a6fa2f86637a69184f5,https://cdn.shopify.com/s/files/1/0725/7020/8392/files/a974f0de-4213-4ef7-826d-a623090aae09.jpg,monitor arm
prd_8dc6c7aebe224767bccc868daee50900,Tech For Less,Ergotron 45-496-026 MXV Desk Mount Dual-Monitor Arm,409.49,409.49,USD,True,var_3946016de9b94063acebab137d8d91a4,https://cdn.shopify.com/s/files/1/0725/7020/8392/files/d28060b5-21d8-4bd4-87ef-a03d37d6ce2d_725a65a3-dcc9-4594-8f56-ebf2ccc1070e.jpg,monitor arm
prd_cf3ff68df83040fab894bb6933080c4b,Tech For Less,Ergotron 45-627-216 Lx Dual Direct Monitor Arm VESA Desk Mount,335.49,335.49,USD,True,var_d7a6c4e0e1c1406b981ea59c9501ddf6,https://cdn.shopify.com/s/files/1/0725/7020/8392/files/a376519e-550d-4057-97f7-68ed0b02fb35.jpg,monitor arm
prd_46e87ec960f44f38af4234c8360de9fc,Tech For Less,StarTech ARMPIVOT2USB3 Desk Mount Monitor Arm,53.97,53.97,USD,True,var_f382b0c10c824a22ac984cbb4828c89e,https://cdn.shopify.com/s/files/1/0725/7020/8392/files/aaf92359-7a8b-453e-9455-1b02e6f89631.jpg,monitor arm
prd_13fefc7a9ddf4ee0a8b304f6677561a5,Tech For Less,Ergotron 45-478-216 Monitor Arm,369.49,369.49,USD,True,var_145565badff04cca9aec9255803c72b6,https://cdn.shopify.com/s/files/1/0725/7020/8392/files/06330741-d765-4925-875a-4e650aba0ae1.jpg,monitor arm
prd_55f49352c6414b67a8a39fa1b84f9357,Pixio,PS3S Wave Premium Slim single Monitor Arm,109.99,109.99,USD,True,var_17a26e5123fe4a6096786c153e6ee970,https://cdn.shopify.com/s/files/1/1208/4426/files/PSW3SBK_01.jpg,monitor arm
prd_63c43dfeaedd42d7925475e42a945af5,Tech For Less,Ergotron 45-479-216 HX Wall Mount Dual Monitor Arm,188,188,USD,True,var_8bd5473e7dd549c991878bd45d1451f9,https://cdn.shopify.com/s/files/1/0725/7020/8392/files/bafabd9f-280f-4ce8-aebc-b482fb49e326.jpg,monitor arm
prd_a1c6ed5c5fc1469b944db7d00463ac30,Tech For Less,StarTech ARMPIVWALL Full Motion Articulating Wall-mount Monitor Arm,126.97,126.97,USD,True,var_d7998db29f9e4db988ee25abc8fb6701,https://cdn.shopify.com/s/files/1/0725/7020/8392/files/447d62d7-3480-4184-8076-8821122c0f55.jpg,monitor arm
prd_1259c2fa76b04977806fc33faeff9412,Pixio,PS2S White Heavy-Duty Single Monitor Arm Mount - Certified Refurbished,53.99,53.99,USD,True,var_20afbf1aa2d843c9a5ea23fae1f38790,https://cdn.shopify.com/s/files/1/1208/4426/files/PS2SW_001_a0e7a611-6c07-4eda-b6cd-3312d59c4a06.png,monitor arm
prd_2c977129b986448bb8d02b90d06470f3,Tech For Less,Kensington SmartFit K55471WW Mounting Arm,73.97,73.97,USD,True,var_5c9e45d41b884391a643428260c8c11d,https://cdn.shopify.com/s/files/1/0725/7020/8392/files/3b02315a-bd4e-4d77-be6d-b8d94604b841.jpg,monitor arm
prd_9609f0c73fd64065b86c044d1cbcd3b5,Pixio,PS2S Titan Heavy-Duty Monitor Arm,129.99,129.99,USD,True,var_8ef0676b15334d829da889bd18b6d45e,https://cdn.shopify.com/s/files/1/1208/4426/files/PS2STBK01.png,monitor arm
prd_6e74bb815fe740509d9c1b3186841bb7,Pixio,PS2D Dual Monitor Arm Mount - Certified Refurbished,71.99,71.99,USD,True,var_dd4f65a7523f48e7a997b5bf7ab4614e,https://cdn.shopify.com/s/files/1/1208/4426/files/PS2DImage21_af5e1c7b-785c-4d88-a881-799c663c4c90.png,monitor arm
prd_1cac83270d2249a18317765770959ace,Pixio,PS2S Titan Heavy-Duty Monitor Arm - Certified Refurbished,76.99,76.99,USD,True,var_79b5145faabe4172883ca0d7c2e36d4b,https://cdn.shopify.com/s/files/1/1208/4426/files/PS2STBK01.png,monitor arm
prd_38c23179ea764c8fa8e288477be40310,Tech For Less,Ergotron 45-710-292 Lx Pro Series Dual Stacking Arm Multi-monitor,415.49,415.49,USD,True,var_51efb267680f430cb1270afeb76679ce,https://cdn.shopify.com/s/files/1/0725/7020/8392/files/693a74e9-7ac2-4d74-8b7d-97289824b609.jpg,monitor arm
prd_ee93f107a955467aa409caebd9977880,Tech For Less,HAT Design Works 7000 Series 7000-800-FM-104 Articulating Monitor Arm,150.97,150.97,USD,True,var_79123df179824d298e5d534d525c23ff,https://cdn.shopify.com/s/files/1/0725/7020/8392/files/d3595899-4760-406e-9ece-4e4ec4736fb9_54bbe97c-6a4b-4b1a-b478-11dea802b258.jpg,monitor arm
prd_1bb2ad1c41c0421383c61a947847b98f,Tech For Less,Ergoton Styleview 45-273-026 Sit and Stand Monitor Mount,937.49,937.49,USD,True,var_67d4b0560b3b494aa7a7346ad1e5ac45,https://cdn.shopify.com/s/files/1/0725/7020/8392/files/f716ea3a-de62-4f94-b288-4d0221de350e.jpg,monitor arm
prd_4ae564222b664758acc7da94ac943740,Tech For Less,R-Go Tools RGOVLZE4SI Zepher 4 C2 Circular Adjustable Single Monitor,25.49,25.49,USD,True,var_105cb68ad792451baa62fcfd2eb4cd03,https://cdn.shopify.com/s/files/1/0725/7020/8392/files/6f0fdf50-3386-497f-bed5-61f4c9c9ef72.jpg,monitor arm
prd_1c857d3b984648edae1ad18d2efeaadd,Tech For Less,Ergotron Styleview 45-261-216 Sit-Stand Combo 17 Inches Monitor Mount,59.97,59.97,USD,True,var_54f6c815234a444db5f9e298d3d17b9b,https://cdn.shopify.com/s/files/1/0725/7020/8392/files/3dbf01d7-226d-4103-97b7-f8dda7f92c24.jpg,monitor arm
prd_e48ec92e980a4657ab794d87becb9f8d,bashfashion,Gibbon Mounts L03  Aluminum Alloy Quick Release Computer Monitor Wall Mount Bracket (Silver Gray),44,44,USD,True,var_dab283e3580a4461935d05d13490d9ef,https://cdn.shopify.com/s/files/1/0772/1192/6824/files/TBD0602081201A.jpg,monitor arm
prd_d8e1898a38d9432fbbb14dbea17d0e51,Tech For Less,Chief K1W220B Kontour Series Dynamic Wall Mount For 2 LCD Monitors,160.97,160.97,USD,True,var_8c60ebd519d64d58a4f89a927d4583c1,https://cdn.shopify.com/s/files/1/0725/7020/8392/files/bd94179e-7040-4970-b937-f66dd66bdf4c.jpg,monitor arm
prd_4ef2a9f420824d7d9513d5f95250e157,Pixio,The Canvas Desk,599.99,599.99,USD,True,var_b7bb3e6774e344999ed6c3db4f95510d,https://cdn.shopify.com/s/files/1/1208/4426/files/Canvas-Desk_45L.png,desk
prd_4ecff6e31652495694f7c04bbff7768c,abc carpet & home,Bok Desk,2729,2729,USD,True,var_ffbbc9f38a86435aacd960d097878d8e,https://cdn.shopify.com/s/files/1/0560/2223/7322/files/3099338_1_526465c6-0195-4d51-9e91-8354d2f3ef63.jpg,desk
prd_8a9c3e434f1f4aa9aa681c8f99b7f838,abc carpet & home,Whitebird Desk,2099,2099,USD,True,var_de3282bebbd14203aebb112fb645c344,https://cdn.shopify.com/s/files/1/0560/2223/7322/products/1596577_a.jpg,desk
prd_d3d546d228dc495ea296b92e1138f788,abc carpet & home,Babylon Desk,3699,3699,USD,True,var_82d9c295ef74493ca174b92900aa042a,https://cdn.shopify.com/s/files/1/0560/2223/7322/files/3112367_9.jpg,desk
prd_d9cf964f590d476db77e58c7c3d368b7,abc carpet & home,Oak Frame Desk,1799,1799,USD,True,var_0b136c2f86f0444c9bd3e81bd7a10c69,https://cdn.shopify.com/s/files/1/0560/2223/7322/files/1557660_1.jpg,desk
prd_cacb64ebd0854db78d21a0e929b90190,abc carpet & home,Henry Desk,2999,2999,USD,True,var_aa716b817810441c9e9a8b043f5ef010,https://cdn.shopify.com/s/files/1/0560/2223/7322/files/3055772_FRT_1_1.jpg,desk
prd_b6219bfc47294d53bd6443120f70ede9,abc carpet & home,Tula Writing Desk,2099,2099,USD,True,var_79371e70d4114da9af94816e0196cec9,https://cdn.shopify.com/s/files/1/0560/2223/7322/files/3087153_ESS.jpg,desk
prd_441c1b283df449bcb9455fc6d4360094,Mavigadget,Everything in Place Foldable Home Office Desk,3589,3589,USD,True,var_b443ce563dc24ca1b6735f69f97e1b0c,https://cdn.shopify.com/s/files/1/0629/4939/2444/files/content-2026-09-17T101627.112.jpg,desk
prd_f1ab0b4f4c8840088efeeeb8c49c2408,abc carpet & home,Boomerang Desk,1949,1949,USD,True,var_f5a36fbb158d46dc8d2940e22e5a006a,https://cdn.shopify.com/s/files/1/0560/2223/7322/files/3044023.jpg,desk
prd_0f71f1026d854a39a60dbec55915f586,abc carpet & home,U Desk,2389,2389,USD,True,var_9c0e735fcb314cc0a3113355c24222f3,https://cdn.shopify.com/s/files/1/0560/2223/7322/files/3044041.jpg,desk
prd_6239ad85024842dd971a43a51e23a509,Mavigadget,White Creative Working Desk,842.99,842.99,USD,True,var_cd53fd1e68a34c54b142b8c7736ebf1a,https://cdn.shopify.com/s/files/1/0629/4939/2444/files/product-image-881941727-sw.jpg,desk
prd_8cf32d2621fb473290f4f09d525744d7,abc carpet & home,Black Bok Adjustable Desk,2358,2358,USD,True,var_9ffa775200bd4e0fb7b9a028cdc94c47,https://cdn.shopify.com/s/files/1/0560/2223/7322/files/3044067_1.jpg,desk
prd_ba2bdb97bd7f4669b0191cbdcb37aa9c,abc carpet & home,Oscar Teak Desk,1469,1469,USD,True,var_139533e7695947f2b3d72cefb8ebd028,https://cdn.shopify.com/s/files/1/0560/2223/7322/files/3099356_1_0276d6cf-31fd-41d5-9551-8516ccd88406.jpg,desk
prd_c85856dbab4e41c3b594e3c53ddce146,Mavigadget,Modern Japanese Movable Adjustable Sit/Stand Desk,599.99,599.99,USD,True,var_6f3b91008a4e4ef9983ab71ed47d97a2,https://cdn.shopify.com/s/files/1/0629/4939/2444/files/content1205.jpg,desk
prd_2015723d9d5e4ba98616dcc61209ed67,Mavigadget,Modern Home Office Desk Workstation,271.99,271.99,USD,True,var_42a4dd7b975445acb09a83a963b3193c,https://cdn.shopify.com/s/files/1/0629/4939/2444/files/content42_37822567-966a-4d06-b21f-83d0e8f1bd2d.png,desk
prd_fbc6d4105dd74d639f4e875f2222eb6e,Mavigadget,Work Everywhere Ergonomic Adjustable Rolling Desk,949.95,949.95,USD,True,var_374f82aaa6a54a56b365d1d4f8eddc81,https://cdn.shopify.com/s/files/1/0629/4939/2444/files/S7aa0864beb344df0a37e881d67c9e959s.webp,desk
prd_e6f3d0bcc8b04d1895e0c63880d3f06a,Mavigadget,Healthy Hour Electric Adjustable Standing Desk Workstation,2699.95,2699.95,USD,True,var_5a16b0d962554bba8bf45818abfbe312,https://cdn.shopify.com/s/files/1/0629/4939/2444/files/Sda7cdeb7d6dd4f2a83e8c9d2b6dbaa5aX.webp,desk
prd_196cb1d6af3f45a1ad9e13a73004ec2c,abc carpet & home,Bok Cowork Desk,8269,8269,USD,True,var_d521fccc6ea14ad199bf8602b18b1d37,https://cdn.shopify.com/s/files/1/0560/2223/7322/files/3044043_1.jpg,desk
prd_9baa4a5ffcd34623bb38c7e221580c87,Shoppy,Billy Computer Desk,71,71,USD,True,var_f7ad33bcba054388b4e37e19ec046395,https://cdn.shopify.com/s/files/1/0382/9257/products/Billy-Computer-Desk-Office-Table_d5d15855-22c9-4b1d-9356-0f5992441a1e.jpeg,desk
prd_8d06ce4119a04df68d23dc690319b2f5,abc carpet & home,Oscar 2-Drawer Teak Desk,5169,5169,USD,True,var_15abd59428b1404a98f149a61e28a40d,https://cdn.shopify.com/s/files/1/0560/2223/7322/files/3030846_1.jpg,desk
prd_51fbd436f704459ea50aeaf5f9e62be5,Tech For Less,FlexiSpot Vici EC9W Sit-Standing Desk,181.32,181.32,USD,True,var_de05e1be99a541ba8f4c811b8afdf655,https://cdn.shopify.com/s/files/1/0725/7020/8392/files/0e1f276d-ef72-43a2-957a-763af12d3721.jpg,desk
prd_d1325513ff8e42c99948cfd332c830fd,abc carpet & home,Wave Oak Desk,1939,1939,USD,True,var_671d2bfe464d4da6bc509f0e193949c1,https://cdn.shopify.com/s/files/1/0560/2223/7322/products/1557298-ethnicraft-wave-oak-desk-online-only-a.jpg,desk
prd_b37771ea6fca4f968268934b9bda50e5,Mavigadget,Wooden Modern Stylish Office Desk,219.99,219.99,USD,True,var_d85305bb91564829ad9b15ddcc452358,https://cdn.shopify.com/s/files/1/0629/4939/2444/files/3-variant-simple-small-folding-table-learning-writing-desk-desk-modern-home-desk-bedroom-desktop-computer-desk-standing-desk.png,desk
prd_b092d2bc6b9a4e8c9d29b5a6661ba9d9,abc carpet & home,PI Wall-Mounted Desk,1049,1049,USD,True,var_0dd78d285b3240c38af36af8db3cc38c,https://cdn.shopify.com/s/files/1/0560/2223/7322/files/3070851_1.jpg,desk
prd_d5afde5f433a4cf2b10731e8340cac31,Mavigadget,Smart Working Desk with Storage,1364.99,1364.99,USD,True,var_b93cd69d6c9041d19442cf5a3e3afb51,https://cdn.shopify.com/s/files/1/0629/4939/2444/files/product-image-881892590-sw.jpg,desk
prd_7b8cc59888eb44168a9014e9bc6c7a9c,Mavigadget,Work & Chill Rotating Tablet Pillow Desk,184.95,184.95,USD,True,var_388f5a27a04c4d54ab6b25821b88fa67,https://cdn.shopify.com/s/files/1/0629/4939/2444/files/S214c2c7b23634b7381fc9a9b89cc6848U.webp,desk
prd_2f6c31d7377f405c9a4c82d7d181e3cb,Mavigadget,Bilancia Ergonomic Kneeling Desk Chair,536.95,536.95,USD,True,var_5d99de2b4aa4451a86f63ebba6bef469,https://cdn.shopify.com/s/files/1/0629/4939/2444/files/S3c4366ba795240979e68f3792178235bF.webp,ergonomic chair
prd_5b10381ddfe44123a2f38b3d4bb059e4,Mavigadget,Ergonomic Height Adjustable Knee Support Chair,509.95,509.95,USD,True,var_169083c7a8d14bab98f76b11918a589f,https://cdn.shopify.com/s/files/1/0629/4939/2444/files/product-image-1756323240.jpg,ergonomic chair
prd_7b9eed68009947d39f4520b8a34bd5fc,Shoppy,Eames Office Chair,366,366,USD,True,var_f91fb932c1a344b9a8f687d15e04cc5b,https://cdn.shopify.com/s/files/1/0382/9257/products/Eames-Office-Chair-Office-Chair_0246c237-71e9-49a0-a165-e4f496ed682d.jpeg,ergonomic chair
prd_39edd79f234546d98dad433c424aa672,Mavigadget,Zero Gravity Massage Ergonomic Scorpion Gaming Chair,4695.95,4695.95,USD,True,var_3ae3d5f434a140768a16f5b247b9d4d2,https://cdn.shopify.com/s/files/1/0629/4939/2444/files/product-image-13-3.png,ergonomic chair
prd_a0078099fda14aaa9b68e7fc77b6833d,abc carpet & home,Upholstered Bok Side Chair,1229,1229,USD,True,var_17e8d254d0ad4c82af7fc22d3bd97198,https://cdn.shopify.com/s/files/1/0560/2223/7322/files/3032181_2.jpg,ergonomic chair
prd_707aaf4ccd8645838d215c3915c51e67,Mavigadget,Ergonomic Comfortable Italian Style Rocking Chair,1695.75,1695.75,USD,True,var_b824416ea0cb4d35bc569377d24f7e41,https://cdn.shopify.com/s/files/1/0629/4939/2444/files/5013d8da-59db-4c22-a9bf-fbabbcaa1875.png,ergonomic chair
prd_f4ee5966d9a341f6b4af960b6fc369d0,abc carpet & home,Risu Dining Chair,699,699,USD,True,var_74e9a78b38e844568e451c74780a5dc8,https://cdn.shopify.com/s/files/1/0560/2223/7322/files/3099345.jpg,ergonomic chair
prd_c76f4154a5ca4a2b9ffaa327c75e9b53,Mavigadget,Ergonomic Back Support Rotating Lounge Chair,1660.95,1660.95,USD,True,var_0dabc6dd51694b869290559ba99e75f2,https://cdn.shopify.com/s/files/1/0629/4939/2444/files/Sc31b0c7817de42b0b1fd7f0dce9ecbc2S.webp,ergonomic chair
prd_ab89a29f96854a96ab5ffc56c83aae29,Mavigadget,Original Ergonomic Kneeling Chair,207.99,207.99,USD,True,var_38ce074abd38499d9e85637829f26af0,https://cdn.shopify.com/s/files/1/0629/4939/2444/files/product-image-414982408-sw.jpg,ergonomic chair
prd_e2a18add85ba488bae0fa954b48dc3dd,Mavigadget,Modern Ergonomic European Fluffy White Lounge Chair,1556.95,1556.95,USD,True,var_779b88551aee4172a417a7e9474bf816,https://cdn.shopify.com/s/files/1/0629/4939/2444/files/Main_image_06.png,ergonomic chair
prd_d704a38e58a840b2b2835277886d1ce0,Mavigadget,Relax Smart Recliner Backrest Support Chair,140.95,140.95,USD,True,var_cee22fd39eee4c91aa7c001b4be6f660,https://cdn.shopify.com/s/files/1/0629/4939/2444/files/83f12848-9e37-4e0c-a4db-e79d873b1378.jpg,ergonomic chair
prd_8c97b03e1c9f4ed78dbd98b53980c04e,Mavigadget,Office Comfort Adjustable Leather Comfy Chair,840.95,840.95,USD,True,var_376e577a16c2416996be970bf0a5ae55,https://cdn.shopify.com/s/files/1/0629/4939/2444/files/S5b74c69e9dac42b7b26c7a53d9dee937i.jpg,ergonomic chair
prd_4ad597be9e2844038f6528d86b947342,abc carpet & home,Annie's Office Chair,746,746,USD,True,var_9e7a47872382492cbbdeb3d569a234b4,https://cdn.shopify.com/s/files/1/0560/2223/7322/files/3068596_1.jpg,ergonomic chair
prd_d6b24f997c23492d8e9463c5410561ca,Shoppy,Robin Office Chair,621,621,USD,True,var_2210738d38ea476e8601bebd66a91700,https://cdn.shopify.com/s/files/1/0382/9257/products/Robin-Office-Chair-Office-Chair_ad81124a-ff7c-437b-b909-910cd066895b.jpeg,ergonomic chair
prd_12117f14e8a345ed88c0583f40de79da,Shoppy,Signe Office Chair,414,414,USD,True,var_d29034ce0be14baebc5b41594d8ace05,https://cdn.shopify.com/s/files/1/0382/9257/products/Signe-Office-Chair-Office-Chair_8b7fa421-550f-45fe-b88b-f1c15b08b843.jpeg,ergonomic chair
prd_a7d769bbc75d417e9f9e427309193ccb,Shoppy,Declan Office Chair,414,414,USD,True,var_bfa701dd158b49bcaacb544207af6e2d,https://cdn.shopify.com/s/files/1/0382/9257/products/Declan-Office-Chair-Office-Chair_89f4691c-7369-45c2-a35c-2fbc9070893f.jpeg,ergonomic chair
prd_c95cee04300049d4b08b489b22960c5b,Shoppy,Louis Office Chair,422,422,USD,True,var_fd99a88ac8f54d7eb4facfdbd8cbce87,https://cdn.shopify.com/s/files/1/0382/9257/products/Louis-Office-Chair-Office-Chair_083b2d0e-1168-46ef-9a7c-f4486a82df87.jpeg,ergonomic chair
prd_b9d32401b39843d78af3955eda4de286,Shoppy,Eva Office Chair,374,374,USD,True,var_f443128a5ad24a509b5868eb0a21b177,https://cdn.shopify.com/s/files/1/0382/9257/products/Eva-Office-Chair-Office-Chair_072050fb-2538-4422-a3b5-2833de2ef459.jpeg,ergonomic chair
prd_7a3f6de17428425688e8ef44f28f11b4,Shoppy,Jesse Arm Chair,199,199,USD,True,var_a5481a6fb73948b286d23be7e7a9d19e,https://cdn.shopify.com/s/files/1/0382/9257/products/Jesse-Arm-Chair-Arm-Chair_1cc627ee-90e4-40bc-b619-0106a401d30c.jpeg,ergonomic chair
prd_f78c2cdd2cf64154a63ef65f1d2b7b95,Tech For Less,MooreCo 703673595452 Hierarchy Armless Mobile Chair,87.49,87.49,USD,True,var_64cab54e505b4d90b0d1ecf0b694fe25,https://cdn.shopify.com/s/files/1/0725/7020/8392/files/0c13f271-2d32-4058-8cf6-6c21728dfd42.jpg,ergonomic chair
prd_b5d9816e4f3d459b92858f80fa6bade3,Tech For Less,Alienware S3800 Comfort Gaming Chair,327.97,327.97,USD,True,var_1c76f4b336f94dc9931aa32264712717,https://cdn.shopify.com/s/files/1/0725/7020/8392/files/2e4a0d55-7b41-4cdb-957b-f8c771a757c9.jpg,ergonomic chair
prd_5be00e3718164815ae610935e4ec757d,Shoppy,Oahu Swivel Chair,1618,1618,USD,True,var_e3ead05955754ebe809769e1bb1180b0,https://cdn.shopify.com/s/files/1/0382/9257/products/Oahu-Swivel-Chair-2-Seater-Sofa_02a75f03-3d1e-4559-926a-69d7bba28de8.jpeg,ergonomic chair
prd_c1f513c963f74d53a4d29fb2eb97c201,Mavigadget,Rotatable Recliner Lazy Rocking Chair,389.95,389.95,USD,True,var_e0bcb4c8ceb94cb8a0cce9e47ba1fff5,https://cdn.shopify.com/s/files/1/0629/4939/2444/files/product-image-1684641195.jpg,ergonomic chair
prd_e148f994ee6c446b8c477ec898d1d295,Mavigadget,Modern Design Rocking Lounge Chair,899,899,USD,True,var_189b49c37fc14125a5b1a3df2a52458b,https://cdn.shopify.com/s/files/1/0629/4939/2444/files/product-image-440369009.jpg,ergonomic chair
prd_01e9ed7a259f4955a10dad6eded6f098,Tech For Less,Vertagear VG-S5800_AW Alienware 5800 Gaming Chair,343.49,343.49,USD,True,var_0c6c1c2b269b4f649daddf645a138388,https://cdn.shopify.com/s/files/1/0725/7020/8392/files/22877e00-5645-4739-bd9e-978fefaf96d9.jpg,ergonomic chair
prd_ca2406ce2f9d41b6abc54f8a14e3ef62,Tech For Less,Arozzi MILANO-RD Milano Gaming Chair,175.8,175.8,USD,True,var_ef4e017394e949eca7bacf8d51498cd6,https://cdn.shopify.com/s/files/1/0725/7020/8392/files/021f4af5-c7c4-4ece-805a-165a5b38efdd.jpg,ergonomic chair
prd_e963fd4dd0764a97a1d7f268e600c90c,Tech For Less,Arozzi VERONA-SIG-PU-GD Verona Signature Gaming Chair,180.49,180.49,USD,True,var_55746749ea07419bb01fed84a17f9cd3,https://cdn.shopify.com/s/files/1/0725/7020/8392/files/9c38e66b-15fe-46e1-b31f-aa3e84c305b0.jpg,ergonomic chair
prd_19be8535ec7d485aa61447bfa7448770,Mavigadget,Comfort Relaxer Reclining Massager Rocking Chair,1749.95,1749.95,USD,True,var_d1ed1c9637914600835fc8afb28a1c59,https://cdn.shopify.com/s/files/1/0629/4939/2444/files/7_b643f324-1061-42ea-b2ad-6fff1dcee4c7.jpg,ergonomic chair
prd_7b1c3c3aba9041ff924441bcce09864f,Shoppy,Brendan Ash Wood Chair,390,390,USD,True,var_75113f7e86784e729b4f0326b97caa2a,https://cdn.shopify.com/s/files/1/0382/9257/products/Brendan-Ash-Wood-Chair-Living-RoomLounge-Chair_71e64dda-5467-48a7-8745-c9418c541a2b.jpeg,ergonomic chair
prd_d1007eba1b66408e80e22c8e68ca8417,Tech For Less,Arozzi TORRETTA-SPSF-FST Torretta 2023 Edition Gaming Chair,163.68,163.68,USD,True,var_26ba79b08e9f449092af3b6690877674,https://cdn.shopify.com/s/files/1/0725/7020/8392/files/96efbacb-a147-412b-8c2f-b33711dfa7d8.jpg,ergonomic chair
prd_fa93cf95e1e647b5900ad6f6fc8c9fe4,Mavigadget,Fluffy Lazy Sofa Chair,799.95,799.95,USD,True,var_f2908eda96964e4099654672e433942d,https://cdn.shopify.com/s/files/1/0629/4939/2444/files/product-image-1013716076-sw.jpg,ergonomic chair
prd_19ebde9ad08d40299bf86b0556ca4674,bashfashion,GameSir X3 Pro Northern Lights Cooling Stretchable Game Controller,95,95,USD,True,var_e31ad76d612e470ebd36bdd4267b4ad9,https://cdn.shopify.com/s/files/1/0772/1192/6824/files/EDA0072955.jpg,controller
prd_05653fcf165143728705620535e80b1f,bashfashion,GameSir G7 Pro Bluetooth Wireless Tri-Mode Game Controller for Xbox / Steam / PC / Android(White),107,107,USD,True,var_d9bf45cd61a84bf8a7acc46c4383c478,https://cdn.shopify.com/s/files/1/0772/1192/6824/files/EDA008350501A.jpg,controller
prd_c370da71aac64650b3581a86cc858c14,Tech For Less,Sony 1000035016 DualSense Edge Wireless Controller,187.97,187.97,USD,True,var_0d8cb13091794888b7c9402b4e851b55,https://cdn.shopify.com/s/files/1/0725/7020/8392/files/0cc49703-1fbd-4be0-9bb0-0c7193d4ec55.jpg,controller
prd_688b5f996b8743279a1ab35d12b4799c,bashfashion,GameSir GameSir Kaleid Wired Game Controller for Xbox,78,78,USD,True,var_a4eb4c0a1e394526bbb92f8839ae2a71,https://cdn.shopify.com/s/files/1/0772/1192/6824/files/EDA0072946.jpg,controller
prd_19464740455a41c39a8aa15d930c40c5,bashfashion,GameSir G8+ Wireless Game Controller,93,93,USD,True,var_a698521a00404931a73302ec24b80809,https://cdn.shopify.com/s/files/1/0772/1192/6824/files/EDA0072945.jpg,controller
prd_4f43eb49b02d4fc9ab638ff23419d9aa,bashfashion,"GameSir Cyclone 2 Bluetooth Wireless Game Controller, Without Charging Base(Black)",66,66,USD,True,var_184e8b02f1674296883a7994a27ca2e7,https://cdn.shopify.com/s/files/1/0772/1192/6824/files/EDA007305702A.jpg,controller
prd_caffff1d3ce14508ac3e271dd8dbcfb2,Shoppy,Shoppy Wireless Mobile Game Controller,24,24,USD,True,var_e6c51e79a6954b65bb8919ac1a13adcc,https://cdn.shopify.com/s/files/1/0382/9257/products/Shoppy-Wireless-Mobile-Game-Controller_4e86e4df-cbd6-432b-b119-06d236243afd.jpg,controller
prd_8fdd67f3c17b4b019560571b021cf928,bashfashion,KM-029   2.4G One for Two Doubles Wireless Controller Support PC / Linux / Android / TVbox(Elegant Silver),33,33,USD,True,var_ab2422d062084de4a2b63bc883233231,https://cdn.shopify.com/s/files/1/0772/1192/6824/files/TBD0603592701H.jpg,controller
prd_f53fa705c2ce42f8b2f957fd13e66cd8,GMKtec,GMKtec Wireless Gaming Controller,49.99,49.99,USD,True,var_4d71d534994b43b1879c846cf57c1862,https://cdn.shopify.com/s/files/1/0715/1314/5498/files/O1CN01uAXHUo1twwBWgVorh__3839895967-0-cib.jpg,controller
prd_98ed734d709d417b8748eaf8d1c187df,bashfashion,GameSir X5s Wireless Bluetooth Stretch Game Controller(Black),65,65,USD,True,var_be588095bca949f7813dbdd040c2d94f,https://cdn.shopify.com/s/files/1/0772/1192/6824/files/EDA008374301A.jpg,controller
prd_1fc6bc5466884a7282958865aad580be,Tech For Less,Sony 1000039944 DualSense Wireless Gaming Pad,66.49,66.49,USD,True,var_8a6eb38da1294000bb066ff50580eced,https://cdn.shopify.com/s/files/1/0725/7020/8392/files/493ab6a8-55d5-46c6-94f8-f8c638e9d0b1.jpg,controller
prd_c3ba9af0967a45178f1122431f1004b9,bashfashion,GameSir Nova 2 Lite Tri-Mode Wireless Game Controller for Switch / Steam / PC / iOS / Android(Black),37,37,USD,True,var_782e82b662104a99afbaa666d2f233aa,https://cdn.shopify.com/s/files/1/0772/1192/6824/files/EDA008351301B.jpg,controller
prd_36cf895e17874d69a1509ba97cd6fd04,bashfashion,EasySMX M05 Mobile Gaming Controller For Type-C Mobile Phones And IPhone 15 Series With Hall Trigger(Black White),51,51,USD,True,var_9a2ac2b1f7ee4a32bd2f1def9cda8d78,https://cdn.shopify.com/s/files/1/0772/1192/6824/files/TBD0605023401A.jpg,controller
prd_1ee54e3ae9834cd8bb1661f50e9d262a,bashfashion,For Switch Pro / PC / Android Wireless Bluetooth Game Controller With Wake-Up Vibration(Blue),29,29,USD,True,var_4932b010a8734169a5500a1d92b55237,https://cdn.shopify.com/s/files/1/0772/1192/6824/files/TBD0604284701A.jpg,controller
prd_54d22d58572841588681bf2b99e4393b,bashfashion,GameSir X5 Lite Stretchable Game Controller(Mustard Green),37,37,USD,True,var_62c6128a82f644e5ba2c156b8623e5fc,https://cdn.shopify.com/s/files/1/0772/1192/6824/files/EDA008356101A.jpg,controller
prd_2f171d8fda4245e899b4ce3c24f49d4f,bashfashion,GameSir Nova NS T4N Wireless Gamepad Game Controller for Nintendo Switch (Green),44,44,USD,True,var_063dd314747a444294efc694de344285,https://cdn.shopify.com/s/files/1/0772/1192/6824/files/NT8915G.jpg,controller
prd_749a290b833241f7b92906d6338eb97f,Tech For Less,Nintendo BEEAJAAAA  Joy-Con Controllers,78.49,78.49,USD,True,var_630ac14f53ee4966afe0aa798438c61e,https://cdn.shopify.com/s/files/1/0725/7020/8392/files/fee179f5-b655-47a1-b409-dec420b5529c.jpg,controller
prd_696cd9d4719e4b55b0ac38e9ad55419b,bashfashion,BSP-D10S Wireless Stretch Game Controller With Heat Dissipation Fan for Switch / Android / IOS / PC / PS3 / PS4(White),59,59,USD,True,var_be7a9f21709447ea941db7e09bf00e57,https://cdn.shopify.com/s/files/1/0772/1192/6824/files/TBD0604884601B.jpg,controller
prd_4e56893614114f56aafea5c4821a12a2,bashfashion,KM048 For PS4 Bluetooth Wireless Gamepad Controller 4.0 With Light Bar(Mountain Blue),31,31,USD,True,var_414dcb1400bd403f9a2e27ee144c3ba8,https://cdn.shopify.com/s/files/1/0772/1192/6824/files/TBD0603615701F.jpg,controller
prd_a9719a40942446a8b49b729af1afe282,Mavigadget,Wireless Gamepad Bluetooth Game Controller,59.95,59.95,USD,True,var_d77cd36cb3154515933fba22f4428acb,https://cdn.shopify.com/s/files/1/0629/4939/2444/files/product-image-1551847983-sw.jpg,controller
prd_50e6f9851a4644ccb88b929feaa4c022,bashfashion,SW510 Wireless Bluetooth Controller With Vibration For Switch Pro(Black and White),36,36,USD,True,var_eb09fbbabb3c4c05854cd6a82710cbbb,https://cdn.shopify.com/s/files/1/0772/1192/6824/files/TBD0601862101B.jpg,controller
prd_5723204e81464ced9e954cf30abca860,bashfashion,"ZR486 Wireless Game Controller For PS4, Product color: Burst",33,33,USD,True,var_35f45ab4972b421aa41da097b21a3ef8,https://cdn.shopify.com/s/files/1/0772/1192/6824/files/TBD0572143103.jpg,controller; controller
prd_a6cd750867cc463b8c863fd1bc2d55d9,Mavigadget,Mini Smart Gamepad Bluetooth Controller,33.95,33.95,USD,True,var_2424856e7aa5402eb892f38f249cd23e,https://cdn.shopify.com/s/files/1/0629/4939/2444/files/Hb72a8b12462e49d08562753eaf527722G.jpg,controller
prd_376ce3127537405081bf4bd545c999ed,bashfashion,CT-400 Wireless Game Controller for PS5(White),84,84,USD,True,var_c52ce3ba6b8746688879cd0fe1182921,https://cdn.shopify.com/s/files/1/0772/1192/6824/files/EDA007416601A.jpg,controller
prd_a58ec91b3dd24a92ae8c59f7230f7923,bashfashion,Bluetooth Stretchable Game Controller for Nintendo Switch / PC / IOS / Android(Black),31,31,USD,True,var_bd8726bae8524dc098c5ba22583b9fec,https://cdn.shopify.com/s/files/1/0772/1192/6824/files/TBD0604947001B.jpg,controller
prd_1d8179147d074690ab5ea3bfcb999610,bashfashion,"For Nintendo Switch JOY-05 Split Controllers TMR Hall Effect Joysticks, 6-Axis Motion & RGB Lighting(White)",43,43,USD,True,var_17ed69d8b3ba4520bf03ab54a2c89ba2,https://cdn.shopify.com/s/files/1/0772/1192/6824/files/TBD0606163701D.jpg,controller
prd_c8b99979d0524808ad8ffd894fa41c45,bashfashion,GameSir Nova Lite PC T4N Lite Bluetooth Wireless Gamepad Game Controller for Nintendo Switch (Dark Purple),34,34,USD,True,var_a6d24a958df74152b6b8bae5c4025bf3,https://cdn.shopify.com/s/files/1/0772/1192/6824/files/NT8913DZ.jpg,controller
prd_cb52cf4a0bdf48f0acc4cfd0b42588b7,bashfashion,Bluetooth Stretchable Game Controller for Nintendo Switch / PC / IOS / Android(White),31,31,USD,True,var_22d24f4656f2417c99c23eeb1a022cf9,https://cdn.shopify.com/s/files/1/0772/1192/6824/files/TBD0604947001A.jpg,controller
prd_d86420e9ca8e44f6a6db840bfc483ef4,bashfashion,For PS4 Wireless Bluetooth Game Controller With Light Strip Dual Vibration Game Handle(Hulk),30,30,USD,True,var_fc3aa2b863e642cc8ed84e6a12a97537,https://cdn.shopify.com/s/files/1/0772/1192/6824/files/TBD0603615201K.jpg,controller
prd_ae217e5c71ca4d72a13adeafab90f9e1,bashfashion,ipega PG-9023S Upgrade Wireless Bluetooth Telescopic Controller Gamepad,43,43,USD,True,var_87a02f7b582d4d078dc6ccc6c03f6989,https://cdn.shopify.com/s/files/1/0772/1192/6824/files/NT0169.jpg,controller
prd_f0796232bb6e4efcbce625af6ec0f34c,bashfashion,Bluetooth Joypad Gamepad Game Controller for Switch Pro,30,30,USD,True,var_724e4e53956a41c39a615749d8c377c5,https://cdn.shopify.com/s/files/1/0772/1192/6824/files/NT1529.jpg,controller
prd_5ce94c9544ff479cb94389be075064e2,bashfashion,Wired Game Controller for Sony Playstation PS4(Red),32,32,USD,True,var_3a8edf2d6fd44a55b725db455fe9dc80,https://cdn.shopify.com/s/files/1/0772/1192/6824/files/NT0052R.jpg,controller
prd_0f95dc42ab5e46e49f89e76f9198e6e3,bashfashion,GameSir Nova Lite PC T4N Lite Bluetooth Wireless Gamepad Game Controller for Nintendo Switch (White),33,33,USD,True,var_6434778014154b99b34516450b0583eb,https://cdn.shopify.com/s/files/1/0772/1192/6824/files/NT8913W.jpg,controller
prd_c44356ce07b049829c88fb9757d0ed95,bashfashion,Wireless Bluetooth Snowflake Button Game Controller for Sony PS4(Black),32,32,USD,True,var_a03d07851c52493381a6fcb9271758f8,https://cdn.shopify.com/s/files/1/0772/1192/6824/files/NT0914B.jpg,controller
prd_71dff9b2847940089ba19459e81630d3,Mavigadget,Smart Size Phone Gamepad Bluetooth Controller,38.95,38.95,USD,True,var_ba56113b34494b59a96383651076a486,https://cdn.shopify.com/s/files/1/0629/4939/2444/files/Se6be0f94647f43baaa1dcbb462c3837bn.jpg,controller
prd_c4e001f012d649d18ed378683f9256be,bashfashion,"Double Shock III Wireless Controller, Manette Sans Fil Double Shock III for Sony PS3, Has Vibration Action(with logo)(Blue)",26,26,USD,True,var_36ce71703aab4dcdafb3e27dd7f2e5a0,https://cdn.shopify.com/s/files/1/0772/1192/6824/files/S-PS3-1590L.jpg,controller
prd_9d6413663839467da451d1924ecd82af,Schupan Tech,SONY DUALSENSE PS5 CONTROLLER | USED FAIR,39.99,39.99,USD,True,var_8b17768e1d8b4670a3f1472144ec8627,https://cdn.shopify.com/s/files/1/0752/0364/1561/files/data_dc830ee7-43bb-4c29-b541-b8d089a9b041.jpg,controller
prd_06dfa8d1a967453788bdefdb6ecb50ca,bashfashion,PXN PXN-2113 PC Game Imitate Flight Controller Flying Rocker,80,80,USD,True,var_c9bf866737d04c38bdde28de1f8dc9f1,https://cdn.shopify.com/s/files/1/0772/1192/6824/files/IP8G1352.jpg,controller
prd_d7a49244c9304526a803437d77c5e3a4,Mavigadget,High-Performance Zero Heat Mobile Gaming Controller,40.95,40.95,USD,True,var_776d8e293a3e4b24ad7f7eb8f21cad3f,https://cdn.shopify.com/s/files/1/0629/4939/2444/files/High-PerformanceZeroHeatMobileGamingController.jpg,controller
prd_624997fb8f7c43e890fa58c846a5d8f4,bashfashion,2.4G Wireless Game Controller For Xbox 360(White),42,42,USD,True,var_3919c8a096aa400db758860f8131a752,https://cdn.shopify.com/s/files/1/0772/1192/6824/files/TBD0572015201A.jpg,controller
prd_222b7236d5b74be4ba0a5eb9c6ed4b40,bashfashion,For PS5 / PS5 Slim / PC Wired Controller with Macro Programming Six-axis Gyro,69,69,USD,True,var_090070b7849b4de38f5cbe7ebcba8015,https://cdn.shopify.com/s/files/1/0772/1192/6824/files/TBD06054149.jpg,controller
prd_351fcd71fc6448bdb20710cc0daef153,bashfashion,For PS4 Wireless Bluetooth Game Controller With Light Strip Dual Vibration Game Handle(Flame),30,30,USD,True,var_2214aec7039249318bb6d69a8d47f916,https://cdn.shopify.com/s/files/1/0772/1192/6824/files/TBD0603615201O.jpg,controller
prd_e335d5fb58e149fe91261ca59c35bcc8,bashfashion,2.4G Wireless Game Controller For Xbox 360(Black),42,42,USD,True,var_d6996a776ced47be9811c122e64150bb,https://cdn.shopify.com/s/files/1/0772/1192/6824/files/TBD0572015201F.jpg,controller
prd_95793b5c5bed4213862adea90cd1756c,Tech For Less,HTC 99HAFR001-00 Vive Wireless Controller,66.49,66.49,USD,True,var_b019fc6248be487fbf09fdbd22922ccd,https://cdn.shopify.com/s/files/1/0725/7020/8392/files/0295dd11-f2b7-4ee9-a581-951d2c10cab2.jpg,controller
prd_608263066e504692bd7bd579bf06562a,bashfashion,Logitech G Saitek X52 Pro Flight Control Game Throttle Joystick Handle Controller,457,457,USD,True,var_58c42b0ae11a4eadb8c41eca5dcef672,https://cdn.shopify.com/s/files/1/0772/1192/6824/files/NT0403.jpg,controller
prd_85f6c5d28e354ebebb494375a328e697,bashfashion,Jump Rope Gamepad Controller For Switch JOY-CON(Green Blue),22,22,USD,True,var_ee3a598973904853bbfb1822461f9ecd,https://cdn.shopify.com/s/files/1/0772/1192/6824/files/TBD0602578301B.jpg,controller
prd_d75225b744334046a51d51d319de06af,bashfashion,CX-X1  2.4GHz + Bluetooth 4.0 Wireless Game Controller Handle For Android / iOS / PC / PS3 Handle + Bracket (Blue),33,33,USD,True,var_eaa489e357cb4b33ad4fa655fd8d70ac,https://cdn.shopify.com/s/files/1/0772/1192/6824/files/TBD0572019905.jpg,controller
prd_2cb9a678d7d844a1b27a8f1bba1aed36,bashfashion,"Wireless Bluetooth Somatosensory Vibration Gamepad for Nintendo Switch/Switch PRO, Color: White",38,38,USD,True,var_fd8899331f114a409fd0d0e650f1e4dc,https://cdn.shopify.com/s/files/1/0772/1192/6824/files/TBD0603716904.jpg,controller
prd_c5e2dfaf73a6410283f900ef336525db,bashfashion,Wired Gamepad For Nintendo Switch / Android / iOS / PC(S818W Left Red Right Blue),34,34,USD,True,var_4d9d230b11ce413cbf3d1cda277b6dcb,https://cdn.shopify.com/s/files/1/0772/1192/6824/files/TBD0587452701A.jpg,controller
prd_a3b8ff5ea8ea4bb680787befbbfb20df,bashfashion,8BitDo Orion NS Version True Wireless Bluetooth Gamepad with Charging Stand(Black),124,124,USD,True,var_92a1b435c8ff4acaa60796d06eeaac91,https://cdn.shopify.com/s/files/1/0772/1192/6824/files/EDA006545101B.jpg,controller
prd_fa7f091a6e0b4efbbe4f05aa0a5402e7,bashfashion,GameSir F4 Foldable Eagle Wing Shaped Physical Direct Connect Capacitor Gamepad Compatible with IOS & Android System Devices,34,34,USD,True,var_c7cfb2ac49a3406d89d4e3bed9915a46,https://cdn.shopify.com/s/files/1/0772/1192/6824/files/NT1199.jpg,gamepad
prd_69d88fdc40294278894e0d519277decb,bashfashion,Y01 Bluetooth Wireless 2.4G Joystick Gamepad(White Black),33,33,USD,True,var_a22812dcd10d45afb2b3a59d63569bba,https://cdn.shopify.com/s/files/1/0772/1192/6824/files/TBD0603488801B.jpg,gamepad
prd_77f4e2f4b6fb4695a1e0a574a4898856,bashfashion,GameSir Nova Lite PC T4N Lite Bluetooth Wireless Gamepad Game Controller for Nintendo Switch (Dark Purple),34,34,USD,True,var_f38e89fd45f24cd59dfe31fb35854bab,https://cdn.shopify.com/s/files/1/0772/1192/6824/files/NT8913DZ.jpg,gamepad
prd_173af51997e049ce878466966f4cc45f,bashfashion,JOY-02 Gaming Left And Right Handle With RGB Lights Body Feel Bluetooth Gamepad For Switch / Switch OLED / Switch Pro / Switch Lite / Switch Joycon(Black),35,35,USD,True,var_bb16196a31c74a72b1ef95a441651635,https://cdn.shopify.com/s/files/1/0772/1192/6824/files/TBD0604344401D.jpg,gamepad
prd_28d6a90e49d442dd83b2ffa7b4a84e5f,bashfashion,"Wireless Bluetooth Somatosensory Vibration Gamepad for Nintendo Switch/Switch PRO, Color: White",38,38,USD,True,var_ee6391c150b941278912304d29a66a6d,https://cdn.shopify.com/s/files/1/0772/1192/6824/files/TBD0603716904.jpg,gamepad
prd_e99496a92749402ebbfa21a2df9c6a1c,bashfashion,8BitDo Orion NS Version True Wireless Bluetooth Gamepad with Charging Stand(Black),124,124,USD,True,var_50ad4df4572b46b5a154ae80084f1933,https://cdn.shopify.com/s/files/1/0772/1192/6824/files/EDA006545101B.jpg,gamepad
prd_14e8c464115347879ae89fdb922068f3,bashfashion,GameSir G7 Pro Bluetooth Wireless Tri-Mode Game Controller for Xbox / Steam / PC / Android(White),107,107,USD,True,var_793de63e41504080a52e0956c8a0347d,https://cdn.shopify.com/s/files/1/0772/1192/6824/files/EDA008350501A.jpg,gamepad
prd_f2e9210221734412b5c913b2b0e42f1a,bashfashion,GameSir X3 Pro Northern Lights Cooling Stretchable Game Controller,95,95,USD,True,var_0420c05a104346b6b45ea74cad923a05,https://cdn.shopify.com/s/files/1/0772/1192/6824/files/EDA0072955.jpg,gamepad
prd_245ecec4ff2745e3a6f05da9dc5decc9,bashfashion,GameSir G8+ Wireless Game Controller,93,93,USD,True,var_112be49aa3e94728bd6a9f3035f630fe,https://cdn.shopify.com/s/files/1/0772/1192/6824/files/EDA0072945.jpg,gamepad
prd_d2a76fa3c2a14e0e98885180edb51e5b,bashfashion,GameSir Nova 2 Lite Tri-Mode Wireless Game Controller for Switch / Steam / PC / iOS / Android(Black),37,37,USD,True,var_53495910653b495281fda665fa213caa,https://cdn.shopify.com/s/files/1/0772/1192/6824/files/EDA008351301B.jpg,gamepad
prd_b767e2dff76042bdbcc573aed32e1a64,Tech For Less,Sony 1000039944 DualSense Wireless Gaming Pad,66.49,66.49,USD,True,var_3ad7e008c003442798edde63f830e50d,https://cdn.shopify.com/s/files/1/0725/7020/8392/files/493ab6a8-55d5-46c6-94f8-f8c638e9d0b1.jpg,gamepad
prd_81f7ab85cef24c7f901e5e2321f3677a,bashfashion,GameSir X5s Wireless Bluetooth Stretch Game Controller(Black),65,65,USD,True,var_1209ad4d87f5485591bf400adb37b5f8,https://cdn.shopify.com/s/files/1/0772/1192/6824/files/EDA008374301A.jpg,gamepad
prd_e73a3b402e9a4567af292be06563bdc7,bashfashion,"GameSir Cyclone 2 Bluetooth Wireless Game Controller, Without Charging Base(Black)",66,66,USD,True,var_9e7c1c43688f49b28ec66a3cdaf18930,https://cdn.shopify.com/s/files/1/0772/1192/6824/files/EDA007305702A.jpg,gamepad
prd_cdbeb6f8bd1a459191aa013a473d2f9f,bashfashion,GameSir X5 Lite Stretchable Game Controller(Mustard Green),37,37,USD,True,var_8b0274660b0f4c099e797df83cca5dbb,https://cdn.shopify.com/s/files/1/0772/1192/6824/files/EDA008356101A.jpg,gamepad
prd_28467a29ef99413f8a49f7d8373c635c,bashfashion,GameSir Nova NS T4N Wireless Gamepad Game Controller for Nintendo Switch (Green),44,44,USD,True,var_f5551d54662c40beb66b6ae70a266212,https://cdn.shopify.com/s/files/1/0772/1192/6824/files/NT8915G.jpg,gamepad
prd_61b5082b5542455a9c81ce81e81a026d,bashfashion,8BitDo Orion NS Version True Wireless Bluetooth Gamepad with Charging Stand(White),124,124,USD,True,var_f603ae064d7e475eb76e550916dbeb03,https://cdn.shopify.com/s/files/1/0772/1192/6824/files/EDA006545101A.jpg,gamepad
prd_3a2ae914662f4fc2b134fa1864449e2d,bashfashion,For Switch / PC USB Wired Gamepad With Vibration And Burst Function(White),31,31,USD,True,var_1fd2340a40464ef8af8e70d1bd15f94b,https://cdn.shopify.com/s/files/1/0772/1192/6824/files/TBD0604609601A.jpg,gamepad
prd_ad73cd1c05184718ac1434cca7386972,bashfashion,For Switch / PC USB Wired Gamepad With Vibration And Burst Function(Black),31,31,USD,True,var_c5aa0b8811bf49118e7a3358247ee538,https://cdn.shopify.com/s/files/1/0772/1192/6824/files/TBD0604609601B.jpg,gamepad
prd_db33574618114be49d0b372b1abc97de,bashfashion,M-1 2.4G Wireless Drive-Free Gamepad For XBOX ONE / PS3 / PC(Black),50,50,USD,True,var_da5059488ca942a48b4de31a52a7288c,https://cdn.shopify.com/s/files/1/0772/1192/6824/files/TBD0601864201B.jpg,gamepad
prd_e559543edd4f47bd9ddbc55b73b17198,bashfashion,NS009 6-Axis Vibration Burst Wireless Bluetooth Gamepad For Switch Pro(Black Blue Red),41,41,USD,True,var_0644a42207cc43ffaba6f2f865c959ce,https://cdn.shopify.com/s/files/1/0772/1192/6824/files/TBD0553273501A.jpg,gamepad
prd_f10834d947af46d6b3b4f6cd6e609aa4,bashfashion,HS-SW520 3 In 1 Gamepad For Switch / PC / Android(Orange),35,35,USD,True,var_f9e4857686c0408d89471283a136734a,https://cdn.shopify.com/s/files/1/0772/1192/6824/files/TBD0601850701D.jpg,gamepad
prd_b21abd54725a48d9b29625b8ae5305ee,bashfashion,Wireless Bluetooth Gamepad With Wakeup Vibration Body Gamepad For Switch / Android / Apple / PC(Black),26,26,USD,True,var_59cab8eea76a417e99e7e6ecf89a4824,https://cdn.shopify.com/s/files/1/0772/1192/6824/files/TBD0604346001A.jpg,gamepad
prd_25d2af1fc1a045a59037c08298b67ba3,Mavigadget,Mini Smart Gamepad Bluetooth Controller,33.95,33.95,USD,True,var_6106667e766240b9a469188268612c7b,https://cdn.shopify.com/s/files/1/0629/4939/2444/files/Hb72a8b12462e49d08562753eaf527722G.jpg,gamepad
prd_30edeca1fa594defa54e748146d3c928,bashfashion,6-axis Bluetooth Joypad Gamepad Game Controller for Switch Pro(Yellow),31,31,USD,True,var_49efca1861214a3fb36d3b1841b09a82,https://cdn.shopify.com/s/files/1/0772/1192/6824/files/NT9001Y.jpg,gamepad
prd_e0698ee4f8a44ed6834f9170de5ed692,bashfashion,S03 Glare Transparent Wired Gamepad for Nintendo Switch/Sony PS/Computer(White),35,35,USD,True,var_2dc1c5eedf2c482fa1b7235b4fc5faf0,https://cdn.shopify.com/s/files/1/0772/1192/6824/files/TBD0603489501B.jpg,gamepad
prd_393f3f0f33a5484882b8817a59362dd5,bashfashion,Wired Gamepad For Nintendo Switch / Android / iOS / PC(S818W Left Red Right Blue),34,34,USD,True,var_f9e986fa812c4e9b9d1904012bb6fd29,https://cdn.shopify.com/s/files/1/0772/1192/6824/files/TBD0587452701A.jpg,gamepad
prd_280ba7181b324ceea154c8cb7aa33289,bashfashion,GameSir Nova Lite PC T4N Lite Bluetooth Wireless Gamepad Game Controller for Nintendo Switch (White),33,33,USD,True,var_27306ec5f768413ea8d604a58bbfe781,https://cdn.shopify.com/s/files/1/0772/1192/6824/files/NT8913W.jpg,gamepad
prd_c8da1ae90d6846848842e9777338cc26,bashfashion,Wireless Bluetooth Gamepad With Wakeup Vibration Body Gamepad For Switch / Android / Apple / PC(Pink),26,26,USD,True,var_85a091417d4c40c9a4d02e2d46e27886,https://cdn.shopify.com/s/files/1/0772/1192/6824/files/TBD0604346001C.jpg,gamepad
prd_ae900e3c02a748b2b784e83257d51b2f,bashfashion,NS009 6-Axis Vibration Burst Wireless Bluetooth Gamepad For Switch Pro(Black Green Purple),41,41,USD,True,var_88a7b308589e467cb21eb8ac14ea1fac,https://cdn.shopify.com/s/files/1/0772/1192/6824/files/TBD0553273501B.jpg,gamepad
prd_14728b4bb4814ff7bd87d9d2e7d638c1,bashfashion,For Switch/ Switch OLED/Switch Lite Bluetooth Handle 6-axis Wireless Gamepad(Left Red Right Blue),35,35,USD,True,var_35bd6abfacef412ab38ee43530733053,https://cdn.shopify.com/s/files/1/0772/1192/6824/files/TBD0603373001D.jpg,gamepad
prd_bcd61f46ac8e4757b82458b42512669a,bashfashion,ipega PG-9023S Upgrade Wireless Bluetooth Telescopic Controller Gamepad,43,43,USD,True,var_3c5fac2935864f8faed75f82ddf7e0a5,https://cdn.shopify.com/s/files/1/0772/1192/6824/files/NT0169.jpg,gamepad
prd_c7bff38396a74809a98beff08b448db2,bashfashion,Vibration 6-axis Somatosensory Wireless Bluetooth Gamepad For Switch(Green Blue),34,34,USD,True,var_0ccda280a2d9483cbe8a4b35ae52d5a8,https://cdn.shopify.com/s/files/1/0772/1192/6824/files/TBD0602181501A.jpg,gamepad
prd_fd85116c96f248e6923ddced8ca70d46,bashfashion,"Wireless Bluetooth Somatosensory Vibration Gamepad for Nintendo Switch/Switch PRO, Color: Black Gold",38,38,USD,True,var_d12b7ea18f0f4823b9958db80cda12e4,https://cdn.shopify.com/s/files/1/0772/1192/6824/files/TBD0603716901.jpg,gamepad
prd_8d33faea7f23444a86810da3a3e22c28,Mavigadget,Wireless Gamepad Bluetooth Game Controller,59.95,59.95,USD,True,var_0f65dcaa65c344ec83ba18bcdd338265,https://cdn.shopify.com/s/files/1/0629/4939/2444/files/product-image-1551847983-sw.jpg,gamepad
prd_f45a4134ec684e839f5a5f999921170d,bashfashion,6-axis Bluetooth Joypad Gamepad Game Controller for Switch Pro(Green),31,31,USD,True,var_6aa88c8358d14d959ae479f5426e027d,https://cdn.shopify.com/s/files/1/0772/1192/6824/files/NT9001G.jpg,gamepad
prd_a0399c17f38c431fb37ae302db146341,bashfashion,For Switch/ Switch OLED/Switch Lite Bluetooth Handle 6-axis Wireless Gamepad(Black White),35,35,USD,True,var_854af1c4faeb4d2b8c16b3aca11763c8,https://cdn.shopify.com/s/files/1/0772/1192/6824/files/TBD0603373001H.jpg,gamepad
prd_9fb67f3c45534a34b57d20a99305a3b5,Mavigadget,Smart Size Phone Gamepad Bluetooth Controller,38.95,38.95,USD,True,var_22ae8be098114ca49a2c89b86b78cccf,https://cdn.shopify.com/s/files/1/0629/4939/2444/files/Se6be0f94647f43baaa1dcbb462c3837bn.jpg,gamepad
prd_153a47fe3dee4b60a98b894b5b6c4d4b,bashfashion,"Wireless Bluetooth Somatosensory Vibration Gamepad for Nintendo Switch/Switch PRO, Color: White Green",40,40,USD,True,var_23dd695b78914509b6bc327c4368d597,https://cdn.shopify.com/s/files/1/0772/1192/6824/files/TBD0603716902.jpg,gamepad
prd_2f6ca41edf20426aa56cf6e5f86394b4,bashfashion,Vibration 6-axis Somatosensory Wireless Bluetooth Gamepad For Switch(Black White),34,34,USD,True,var_a7efa2d0f6bf4a119ec0d5ae43574c1f,https://cdn.shopify.com/s/files/1/0772/1192/6824/files/TBD0602181501B.jpg,gamepad
prd_70763aac95944365b27c92ec670a9dd6,bashfashion,"Wireless Bluetooth Gamepad With Macro Programming For Switch Pro, Product color: Left Blue Right Green",31,31,USD,True,var_dc6c73d518844ed69b92a32d8450847c,https://cdn.shopify.com/s/files/1/0772/1192/6824/files/TBD0601862503.jpg,gamepad
prd_958827b4c8e14585abac5385c67b268c,Mavigadget,Universal Phone Gamepad Joystick,17.95,17.95,USD,True,var_e5daf2d6f290452ba745c9e0b4613c95,https://cdn.shopify.com/s/files/1/0629/4939/2444/files/1111111111111111111111.jpg,gamepad
prd_fad467213bc54ed3aafcad3f2b5c82c7,bashfashion,Wireless Bluetooth Somatosensory Vibration Gamepad For Nintendo Switch/Switch PRO(S07 Black),33,33,USD,True,var_ec56cb0b7d1441508a1425b5a3b0639f,https://cdn.shopify.com/s/files/1/0772/1192/6824/files/TBD0603717801A.jpg,gamepad
prd_9e57a5aa1d6c4337a1731a255c4c8a83,bashfashion,"HY-5201 2.4HGz Wireless Gamepad For Nintendo NGC, Color of the product: Silver",31,31,USD,True,var_471dd76d384f4cd09b4c872420ec7988,https://cdn.shopify.com/s/files/1/0772/1192/6824/files/TBD0551593405.jpg,gamepad
prd_1617d7131f304ff4882dd60f958b0a36,bashfashion,MOCUTE 052 VR Game Wireless Bluetooth Mobile Remote Control Gamepad for Android iOS PC(Black),19,19,USD,True,var_b8b4608bada1483bafac5a5d74d652bb,https://cdn.shopify.com/s/files/1/0772/1192/6824/files/EDA002334501A.jpg,gamepad
prd_48f0277dc6ad4d15be02d8307b64dce1,bashfashion,For XBOX 360 Console And PC USB Dual Vibration Wired Gamepad(Blue),30,30,USD,True,var_03fb60a14d5b40628f27d054e44298b2,https://cdn.shopify.com/s/files/1/0772/1192/6824/files/TBD0603969401C.jpg,gamepad
prd_f4e17e4dce2c49baa9af077e25e9cfb1,bashfashion,M8 Pro Y3Lite U8 Plus For PS1 2.4G Wireless Dual Gamepad(White),34,34,USD,True,var_72f2d883b04b4c398fbb04d0e3c9e06d,https://cdn.shopify.com/s/files/1/0772/1192/6824/files/TBD0202314901A.jpg,gamepad
prd_08eb13f2894746699db6be460a3fada2,bashfashion,Wireless Bluetooth Gamepad With Wakeup Vibration Body Gamepad For Switch / Android / Apple / PC(Green),26,26,USD,True,var_a748cf53aeb44554ac72c3640b7234f8,https://cdn.shopify.com/s/files/1/0772/1192/6824/files/TBD0604346001B.jpg,gamepad
prd_4a3a7e61b15c45afbcd63dd6ad96f6e9,bashfashion,"C8 Bluetooth Gaming Controller Grip Game Pad, For Android / iOS  / PC / PS3",24,24,USD,True,var_4b98f5fc275e4ccf8dc68d2b30982422,https://cdn.shopify.com/s/files/1/0772/1192/6824/files/DS5695.jpg,gamepad
prd_72da685ebd0047ec8587eed5d2e10c0d,bashfashion,For PS3 / PS4 Dual Vibration Wireless Gamepad With RGB Lights(Green),34,34,USD,True,var_356a3eafcde744cba765a573b0c501f1,https://cdn.shopify.com/s/files/1/0772/1192/6824/files/TBD0603989201C.jpg,gamepad
prd_50ada233d79d47af9cfb706e82a098c1,bashfashion,"PB TAILS For Switch Bluetooth Wireless Gamepad, Style: Deluxe Edition (Army Green)",97,97,USD,True,var_31da9e9015b54c7c99e5c0852878aaa2,https://cdn.shopify.com/s/files/1/0772/1192/6824/files/TBD0602652805.jpg,gamepad
prd_15b46be2bdc9441f8c24dfb8781c4379,bashfashion,KM-029   2.4G One for Two Doubles Wireless Controller Support PC / Linux / Android / TVbox(Elegant Silver),33,33,USD,True,var_dfd8895752624b18acc453eea6cfe27c,https://cdn.shopify.com/s/files/1/0772/1192/6824/files/TBD0603592701H.jpg,gamepad
prd_d00756165adb4826a903f1c7376a17b0,Shoppy,Shoppy Wireless Mobile Game Controller,24,24,USD,True,var_fc46d023c5b241f69102e1f4f6b05ac9,https://cdn.shopify.com/s/files/1/0382/9257/products/Shoppy-Wireless-Mobile-Game-Controller_4e86e4df-cbd6-432b-b119-06d236243afd.jpg,gamepad
prd_93f8fc7310484fcf80ad43b9c2a594df,bashfashion,NS009 6-Axis Vibration Burst Wireless Bluetooth Gamepad For Switch Pro(Green and White),41,41,USD,True,var_285712361136469dbf90ac202c6039f1,https://cdn.shopify.com/s/files/1/0772/1192/6824/files/TBD0553273501C.jpg,gamepad
prd_32c091540104480da33bcf7a8bcc7450,bashfashion,For Steam Deck Game Controller Soft Silicone Protective Cover Case With 4pcs Key Cap(Black),19,19,USD,True,var_1163a6dc77194ab984e49508693d16a0,https://cdn.shopify.com/s/files/1/0772/1192/6824/files/TBD0603583401A.jpg,Steam Deck accessories
prd_dd6dba2b4fb64f86afd68ab70ef99f83,bashfashion,For Steam Deck V3 Non-slip Silicone Protective Case for Pocket Consoles(Red),24,24,USD,True,var_86ed1913f22d4ba6b4f4e54fadf385b6,https://cdn.shopify.com/s/files/1/0772/1192/6824/files/TBD0603224801B.jpg,Steam Deck accessories
prd_08d36fd5829d475fb5e3dc2dc5659c4f,bashfashion,For Steam Deck Hifylux ST-PF14 Game Console Silicone Case Anti-scratch Non-slip Handheld Case Lanyard(Blue),25,25,USD,True,var_d0bb442dc1d4475e9428a4a2a54d2a14,https://cdn.shopify.com/s/files/1/0772/1192/6824/files/TBD0603540501B.jpg,Steam Deck accessories
prd_7267411d5d8149249c1b805a5233d486,bashfashion,PGTECH Game Console Silicone Case With Anti-Slip Particles for Steam Deck(Black),22,22,USD,True,var_a7b1cf7d4a6840be897e4d3cf17fbc3d,https://cdn.shopify.com/s/files/1/0772/1192/6824/files/TBD0602311501A.jpg,Steam Deck accessories
prd_328afe4ba72d448385da09cad4b5a33c,bashfashion,For Steam Deck V3 Non-slip Silicone Protective Case for Pocket Consoles(Green),24,24,USD,True,var_d2dfa516cd644527a3d6a973858afd0b,https://cdn.shopify.com/s/files/1/0772/1192/6824/files/TBD0603224801C.jpg,Steam Deck accessories
prd_7c260470f4b94a3aabd811af592f07b9,bashfashion,iplay HBSD-490B For Steam Deck Game Console Charging Base Handheld Game Stand Charger(Silver Gray),22,22,USD,True,var_a14f88ee2ba341c9851dd5e8fcd8f6d9,https://cdn.shopify.com/s/files/1/0772/1192/6824/files/TBD0603828801A.jpg,Steam Deck accessories
prd_6141e6f8967c47c6ad001abf46bb981d,bashfashion,For Steam Deck V V4-1 Pocket Consoles Silicone Non-slip Protective Case with Holder Function(Green),26,26,USD,True,var_f235566e4ae74d76881135a1240b87ec,https://cdn.shopify.com/s/files/1/0772/1192/6824/files/TBD0603223201C.jpg,Steam Deck accessories
prd_7421e22aaa3d4e3fa5c213200b79a804,bashfashion,For Steam Deck V3 Non-slip Silicone Protective Case for Pocket Consoles(Black),24,24,USD,True,var_eb8f126393e14c7883f2981df7821b7b,https://cdn.shopify.com/s/files/1/0772/1192/6824/files/TBD0603224801A.jpg,Steam Deck accessories
prd_c3018357c6784200a099dd54e0ccf10b,bashfashion,JYS Game Console Desktop Stand For PS Portal / Steam Deck / ROG Ally / Switch / Mobile Phones(White),22,22,USD,True,var_aa3cbe2d49244996893a19013700df28,https://cdn.shopify.com/s/files/1/0772/1192/6824/files/TBD0604307001B.jpg,Steam Deck accessories
prd_cdf9464f1988429c9ca5c129423d11b4,bashfashion,For Steam Deck Hifylux ST-PF14 Game Console Silicone Case Anti-scratch Non-slip Handheld Case Lanyard(Red),25,25,USD,True,var_b7e510bd351e42dba88531185fe9e638,https://cdn.shopify.com/s/files/1/0772/1192/6824/files/TBD0603540501C.jpg,Steam Deck accessories
prd_7e90f8f29fb34b1cb5f876516a346641,bashfashion,GKK For Steam Deck Color Contrast Anti-fall Game Console Case(Blue),32,32,USD,True,var_0493870394404cedb12656bf1b441bb6,https://cdn.shopify.com/s/files/1/0772/1192/6824/files/EDA004571701C.jpg,Steam Deck accessories
prd_6d665611126e4f0d9a1b85402c56e03c,bashfashion,For Steam Deck / Steam Deck OLED IMAK UC-3 Series Shockproof Frosted TPU Phone Case,22,22,USD,True,var_a065dac8778b478594d8fbee15e5846c,https://cdn.shopify.com/s/files/1/0772/1192/6824/files/EDA006551401.jpg,Steam Deck accessories
prd_f26e31dec52d48969e519558cbf4c9d2,UPERFECT,GR156BF | 120hz Steam Deck External Gaming Monitor 15.6 Inches Portable Gaming Second Screen,269.99,269.99,USD,True,var_0bffff221f5044b1b68d5957b0902ce3,https://cdn.shopify.com/s/files/1/0039/6387/9494/files/uperfect-120hz-steam-deck-external-monitor-15_7.png,Steam Deck accessories
prd_21643f6a1cf14073869de28cf940ba6f,bashfashion,0.26mm 9H 2.5D Tempered Glass Film For Steam Deck Game Console,14,14,USD,True,var_acf5d4e7d74a46d88859965c6d9bba85,https://cdn.shopify.com/s/files/1/0772/1192/6824/files/EDA002606301.jpg,Steam Deck accessories
prd_b43c41d4d09c455faa041455202ddf68,bashfashion,PGTECH Split Crystal Hard Shell Case for Steam Deck Game Console,25,25,USD,True,var_23f1ae55635a4352ad419f3096d0dd10,https://cdn.shopify.com/s/files/1/0772/1192/6824/files/TBD06023118.jpg,Steam Deck accessories
prd_230253715fd744dfafa367b3b2242256,bashfashion,For Steam Deck TPU Game Console Case(Blue),23,23,USD,True,var_bd0433a1df3948c3b9c4aac1ba57c45d,https://cdn.shopify.com/s/files/1/0772/1192/6824/files/EDA003497101C.jpg,Steam Deck accessories
prd_3838286cf9604a0e9ec09ebf97dbfeb4,bashfashion,"For Steam Deck Gen2 100W USB-C/Type-C Male to USB-C/Type-C Male Stereo Curved Data Cable, Length:2m",19,19,USD,True,var_a07e4db2cbe8479ebbfa18a023b640dd,https://cdn.shopify.com/s/files/1/0772/1192/6824/files/EDA004181204.jpg,Steam Deck accessories
prd_00189d81d6834110b79f5f6c7a3026ec,bashfashion,"For Steam Deck Gen2 100W USB-C/Type-C Male to USB-C/Type-C Male Stereo Curved Data Cable, Length:3m",20,20,USD,True,var_a46d1c9de2034a5aa56d6abc2637ec48,https://cdn.shopify.com/s/files/1/0772/1192/6824/files/EDA004181205.jpg,Steam Deck accessories
prd_1f751dc2a51f498c9ea57a3a118cb94c,bashfashion,For Steam Deck 10pcs On/Off Keys Power Buttons Tap Switches(Power Button Microswitch),17,17,USD,True,var_a1ccd6cb972c40f7845320b03f435e06,https://cdn.shopify.com/s/files/1/0772/1192/6824/files/TBD0605904101A.jpg,Steam Deck accessories
prd_089f49f834774c3fa66dfeb4749327b1,Tech For Less,TP-Link ARCHER-BE9300 Tri-Band Wi-Fi 7 Wireless Ethernet Router,168.97,168.97,USD,True,var_f6cf6e9e01f74908aa2d9eb44a91b5a6,https://cdn.shopify.com/s/files/1/0725/7020/8392/files/f5dad464-9043-4235-81d9-8ebb0a8f33ed.jpg,router
prd_1af67665fe774a529576f848dcf8d938,Tech For Less,Google GA02434-US Wireless Router,127.97,127.97,USD,True,var_9fd5872b63d5463b9bf40d348435b156,https://cdn.shopify.com/s/files/1/0725/7020/8392/files/46a13a54-ce30-40eb-ba03-a43e7381213d.jpg,router
prd_d95698b15bab40fea7dce76740fe675f,Tech For Less,Netgear Nighthawk RAX120 RAX120-100NAS Wireless Router,208.49,208.49,USD,True,var_bcebf0271a5c4ffebef264f010231593,https://cdn.shopify.com/s/files/1/0725/7020/8392/files/6181949b-8115-43d2-8e00-0d4654937b5d.jpg,router
prd_1fc9895154e8450d81a24bee423f8ae7,bashfashion,"Xiaomi BE6500 Pro WiFi7 Dual Band 8-channel Independent Signal Amplifier 1GB Memory Router, US Plug(Black)",167,167,USD,True,var_964af4564d044734b5598e57282f906d,https://cdn.shopify.com/s/files/1/0772/1192/6824/files/EDA006509901A.jpg,router
prd_4852b246f7f44bdfa986455d524ad201,bashfashion,"Xiaomi Whole Home Router BE3600 Pro WiFi 7 Bluetooth Mesh Gateway 2.5G Port Dual Band, US Plug(Grey)",119,119,USD,True,var_dd9117f6a9bc406087937edcfe31578f,https://cdn.shopify.com/s/files/1/0772/1192/6824/files/EDA007873901A.jpg,router
prd_b198b3f8ab6549e499fa2aceb26eba53,bashfashion,"Xiaomi AX1500 4-channel Independent Signal Amplifier WiFi 6 Dual Band Router, US Plug(White)",60,60,USD,True,var_be3bac55ac3b461c94e094263597c30e,https://cdn.shopify.com/s/files/1/0772/1192/6824/files/EDA006510501A.jpg,router
prd_76b9bbefd9dd4078879576b53c82d84e,Tech For Less,Google Nest GA00595-US Wireless Router,42.49,42.49,USD,True,var_c24be7980de241fd9d5ccb94464702f1,https://cdn.shopify.com/s/files/1/0725/7020/8392/files/5226f8c1-e833-488f-b5fc-f77e7e06136b_b08e0400-b650-4581-8eb0-f8ad8e38f483.jpg,router
prd_fe5422d326474922a1e48a05324995c2,bashfashion,"Xiaomi Router BE5000 WiFi 7 MLO 2.4GHz 5.0GHz Dual Band 2.5G Port 512MB RAM Repeater, US Plug (White)",86,86,USD,True,var_7130a9c4e557413a92311f77bce7225d,https://cdn.shopify.com/s/files/1/0772/1192/6824/files/WR6509W.jpg,router
prd_69aa15c494e04eb78233ac13c358dfc5,bashfashion,"Original Xiaomi WiFi Router BE7000 8-channel Independent Signal Amplifier 1GB Memory, US Plug",260,260,USD,True,var_e365e57dae574d3ba39b9fac3df30f4d,https://cdn.shopify.com/s/files/1/0772/1192/6824/files/WR0042.jpg,router
prd_99e4b98d5beb4ff189516a51b87e898e,bashfashion,LB-LINK WR1300H Full Gigabit Port 1200M High Speed Dual Band 5G WiFi Repeater Wireless Router,61,61,USD,True,var_29b3527de238425e81c802a204160b54,https://cdn.shopify.com/s/files/1/0772/1192/6824/files/SYA0024187.jpg,router
prd_e31e57b961c6406ca9a6cd6076b5e596,bashfashion,"Xiaomi Router BE6500 WiFi 7 2.4GHz 5.0GHz Dual Band 4-Core 2.5G Port, US Plug (Black)",127,127,USD,True,var_a60dfbce2cd045d4beb840eff3894b45,https://cdn.shopify.com/s/files/1/0772/1192/6824/files/WR6510B.jpg,router
prd_b724a1b96891491484a6ca8eb5a0d50d,Tech For Less,Linksys Hydra Pro MR7500 Wireless Tri-band Router,233.49,233.49,USD,True,var_4e16fc59c8a74f9a9aa09804c183e9e7,https://cdn.shopify.com/s/files/1/0725/7020/8392/files/849d55c6-e31f-4d33-89c6-27bd06974328.jpg,router
prd_fef5cb5c21824bb59c63d13a54e8121e,bashfashion,Tenda AC8 AC1200 2.4 / 5GHz Dual-Band Gigabit Port Wireless Router,68,68,USD,True,var_86569527c0114a9992f1cd6f936734a6,https://cdn.shopify.com/s/files/1/0772/1192/6824/files/PC2575.jpg,router
prd_eec52c94f5154365a17c4c1be4bfd5d9,bashfashion,Tenda AC6 AC1200 Smart Dual-Band Wireless Router 5GHz 867Mbps + 2.4GHz 300Mbps WiFi Router with 4*5dBi External Antennas(Black),62,62,USD,True,var_1a3172b8354749e29dfce08aeb0a0e9d,https://cdn.shopify.com/s/files/1/0772/1192/6824/files/WR0050B.jpg,router
prd_b8efc9731db34e699d9ad6be85b53942,bashfashion,Tenda F6 300Mbps 4 External 5dBi Antennas Wireless N300 Easy Setup Router,45,45,USD,True,var_2400981c276c429584ecdce015802d21,https://cdn.shopify.com/s/files/1/0772/1192/6824/files/WR2594.jpg,router
prd_f5c943eaaf554827b657835a9de452cc,bashfashion,Urant 300Mbps Wireless Router Supports AP Broadband Dial-up With 6x5dB Antenna US Plug,45,45,USD,True,var_361a4d1fa8ee4d469229f3b9908119ed,https://cdn.shopify.com/s/files/1/0772/1192/6824/files/TBD0605655202.jpg,router
prd_59a3971e6da441ec9b1c71e9510a063e,Tech For Less,Amazon Eero ( PA10311) 7 B0D955ZMSR Dual-band Mesh Wi-Fi 7 Router,260.97,260.97,USD,True,var_7ab98fef891d446e93b544bf9d7b0f6e,https://cdn.shopify.com/s/files/1/0725/7020/8392/files/769b0b2c-fa4d-42cb-9db7-281c00bd8c98.jpg,router
prd_1a3266d3f4ae40de89a33b9f6f55193e,Tech For Less,Cisco MX67-HW Meraki Router/Security Appliance,201.97,201.97,USD,True,var_813aaa8c885f469e873105a5c37a23b0,https://cdn.shopify.com/s/files/1/0725/7020/8392/files/1cc5c74c-a749-4b4e-9a55-05c60af93878_dc26d468-9e39-4aa0-a4d5-eb978e74714e.jpg,router
prd_faaf8ccecfe84ddd89399d453d3acaba,bashfashion,MF905C EU 4G LTE WIFI Router Portable 6000mAh Charging Treasure Wireless Hotspot 150Mbps Pocket Mobile Modem,50,50,USD,True,var_7cbc26648cda4ee6912b1770fed0dcd9,https://cdn.shopify.com/s/files/1/0772/1192/6824/files/TBD0604017002.jpg,router
prd_a5e549202be049499ba1395c9599802a,bashfashion,A8-EU Eurasian Version 4G Portable WiFi Wireless Type-C Plug And Play LTE Router Car Mobile Hotspot(White),31,31,USD,True,var_8813c8b57f5245b9a383c20c87784c55,https://cdn.shopify.com/s/files/1/0772/1192/6824/files/TBD0605415501B.jpg,router
prd_7e1ae9478f254bde9cc6ee9e9d578f0b,bashfashion,"Wireless Smart WiFi Router Repeater with 4 WiFi Antennas, Plug Specification:US Plug(Black)",30,30,USD,True,var_cd1aea4337dc43a9aea03859bee3f4ad,https://cdn.shopify.com/s/files/1/0772/1192/6824/files/EDA00229303A.jpg,router
prd_99065d2134024c59a86b0305ca64e28c,bashfashion,"Wireless Smart WiFi Router Repeater with 4 WiFi Antennas, Plug Specification:US Plug(White)",30,30,USD,True,var_fb54a5ea7c1b4889a0e1d90f456ea56e,https://cdn.shopify.com/s/files/1/0772/1192/6824/files/EDA00229303B.jpg,router
prd_9b70cd341bb04e7aabbde30d439107df,bashfashion,"4G CPE Wireless Plug-In Router WiFi 6 Network Hotspot, EU Plug(White)",57,57,USD,True,var_9269e7d78bd64136bdfe216d3507a7ec,https://cdn.shopify.com/s/files/1/0772/1192/6824/files/TBD0605408601A.jpg,router
prd_43d613c4c75f4dc094f2bb1270ccfdd9,bashfashion,"For European / Asian / African 4G CPE WiFi6 Plug-in Wireless Router Dual Port Wireless Hotspot, EU Plug(White)",64,64,USD,True,var_689ed3379dc2477f845ab266eaf45c0d,https://cdn.shopify.com/s/files/1/0772/1192/6824/files/TBD0605414701A.jpg,router
prd_77afafa4234e461d9b2d0dfbcbd1c66e,bashfashion,EAU 4G Solar SIM Card WiFi 6 Router Waterproof Outdoor 4G To WiFi Cable(Black),118,118,USD,True,var_4e43db430f8f46df9ad44722713b5c7f,https://cdn.shopify.com/s/files/1/0772/1192/6824/files/TBD0606188201A.jpg,router
prd_a7df4a4b54624fd89e1298f0b601fa24,bashfashion,M10-EW Eurasian Version 4G WiFi6 Plug-in Router LTE Wireless Port Mini CPE Wireless Hotspot,51,51,USD,True,var_9ce8c3acdd0642f689c9d9e48d8ee221,https://cdn.shopify.com/s/files/1/0772/1192/6824/files/TBD0605416801.jpg,router
prd_554b1133eeb249709bda63d1ad4ef758,Tech For Less,Cisco Meraki MR46-HW MR46 High Performance Cloud-managed Wireless,140.49,140.49,USD,True,var_d0b3f06d7b3749d2ab93dad53c37ca8b,https://cdn.shopify.com/s/files/1/0725/7020/8392/files/02e20356-e5a8-40e7-9456-74fd75781154.jpg,router
prd_8ce7bf0fe39b4b869b8d2d9d015cb9eb,Plugable Technologies,Plugable USB 3.0 Wi-Fi 6 AX1800 Wireless Adapter,34.95,34.95,USD,True,var_04f97f7f793046359885c8774f266c8b,https://cdn.shopify.com/s/files/1/0006/9045/4575/files/main-max_9aa2fa27-3b67-4af1-85f1-169347df9bd5.jpg,wifi adapter
prd_19f26e55ee8645fab004c474c1eda7da,bashfashion,COMFAST CF-WU785AC 1300Mbps Dual-band Wifi USB Network Adapter with 4 Antennas,37,37,USD,True,var_c32599c9a58a484ebbd7483dd857dc73,https://cdn.shopify.com/s/files/1/0772/1192/6824/files/WR3663.jpg,wifi adapter
prd_d316401df9d7430a99615fa91f3b6e5a,bashfashion,EDUP EP-AC1661 2 in 1 Bluetooth 4.2 + Dual Band 11AC 600Mbps High Speed Wireless USB Adapter WiFi Receiver,26,26,USD,True,var_c6a817f6c2a846d9bac5a512100e69a3,https://cdn.shopify.com/s/files/1/0772/1192/6824/files/PC5790.jpg,wifi adapter
prd_a2cee9f8f83d449987c039fe3e5709a2,bashfashion,Yesido WP10 WiFi Wireless Dongle 150Mbps High Speed USB Wireless Adapter(Black),19,19,USD,True,var_aa258c40647b41a8b79a48749fcde513,https://cdn.shopify.com/s/files/1/0772/1192/6824/files/EDA007869201A.jpg,wifi adapter
prd_62b8f45682f24b0b89bc336b3ea69a02,bashfashion,EZCast EZC-5200BS 600Mbps Dual Band WiFi + Bluetooth USB 2.0 Wireless Adapter (White),23,23,USD,True,var_b788ffb4823e426b8e9b948be28efad4,https://cdn.shopify.com/s/files/1/0772/1192/6824/files/PC9415W.jpg,wifi adapter
prd_bf40f4ac98fc4480a814dbda11fa05cd,bashfashion,EDUP EP-AC1635 600Mbps Dual Band Wireless 11AC USB Ethernet Adapter 2dBi Antenna for Laptop / PC(Black),27,27,USD,True,var_6ab11e76d0eb41878fa25a0ae49b96d2,https://cdn.shopify.com/s/files/1/0772/1192/6824/files/PC8982B.jpg,wifi adapter
prd_a4c7e589c37647229e52ad086f27485c,bashfashion,RE-1202 1200Mbps Dual Band Wireless Network Card WiFi USB3.0 Adapter Transmitter Receiver,21,21,USD,True,var_93369db158694efc90abd73fe4d16b4f,https://cdn.shopify.com/s/files/1/0772/1192/6824/files/EDA0071515.jpg,wifi adapter
prd_5406a90fbe2346b1bb478bbb7174b0f8,Tech For Less,USB 3.0 AC1200 Dual Band Wireless-AC Network Adapter - 802.11ac WiFi,26.49,26.49,USD,True,var_80eaf30d9c4d477f947cd71d01853bb9,https://cdn.shopify.com/s/files/1/0725/7020/8392/files/520ffe7b-b759-4f16-9157-5879cfd226ec.jpg,wifi adapter
prd_536ccb822d4b4fc48cb8d034c63aefff,Plugable Technologies,Plugable USB 2.0 Wi-Fi 6 Wireless Adapter,29.95,29.95,USD,True,var_6c87bb2196f941b88482a0fadf5e8684,https://cdn.shopify.com/s/files/1/0006/9045/4575/files/main-max_142a4b08-4fcb-4896-b731-cf6f944373fc.jpg,wifi adapter
prd_708d51a04afc4913bde22056aae41091,bashfashion,COMFAST CF-943AX WiFi6 USB Adapter AX900 Bluetooth 5.3 2.4G / 5.8G Wireless Network Card,26,26,USD,True,var_1579636b0d7242b296da5b7b824a7c87,https://cdn.shopify.com/s/files/1/0772/1192/6824/files/TBD06045087.jpg,wifi adapter
prd_0356779b843541eebf1a53b7c1e5223c,bashfashion,600Mbps AC Dual Band USB WIFI Adapter,22,22,USD,True,var_a276a05e6f3c4e75b0526f38fd3fe1c6,https://cdn.shopify.com/s/files/1/0772/1192/6824/files/MBC6612.jpg,wifi adapter
prd_82500d9a987e44968b500dd106b79e54,bashfashion,EDUP EP-AX900 900Mbps WiFi 6 Bluetooth 5.3 Dual-Band USB Wireless WiFi Adapter(Black),26,26,USD,True,var_3c3afcd9e2dc45e6a0495dc848fe4717,https://cdn.shopify.com/s/files/1/0772/1192/6824/files/EDA007453501A.jpg,wifi adapter
prd_b7d336b72b944405be75b3265547a8da,Tech For Less,StarTech PEX867WAC22 Network Adapter,41.97,41.97,USD,True,var_75c14be6b0474ffcbeab8ade2252c95f,https://cdn.shopify.com/s/files/1/0725/7020/8392/files/69887d95-1515-450a-a23f-612deab70e36.jpg,wifi adapter
prd_5c0413fe5c144dd7ac393b8999fe7c6e,bashfashion,4-Antennas Dual-Band Driver-Free USB3.0 High-Speed Wireless Computer Network Adapter,21,21,USD,True,var_f56b99a19ae44ebb89093241126c39a2,https://cdn.shopify.com/s/files/1/0772/1192/6824/files/SYA0024832.jpg,wifi adapter
prd_877cb748d8094c82b84a88e71ebdf636,bashfashion,2 in 1 Bluetooth 4.0 + 150Mbps 2.4GHz USB WiFi Wireless Adapter with 2D1 External Antenna,19,19,USD,True,var_817614b41ca24fef8867d258b38af675,https://cdn.shopify.com/s/files/1/0772/1192/6824/files/PC0054.jpg,wifi adapter
prd_e4969361d90743f7b992f6753ffb92c2,bashfashion,EDUP EP-AX910 900Mbps WiFi 6 Bluetooth 5.3 USB WiFi Adapter Dual-Band Wireless Network Card(Black),24,24,USD,True,var_9f42aa4450b14d159441db26bddffe29,https://cdn.shopify.com/s/files/1/0772/1192/6824/files/EDA007453801A.jpg,wifi adapter
prd_695d7757e39e4fe08cc915581a415800,bashfashion,"EDUP EP-9658 PCI-E WiFi 6 Card AX1800M Bluetooth 5.2 Adapter for Desktop PC, 2.4GHz/5.8GHz Dual Band Wireless PCI-E Internal Network Card",36,36,USD,True,var_035dc76c09b6450cba204410f2d235c2,https://cdn.shopify.com/s/files/1/0772/1192/6824/files/SYA0022147.jpg,wifi adapter
prd_86a6e88bbe854e4d94125b4f1e7e8168,bashfashion,EDUP EP-N1581 Mini USB Wifi 802.11n/g/b 300Mbps 2.4GHz Wireless Adapter External Antenna,22,22,USD,True,var_7bdc11c21cef43dcbb8fb8bb4ad3501b,https://cdn.shopify.com/s/files/1/0772/1192/6824/files/S-PC-8490.jpg,wifi adapter
prd_a38fa7bacf934d198cde927ceea022b8,bashfashion,EDUP EP-AC1617 1200Mbps High Speed USB 3.0 WiFi Adapter Receiver Ethernet Adapter,31,31,USD,True,var_4f520f7e247046ce83f84016ed3e1b6d,https://cdn.shopify.com/s/files/1/0772/1192/6824/files/PC9853.jpg,wifi adapter
prd_43fcf52ec00d4e6ca09f00a81791ea31,bashfashion,EDUP EP-AX300GS 300Mbps WiFi 6 Nano Wireless Dongle Single Band USB WiFi Adapter(Black),20,20,USD,True,var_790f57a2ecac45c9ab836c40bad800d0,https://cdn.shopify.com/s/files/1/0772/1192/6824/files/EDA007453401A.jpg,wifi adapter
prd_d77b2b0ce1c342b5a4f32800003941ff,bashfashion,1300Mbps Dual Frequency USB Network Adapter WiFi Transmitter Receiver,22,22,USD,True,var_44f18185a6c4462eaf0fb8d2bb18e9e6,https://cdn.shopify.com/s/files/1/0772/1192/6824/files/PC2529.jpg,wifi adapter
prd_d6d760e0b7cc494cad27464e9feab621,bashfashion,2 in 1 Bluetooth 4.0 + 150Mbps 2.4GHz USB WiFi Wireless Adapter,16,16,USD,True,var_97ea3802e2e94b9a9330df5372c61757,https://cdn.shopify.com/s/files/1/0772/1192/6824/files/PC0053.jpg,wifi adapter
prd_a5fe1ddf2b21478ba402ddd106d2ff74,bashfashion,RTL8822BE Dual Band AC 433M Network Adapter Card Bluetooth 4.0 Wireless Network Adapter Card for Dell / ASUS / Toshiba / Sony / Acer,21,21,USD,True,var_b45bdab1fdf3437aa53c25fe261c480d,https://cdn.shopify.com/s/files/1/0772/1192/6824/files/SP5210.jpg,wifi adapter
prd_77474e97fa024fd6bdefaac9013fc6b6,bashfashion,COMFAST CF-977AX 5400Mbps Tri-Band Wireless Network Card WiFi6 Type-C Adapter,59,59,USD,True,var_7d265de852f6439596ff52c06312d532,https://cdn.shopify.com/s/files/1/0772/1192/6824/files/PC2483.jpg,wifi adapter
prd_bf382dbad3754e50beabf8a6eeaab1bb,bashfashion,150Mbps Mini USB Wireless Network Adapter WiFi Signal Receiver,16,16,USD,True,var_3e9a9676318a442d8ff471d59a82b27f,https://cdn.shopify.com/s/files/1/0772/1192/6824/files/NA2527.jpg,wifi adapter
prd_5f06f135caa845da9f43640789a29f8a,bashfashion,EDUP EP-9607 1200Mbps Dual-Band PCI-E Express Wireless Adapter Network Card with 2 x 6dBi Antennas,39,39,USD,True,var_5b3bca5f95444253bbf737217a5305e7,https://cdn.shopify.com/s/files/1/0772/1192/6824/files/PC9851.jpg,wifi adapter
prd_550c4be2412048fa95eebced73f7e252,bashfashion,EDUP EP-8553 MTK7601 Chipset 150Mbps WiFi USB Network 802.11n/g/b LAN Adapter,18,18,USD,True,var_c6a90744f98e403fb50c104874f35f63,https://cdn.shopify.com/s/files/1/0772/1192/6824/files/S-PC-6660.jpg,wifi adapter
prd_e19a3d74b2be4f328e7c99f019fca707,bashfashion,For Desktop PC Laptop Dual Band Driver-Free USB3.0 5G 1200Mbps WiFi Wireless Adapter,20,20,USD,True,var_00f14d1cd3424b679ce4ba190e00c4bb,https://cdn.shopify.com/s/files/1/0772/1192/6824/files/SYA0024831.jpg,wifi adapter
prd_8237a09b375c4c9e9f63effd9b5acc6a,bashfashion,RTL8723BE 300Mbps 802.11n M2 NGFF Wireless Card Mini PCI E WiFi Adapter + Bluetooth 4.0 for Lenovo E450 E550 E555 Y50  04x6025,17,17,USD,True,var_df143323f14642d3aaa9e6a55275663d,https://cdn.shopify.com/s/files/1/0772/1192/6824/files/SP8558.jpg,wifi adapter
prd_17fcc0783400474da8105236e3d29571,bashfashion,JINGHUA 600M Dual-Band Wireless Network Card Computer External 2.4G/5G USB WiFi Receiver Transmitter,21,21,USD,True,var_ff934211784744bebccb0f236d2015e1,https://cdn.shopify.com/s/files/1/0772/1192/6824/files/TBD0604306202.jpg,wifi adapter
prd_752cfb7818724f319275f67c8c02c1f0,bashfashion,RTL8192EU 300Mbps Mini USB Wireless Network Card,16,16,USD,True,var_73ffabb4f78e4c29871df53e7a34aa41,https://cdn.shopify.com/s/files/1/0772/1192/6824/files/TBD05720630.jpg,wifi adapter
prd_33706f8b6ec045c288f8f123f6f327e6,bashfashion,Ezcap 316 USB 3.0 Dual CAMLink Plus Video Capture Card(Black),63,63,USD,True,var_aa6e11d7c0714943a151e29b31994701,https://cdn.shopify.com/s/files/1/0772/1192/6824/files/EDA006337201A.jpg,capture card
prd_1b2ec1ceaf014e2ca00eae1c4dfb4b52,bashfashion,EZCAP 321 GameLink RAW USB 3.0 HD Game Video Capture Card,70,70,USD,True,var_adb447f92e6b409fb320d47a4a580339,https://cdn.shopify.com/s/files/1/0772/1192/6824/files/TT0191.jpg,capture card
prd_d6ff9b8bb9824d3eaa8d3a70fc7ff2d8,bashfashion,Ezcap 264M Four-Channel Multi-View HDMI to USB 3.0 Video Game Capture Card,159,159,USD,True,var_51bb551fb3944d909ec33a3a07316de5,https://cdn.shopify.com/s/files/1/0772/1192/6824/files/EDA0056471.jpg,capture card
prd_d8f4db795891485585ddb94342e5cb61,bashfashion,Z51 USB Female to HDMI Male Video Capture Card,25,25,USD,True,var_d8c0a21913c8466080cfaabfba389ad9,https://cdn.shopify.com/s/files/1/0772/1192/6824/files/TT0159.jpg,capture card
prd_2e5df31ce4884745a6f94c8894cea3cc,bashfashion,EZCAP280H HD Video Capture Card 1080P HDMI Recorder Box,71,71,USD,True,var_302cc2ac8f6a41c0b0b1dddafdde5ee6,https://cdn.shopify.com/s/files/1/0772/1192/6824/files/SPC1202.jpg,capture card
prd_9eb27437bc91456ba8ec98824a19ff83,bashfashion,USB HDTV Video Capture Card with Cable,23,23,USD,True,var_396e90e85e2340bd8fe91b9649b9cf55,https://cdn.shopify.com/s/files/1/0772/1192/6824/files/EDA0073302.jpg,capture card
prd_cc3545a91f43463ca07b05f325205390,bashfashion,USB 3.0 HDTV Video Capture Card,22,22,USD,True,var_bcb2ed9aedd34c2d85fa3118ce75332c,https://cdn.shopify.com/s/files/1/0772/1192/6824/files/EDA0073301.jpg,capture card
prd_3da253b5157f4f63aabd6d134ad35163,bashfashion,4K 30Hz HDMI to USB-C / Type-C HD Video Capture Card with Cable,20,20,USD,True,var_0e0a6fb49041445d917bfdba64878779,https://cdn.shopify.com/s/files/1/0772/1192/6824/files/PC9942.jpg,capture card
prd_4f59def7999c426ca2b4508064718e6e,bashfashion,Ezcap 284 HDMI/AV/Ypbpr Video Capture Recording Box Game Capture Card,90,90,USD,True,var_2196a4caf13b40f1a4d3e97a766f6235,https://cdn.shopify.com/s/files/1/0772/1192/6824/files/EDA0056479.jpg,capture card
prd_b6b76c41983e4630aed666290f97f270,bashfashion,Ezcap 172 USB 2.0 Audio Video Grabber Capture Card Support Windows System,29,29,USD,True,var_f026534e49e04416a634dece9c93578e,https://cdn.shopify.com/s/files/1/0772/1192/6824/files/EDA0056382.jpg,capture card
prd_d992446224c248d5b483888e154bab4b,bashfashion,"Z36 HDMI/M Male to USB-Type C/M Male HD Video Capture Card, Length: 2m",27,27,USD,True,var_d5dfe12bf8734977b743f4ac35810d84,https://cdn.shopify.com/s/files/1/0772/1192/6824/files/EDA0034390.jpg,capture card
prd_9174b7fc2c7f423b94e291272c96e918,bashfashion,Z50 USB-C / Type-C Female to HDMI Male Video Capture Card,25,25,USD,True,var_3bc8bb6b04934ad391a092ff31ee977f,https://cdn.shopify.com/s/files/1/0772/1192/6824/files/TT0158.jpg,capture card
prd_e36ca9de8512450fb21f1f72b388cf62,bashfashion,4K 30Hz HDMI to USB3.0 HD Video Capture Card with Cable,21,21,USD,True,var_f932ef616d6a49c89b94954a75d375c7,https://cdn.shopify.com/s/files/1/0772/1192/6824/files/PC8336.jpg,capture card
prd_da7a32ba9e7242c9bbd0f29da235ece9,Tech For Less,48-inch 4-channel Usb 2.0 56g Audio Video Capture Card - Rca To Usb,17.97,17.97,USD,True,var_524b0bc0a452423987774a414d2813ad,https://cdn.shopify.com/s/files/1/0725/7020/8392/files/b88f06de-f902-44df-aeb5-14f8a17ee705.jpg,capture card
prd_4d83e4440c2b4b8ab2b91c566623485c,bashfashion,"Portable USB 2.0 Audio Video Capture Card Adapter VHS to DVD Video Capture for Win7 / Win8/ XP/ Vista, Free Drive",18,18,USD,True,var_cf23820ed8af4e5687afec5d186219e0,https://cdn.shopify.com/s/files/1/0772/1192/6824/files/TBD0556407.jpg,capture card
prd_cb50fedf5d3d415ca39fb9d64c5c26f9,bashfashion,Ezcap 216 USB Audio Grabber Capture Card,25,25,USD,True,var_8b646325b4e742c6a13296f9d3f9371b,https://cdn.shopify.com/s/files/1/0772/1192/6824/files/EDA0056384.jpg,capture card
prd_c99a89b257f944e79ac6cf639c4827c1,bashfashion,Z29 HDMI Female to USB 2.0 Male + Audio VideoCapture Box,26,26,USD,True,var_da6f3d43731549e5845e65731ca92dd6,https://cdn.shopify.com/s/files/1/0772/1192/6824/files/TT8426.jpg,capture card
prd_e27010934c58472f90af76f695a5d2f2,bashfashion,USB 2.0 to HDMI 4K HD Video Capture with Loop (Black),24,24,USD,True,var_cef2eea0e7af48a4945c1f4204c3d4ae,https://cdn.shopify.com/s/files/1/0772/1192/6824/files/HDMI0154B.jpg,capture card
prd_bad4c54f143c4d55a32ad2fc576b78c1,Keychron,Keychron K8 Wireless Mechanical Keyboard,69.99,69.99,USD,True,var_75254c76dcd942ada6cdd5efa194a602,https://cdn.shopify.com/s/files/1/0059/0630/1017/products/Keychron-K8-tenkeyless-wireless-mechanical-keyboard-for-Mac-Windows-iOS-RGB-white-backlight-with-Gateron-switch-red.jpg,Keychron
prd_0e93776daa1c45769aaba1c93141f0a7,Keychron,Keychron Q1 Max QMK/VIA Wireless Custom Mechanical Keyboard,209.99,209.99,USD,True,var_055659354dc84c3a8ba614248221b654,https://cdn.shopify.com/s/files/1/0059/0630/1017/files/Keychron-Q1-Max-QMK-VIA-Wireless-Custom-Mechanical-Keyboard-75_-Layout-Aluminum-Black-Fully-Assembled-Knob-for-Mac-Windows-Linux-Gateron-Jupiter-Red.jpg,Keychron
prd_225cea19ea7f471a86b4167dd894dab4,Keychron,Keychron K10 HE Wireless Magnetic Switch Custom Keyboard,115.99,115.99,USD,True,var_9cb4d66f8d1744e68ddaa22eb335c1b1,https://cdn.shopify.com/s/files/1/0059/0630/1017/files/Keychron-K10-HE-Swappable-RGB-Backlight-Aluminum-Keycrhon-Ultra-Fast-Lime-Switch-Special-Edition-Black-3_b2dee0d4-efcc-4f1b-8c81-005e6d9cac46.jpg,Keychron
prd_39bc82c68a404eb4a23e35e7bb63a405,Keychron,Keychron Q6 Max QMK/VIA Wireless Custom Mechanical Keyboard,219.99,219.99,USD,True,var_acc8bc62cfe9497f947586b37bad9943,https://cdn.shopify.com/s/files/1/0059/0630/1017/files/Keychron-Q6-Max-QMK-VIA-Wireless-Custom-Mechanical-Keyboard-100_-Layout-Aluminum-Black-Fully-Assembled-Knob-for-Mac-Windows-Linux-Gateron-Jupiter-Red.jpg,Keychron
prd_3cecb2ca6be54f678b53c89f5784fde2,Keychron,Keychron Q6 Ultra 8K Wireless Custom Mechanical Keyboard,239.99,239.99,USD,True,var_f76b2f4fd8694496bb1207a8e6ccdee4,https://cdn.shopify.com/s/files/1/0059/0630/1017/files/Keychron-Q6-Ultra-8K-Wireless-Custom-Mechanical-Keyboard-Black-Keychron-Silk-POM-Switch-Red.jpg,Keychron
prd_5b76a2b1228e491791e136674ef40cad,Keychron,Keychron Q11 Ultra 8K Wireless Custom Mechanical Keyboard,239.99,239.99,USD,True,var_18d34964effe4cb08a90dce063387094,https://cdn.shopify.com/s/files/1/0059/0630/1017/files/Keychron-Q11-Ultra-8K-Wireless-Custom-Mechanical-Keyboard-Red.jpg,Keychron
prd_5ada430308f54dfba5007d84f705018f,Keychron,Keychron Q1 HE QMK Wireless Custom Keyboard,191.99,191.99,USD,True,var_35cf3c566d0347bfa00bc56136a16432,https://cdn.shopify.com/s/files/1/0059/0630/1017/files/Keychron-Q1-HE-QMK-Wireless-Custom-Keyboard-Carbon-Black.jpg,Keychron
prd_663c5ecc3b5140ce997cb32f21e10c87,Keychron,Keychron K3 HE Wireless Magnetic Switch Custom Keyboard,119.99,119.99,USD,True,var_e92a57f7aaf74ee0a251fe28ccc9425c,https://cdn.shopify.com/s/files/1/0059/0630/1017/files/Keychron-K3-HE-Swappable-RGB-Backlight---Black-_Special-Edition.jpg,Keychron
prd_033f854ee122431fab61c7a0633008ca,Keychron,Keychron K3 Pro QMK/VIA Wireless Custom Mechanical Keyboard,67.99,67.99,USD,True,var_2c40d0fe026346e2a29469addba370b3,https://cdn.shopify.com/s/files/1/0059/0630/1017/products/Keychron-K3-Pro-QMK-VIA-ultra-slim-custom-mechanical-keyboard-75-percent-layout-for-Mac-Windows-Linux-White-RGB-low-profile-Gateron-red.jpg,Keychron
prd_f42618bb01aa41cd8988c884395e0dbe,Keychron,Keychron Q5 Max QMK/VIA Wireless Custom Mechanical Keyboard,219.99,219.99,USD,True,var_4e1d7e0e140b43fbbd9e1a3ddcc33b14,https://cdn.shopify.com/s/files/1/0059/0630/1017/files/Keychron-Q5-Max-QMK-VIA-Wireless-Custom-Mechanical-Keyboard-96_-Layout-Aluminum-Black-Fully-Assembled-Knob-for-Mac-Windows-Linux-Gateron-Jupiter-Red.jpg,Keychron
prd_690f05b3214e4860b0d4a6359f8c8da1,Keychron,Keychron Q3 Max QMK/VIA Wireless Custom Mechanical Keyboard,183.99,183.99,USD,True,var_2672654182334aa9899209791a528151,https://cdn.shopify.com/s/files/1/0059/0630/1017/files/Keychron-Q3-Max-QMK-VIA-Wireless-Custom-Mechanical-Keyboard-80-percent-Layout-Aluminum-Black-Fully-Assembled-Knob-for-Mac-Windows-Linux-Gateron-Jupiter-Red.jpg,Keychron
prd_4c57795c9c5c437c8fdcc3c631a40171,Keychron,Keychron Q13 Ultra 8K Wireless Custom Mechanical Keyboard,249.99,249.99,USD,True,var_a8ea180a283b4ebe846d6a2c3e459e19,https://cdn.shopify.com/s/files/1/0059/0630/1017/files/Q13-Ultra-8K-Wireless-Hot-swappable-RGB-Backlight-Red-Switch-Black.jpg,Keychron
prd_19425c25816a470c91a565c2272359e8,Keychron,Keychron V6 Max QMK/VIA Wireless Custom Mechanical Keyboard,109.99,109.99,USD,True,var_cea38f7924234d60b40c922ccad6be90,https://cdn.shopify.com/s/files/1/0059/0630/1017/files/Keychron-V6-Max-QMK-Wireless-Custom-Mechanical-Keyboard-full-size-Layout-Fully-Assembled-Knob-for-Mac-Windows-Linux-Gateron-Jupiter-Red.jpg,Keychron
prd_0f59d193d8c1424abfba17679ff7db1a,Keychron,Keychron K4 HE Wireless Magnetic Switch Custom Keyboard,115.99,115.99,USD,True,var_1d64ef5e50d24a73b46fe8f19ca78ed6,https://cdn.shopify.com/s/files/1/0059/0630/1017/files/Keychron-K4-HE-96-Percent-Layout-Wireless-Magnetic-Switch-Custom-Keyboard-Special-Edition-Wooden-Black-RGB-Backlight-Double-Shot-PBT-Keycaps-Ultra-fast_Lime_Magnetic_Switch.jpg,Keychron
prd_cbf133a33cf54b70bde4c46a8f12a35d,Keychron,Keychron K8 HE Wireless Magnetic Switch Custom Keyboard,139.99,139.99,USD,True,var_1b3e2906572c4e31b2f3459024fab9af,https://cdn.shopify.com/s/files/1/0059/0630/1017/files/Keychron-K8-HE-Swappable-RGB-Backlight-Aluminum-Nebula-Switch-Special-Edition-Black.jpg,Keychron
prd_813721b8303e4c53b895c0dbf81e2776,Keychron,Keychron K2 HE Wireless Magnetic Switch Custom Keyboard - Concrete Edition,199.99,199.99,USD,True,var_fab76effd8b74327a088f3217434f221,https://cdn.shopify.com/s/files/1/0059/0630/1017/files/Keychron-K2-HE-Wireless-Magnetic-Switch-Custom-Keyboard-Concrete-Edition.jpg,Keychron
prd_0b285e74a34a493180a7dd6f2f6abd88,Keychron,Keychron Q1 Ultra 8K Wireless Custom Mechanical Keyboard,229.99,229.99,USD,True,var_d3cec2c0547848cb91414f68eb133e7a,https://cdn.shopify.com/s/files/1/0059/0630/1017/files/Q1-Ultra-8K-Wireless-Hot-swappable-RGB-Backlight-Red-Switch---Black.jpg,Keychron
prd_fa720ceae3ea40a6963e7785aed2bc00,Keychron,Keychron K5 Ultra 8K Wireless Custom Mechanical Keyboard,103.49,103.49,USD,True,var_b48492359e47488990e8a2c3ba8d320e,https://cdn.shopify.com/s/files/1/0059/0630/1017/files/Keychron-K5-Ultra-8K-Wireless-Custom-Mechanical-Keyboard-red.jpg,Keychron
prd_0ec5faf2c97443d19c6e2f072b1c757b,Keychron,Keychron Q6 HE QMK Wireless Custom Keyboard,249.99,249.99,USD,True,var_55aafccf1454486389008fdde8abf4eb,https://cdn.shopify.com/s/files/1/0059/0630/1017/files/Keychron-Q6-HE-QMK-Wireless-Custom-Keyboard-Full-Aluminum-Carbon-Black-Frame-Double-Rail-Magnetic-Nebula-Switch1.jpg,Keychron
prd_5f048d55a78f46aea1062ae79d103c47,Keychron,Keychron K15 Max (Alice Layout) QMK Wireless Custom Mechanical Keyboard,99.99,99.99,USD,True,var_8403cab5a31d40daac81a2a97cc80293,https://cdn.shopify.com/s/files/1/0059/0630/1017/files/Keychron-K15-Max-ultra-slim-wireless-custom-mechanical-keyboard-Gateron-Red.jpg,Keychron
prd_e105ae4c07f54369ba4b6d7a6f2a5b25,Keychron,Keychron Q8 Max (Alice Layout) QMK/VIA Wireless Custom Mechanical Keyboard,219.99,219.99,USD,True,var_519454a75c0e43ddb255ef51d65a796e,https://cdn.shopify.com/s/files/1/0059/0630/1017/files/Keychron-Q8-Max-QMK-VIA-Wireless-Custom-Mechanical-Keyboard-65-Percent-Alice-Layout-Aluminum-Black-Fully-Assembled-Knob-for-Mac-Windows-Linux-Gateron-Jupiter-Red.jpg,Keychron
prd_8c9d884dadee4458ae86e84ecc41febc,Keychron,Keychron Q11 QMK Custom Mechanical Keyboard,204.99,204.99,USD,True,var_ecfddfaf63e349918caa9c5302d1a7b0,https://cdn.shopify.com/s/files/1/0059/0630/1017/files/Keychron-Q11-QMK-VIA-75-percent-split-custom-mechanical-keyboard-full-aluminum-frame-for-Mac-Window-Linux-fully-assembled-knob-black-Keychron-super-switch-red.jpg,Keychron
prd_4a9d6c1cf4c741168f83d8cbb8bdede3,Keychron,Keychron Q3 Ultra 8K Wireless Custom Mechanical Keyboard,229.99,229.99,USD,True,var_01c311fe28404596a017a91036a4e82a,https://cdn.shopify.com/s/files/1/0059/0630/1017/files/Q3-Ultra-8K-Wireless-Hot-swappable-RGB-Backlight-Red-Switch---Black.jpg,Keychron
prd_fdbdc8bb76744a96876fac389a6630bd,Keychron,Keychron K3 Ultra 8K Wireless Custom Mechanical Keyboard,109.99,109.99,USD,True,var_3b320ace231f44c3a60a3bb41c3c9416,https://cdn.shopify.com/s/files/1/0059/0630/1017/files/Keychron-K3-Ultra-8K-Wireless-Custom-Mechanical-Keyboar-Red.jpg,Keychron
prd_107e2c860c2a44f588cee31ea1a21e28,Keychron,Keychron K2 HE Wireless Magnetic Switch Custom Keyboard - Resin Edition,199.99,199.99,USD,True,var_4a15fc36e60b45efb21e66f81bbfbff2,https://cdn.shopify.com/s/files/1/0059/0630/1017/files/Keychron-K2-HE-Wireless-Magnetic-Switch-Custom-Keyboard-Resin-Edition.jpg,Keychron
prd_8327271ca1f24205b583fbd6906501a4,Keychron,Keychron V5 Max QMK/VIA Wireless Custom Mechanical Keyboard,95.99,95.99,USD,True,var_f393b4b49ca5434290249c92b0c1b077,https://cdn.shopify.com/s/files/1/0059/0630/1017/files/Keychron-V5-Max-QMK-Wireless-Custom-Mechanical-Keyboard-96-Percent-Layout-Fully-Assembled-Knob-for-Mac-Windows-Linux-Gateron-Jupiter-Red.jpg,Keychron
prd_420fdb7a734a4b8a8d96d8997b15ee00,Keychron,Keychron V6 Ultra 8K Wireless Custom Mechanical Keyboard,119.99,119.99,USD,True,var_f6335d839528424985873ae8c8dae04d,https://cdn.shopify.com/s/files/1/0059/0630/1017/files/V6-Ultra-8K-Red-switch.jpg,Keychron
prd_9e5b9d280dda4614a2d80ea14a4d48f5,Keychron,Keychron K10 Max QMK Wireless Mechanical Keyboard,119.99,119.99,USD,True,var_aa9891b1ad6e48a29d755d5056fa0302,https://cdn.shopify.com/s/files/1/0059/0630/1017/files/Keychron-K10-Max-QMK-Wireless-Custom-Mechanical-Keyboard-RGB-Backlight-100percent-Layout-Fully-Assembled-for-Mac-Windows-Linux-Hot-Swappable-Keychron-Super-Red_b06b146f-bf56-4940-98f6-848c115aa258.jpg,Keychron
prd_9a68d98dcfa74c4f91dcff13a9a6a56e,Keychron,Keychron Q6 HE 8K Magnetic Switch Keyboard,239.99,239.99,USD,True,var_705b546290fa4acd868c6cf4aab41f74,https://cdn.shopify.com/s/files/1/0059/0630/1017/files/Keychron_Q6_HE_8K_Magnetic_Switch_Keyboard_Fully_Assembled_Knob_Black_Keychron_Ultra-fastLime_Magnetic_Switch.jpg,Keychron
prd_3819c80e2ded434f8246452a25cd54a0,Keychron,Keychron K17 Max QMK Wireless Custom Mechanical Keyboard,94.99,94.99,USD,True,var_47fd9a071bff4b4785773520c3eb8653,https://cdn.shopify.com/s/files/1/0059/0630/1017/files/Keychron-K17-Max-QMK-VIA-Wireless-Custom-Mechanical-Keyboard-96-Percent-Layout-Fully-Assembled-for-Mac-Windows-Linux-Gateron-Low-Profile-Red.jpg,Keychron
prd_dcc793680e3b48d29dda359ddd046b91,Keychron,Keychron K10 Ultra 8K Wireless Custom Mechanical Keyboard,114.99,114.99,USD,True,var_62906094d5a0470ab207a2b7144e4008,https://cdn.shopify.com/s/files/1/0059/0630/1017/files/Keychron-K10-Ultra-8K-Apex-Switch-Red.jpg,Keychron
prd_056e902507d543189a45b51f7c3fc6ac,Switch Electronics | Your One Stop Component Shop,Arduino® Uno Rev3,28.36,28.36,USD,True,var_278325e202524584ab56317499223f6a,https://cdn.shopify.com/s/files/1/0695/1347/8453/files/80c3832e-5c64-4bcb-988f-49e9ecabc149.jpg,Arduino
prd_e0592138c2074294a615db9ca5c1721e,Switch Electronics | Your One Stop Component Shop,Arduino® Mega 2560 Rev3,51.29,51.29,USD,True,var_5f69d3a43faa40c5a83ec294e50bf30c,https://cdn.shopify.com/s/files/1/0695/1347/8453/files/31de4614-a3b7-4a42-9102-2f58af7ad455.jpg,Arduino
prd_4eaefd80f2594eb5a0e105a5c1a33a5a,Switch Electronics | Your One Stop Component Shop,Arduino® Nano 33 BLE Sense Rev2 with headers,53.08,53.08,USD,True,var_523c339af7da4273acb556926fc15180,https://cdn.shopify.com/s/files/1/0695/1347/8453/files/c0f1b4b2-5ffa-4559-8080-a9f1b5ceff16.jpg,Arduino
prd_68c1622086904dd08f99cab7873e4f2e,Switch Electronics | Your One Stop Component Shop,Arduino® Nano,25.94,25.94,USD,True,var_c4e93f901b9d4f92a8c3e567cfc7023a,https://cdn.shopify.com/s/files/1/0695/1347/8453/files/de15846c-6efc-4745-8dee-baf1cc2fd0f7.jpg,Arduino
prd_ba2c02318da74799b49f7c06acae815b,Switch Electronics | Your One Stop Component Shop,Arduino® UNO R4 Minima,22.32,22.32,USD,True,var_820562eb413348f88825e66122b11865,https://cdn.shopify.com/s/files/1/0695/1347/8453/files/0dfdc6a7-dcc7-4f44-b863-77f25c051acc.jpg,Arduino
prd_a604e513a4194d138300ec6c6e133e9e,Switch Electronics | Your One Stop Component Shop,Arduino® Nano 33 BLE Sense Rev2,51.88,51.88,USD,True,var_8f68c39fe0b342fbb843e49b7ca80256,https://cdn.shopify.com/s/files/1/0695/1347/8453/files/d4d0293f-39e8-4adf-b75b-b57d329edce7.jpg,Arduino
prd_69b2501d435f4e378aed9ec51ef6c6fe,Switch Electronics | Your One Stop Component Shop,Arduino® MKR WiFi 1010,42.23,42.23,USD,True,var_afde457345134b53809e5fa1ebc3e579,https://cdn.shopify.com/s/files/1/0695/1347/8453/files/578985c0-adc1-49be-912e-c268a5773956.jpg,Arduino
prd_e18a6d47a7394522ba84fca8d2c709af,Switch Electronics | Your One Stop Component Shop,Arduino® Nano 33 IoT,27.75,27.75,USD,True,var_a8825a16773e431db5844d1c4a2d0d41,https://cdn.shopify.com/s/files/1/0695/1347/8453/files/aa20ab47-39bf-4418-8945-a3e9498189d2.jpg,Arduino
prd_6aab13e8edb14fba97022337a16e678a,Switch Electronics | Your One Stop Component Shop,Arduino® Uno Rev3 SMD,27.75,27.75,USD,True,var_47fa3259af1048b6b1c95a490a87d6fd,https://cdn.shopify.com/s/files/1/0695/1347/8453/files/35d7fe35-9799-4eca-b49a-d4687a11cbee.jpg,Arduino
prd_f816da56358c4e4b8b57462448761b83,Switch Electronics | Your One Stop Component Shop,Arduino® Leonardo,25.94,25.94,USD,True,var_9876447a9d764fbd93bcf0724cbaa606,https://cdn.shopify.com/s/files/1/0695/1347/8453/files/6cbace71-5106-438b-a025-0717e022850c.jpg,Arduino
prd_d5bed5cfff424111a427f7a1a5e6b4a9,Switch Electronics | Your One Stop Component Shop,Arduino® Leonardo without Headers,24.13,24.13,USD,True,var_ed91ef8578f74063840efa69a84360c8,https://cdn.shopify.com/s/files/1/0695/1347/8453/files/e34a3ef2-e6e1-4b78-afac-0972227fb173.jpg,Arduino
prd_a780226d5b7a44078eabb9913b5b5e69,Switch Electronics | Your One Stop Component Shop,Arduino® Nano ESP32,22.93,22.93,USD,True,var_730efd6c6cf441528d566db6f28338e4,https://cdn.shopify.com/s/files/1/0695/1347/8453/files/aed73b1d-3383-43b8-b02d-8016a7e8aaf7.jpg,Arduino
prd_a344e785ab75481298ce98ea26723f6c,Switch Electronics | Your One Stop Component Shop,Arduino® UNO WiFi REV2,55.5,55.5,USD,True,var_044646eec4384d3dbe4d8a5418bc979d,https://cdn.shopify.com/s/files/1/0695/1347/8453/files/24f1559a-502c-4b0f-be2a-eb1ea1347c08.jpg,Arduino
prd_ec3294739db7475e9375b51c025d8eae,Switch Electronics | Your One Stop Component Shop,Arduino® Nano Every,15.09,15.09,USD,True,var_e79d6f168cf74f68b9699eacdb25bbbb,https://cdn.shopify.com/s/files/1/0695/1347/8453/files/ea84470f-3bdb-4908-b00d-745c5b89e342.jpg,Arduino
prd_e3a8572abdb6468f81e52ad73e3004bb,Switch Electronics | Your One Stop Component Shop,Arduino® Due without Headers,48.87,48.87,USD,True,var_a807c040d84d4f63bee838bd3e1279ac,https://cdn.shopify.com/s/files/1/0695/1347/8453/files/d1ceb83b-b36e-4c6f-a650-e900401119e4.jpg,Arduino
prd_25f253cc35cc4357b563f3a6cfad4807,Switch Electronics | Your One Stop Component Shop,Arduino® Portenta H7 Lite Connected,111,111,USD,True,var_0baa126b804d426ea2354f9106e300e1,https://cdn.shopify.com/s/files/1/0695/1347/8453/files/c18f4081-d313-4f26-a042-3683b8b6673f.jpg,Arduino
prd_ba5842fcffba4c8a956c6e8aa2b94915,Switch Electronics | Your One Stop Component Shop,Arduino® Due,50.08,50.08,USD,True,var_406aa7a0071d4513bc0fa01ea7be606f,https://cdn.shopify.com/s/files/1/0695/1347/8453/files/9a57d03e-9411-46d8-ba8a-dde9459e99de.jpg,Arduino
prd_44a716f780c04014938500781eeb01d1,Switch Electronics | Your One Stop Component Shop,Arduino® Micro,26.55,26.55,USD,True,var_97cf7118a48542178d44ac2981ffd453,https://cdn.shopify.com/s/files/1/0695/1347/8453/files/221e3d61-cbd4-434e-b24e-1958c3327d49.jpg,Arduino
prd_16ba03f7cca64c7cac578ca7f4ff4a97,Switch Electronics | Your One Stop Component Shop,Arduino® Zero,43.44,43.44,USD,True,var_0a1832ced3674ee5aa8b11c1dda63d44,https://cdn.shopify.com/s/files/1/0695/1347/8453/files/aac7b9b2-5603-402d-a6f6-d65ef363b7b6.jpg,Arduino
prd_b4406cf66298427584927a73173c544b,Switch Electronics | Your One Stop Component Shop,Arduino® MKR WAN 1310,48.26,48.26,USD,True,var_1642d52fb84b4e41b6de8a543059bdc4,https://cdn.shopify.com/s/files/1/0695/1347/8453/files/b6c46aa8-12b3-48b9-b2ab-bae6c287ae81.jpg,Arduino
prd_8823e6a82c834eb990a86b8fe7cb8e41,Switch Electronics | Your One Stop Component Shop,Arduino® Portenta C33,78.42,78.42,USD,True,var_aef6fe2606504503af3f641b9c16cfff,https://cdn.shopify.com/s/files/1/0695/1347/8453/files/bb4b29f0-e0e3-4cdc-88f2-48c5b3e68147.jpg,Arduino
prd_0aef0bc1f7a74a15ac92f10d8108dcac,Switch Electronics | Your One Stop Component Shop,Arduino® Micro without headers,24.13,24.13,USD,True,var_078505f2c41d4eecbf59ec1add372c34,https://cdn.shopify.com/s/files/1/0695/1347/8453/files/d2a543d8-6a44-4d8f-9039-ebbd7c928fd0.jpg,Arduino
prd_50f693836f9f4b0fa83f6c36fc397ee4,Switch Electronics | Your One Stop Component Shop,48W Temperature Adjustable Soldering Iron Station,17.01,17.01,USD,True,var_d31d6b32846541b083fd4c5fae61fe7c,https://cdn.shopify.com/s/files/1/0695/1347/8453/files/c837ee44-6761-48a6-b6fa-4746ec316c57.jpg,soldering
prd_42cb6a24d6194576a41df3cbd25d3f19,Switch Electronics | Your One Stop Component Shop,ST-2090D 80W Variable Temperature Soldering Station Atten,51.64,51.64,USD,True,var_6f33213e4f424bddac7b1954b391ad31,https://cdn.shopify.com/s/files/1/0695/1347/8453/files/02f0310b-d8af-4e25-9f66-73d487a81725.jpg,soldering
prd_f204ad03cb10499f80b39c594c1cb019,Switch Electronics | Your One Stop Component Shop,9pc 60W Adjustable Temperature Soldering Iron Starter Kit,17.56,17.56,USD,True,var_4a760ad99f474de8b1f1b47e781e60f6,https://cdn.shopify.com/s/files/1/0695/1347/8453/files/6c035933-b4bb-46fe-84a3-ef3ac5ebb54f.jpg,soldering
prd_7d609ffdf4d344918aa8593029196b93,Switch Electronics | Your One Stop Component Shop,IRODA SolderPro 120K Cordless Butane Gas Soldering Iron 4-in-1 Kit 30-120W,79.13,79.13,USD,True,var_3372d6ad2ecd455ca1964e8561dd4f90,https://cdn.shopify.com/s/files/1/0695/1347/8453/files/b6ed64f8-b99c-49ef-90b4-037bfc9fe2e3.jpg,soldering
prd_fc8379f9475a46839af68b8e22c51b8d,Switch Electronics | Your One Stop Component Shop,ST-8802 Dual Channel Soldering / Hot Air Rework Station ATTEN,191.53,191.53,USD,True,var_61bf622d889844d59828f3c52a38ac98,https://cdn.shopify.com/s/files/1/0695/1347/8453/files/a5e6d76a-c293-44a0-b050-aff1ac2d7088.jpg,soldering
prd_b7b224d9db664b5cadd2396b7eee6dfa,Switch Electronics | Your One Stop Component Shop,130W High Power Digital Professional Soldering Station ST-1509 ATTEN,200.61,200.61,USD,True,var_bd6c6b2ea670409c95f395f4b711138b,https://cdn.shopify.com/s/files/1/0695/1347/8453/files/b59a8ce7-0512-4f70-9330-273f8194fc47.jpg,soldering
prd_0e9675e8dc0a469296e142b8cf9f7a6b,Switch Electronics | Your One Stop Component Shop,ST-2080D Soldering Iron with LCD 80W ATTEN,36.67,36.67,USD,True,var_a09b4989314c4bc689bd63bf1560be74,https://cdn.shopify.com/s/files/1/0695/1347/8453/files/0bcecbdb-7c1d-440a-bbb4-a1a62f24ad47.jpg,soldering
prd_071efecfd62c4139bbf01b47bd3a9a6c,Switch Electronics | Your One Stop Component Shop,AT-989D 65W Digital Soldering Station ESD Safe ATTEN,75.67,75.67,USD,True,var_4c48bf106b834bff8da2b4aee00cf55c,https://cdn.shopify.com/s/files/1/0695/1347/8453/files/855efa99-6993-487e-afd4-84c95c233e6a_527d65a5-a311-42fd-9bdc-2756c92f2c50.jpg,soldering
prd_fc02b480b278481a8f0cd2cdb2ab113f,Switch Electronics | Your One Stop Component Shop,ST-2150D Soldering Iron with LCD Display 150W ATTEN,39.67,39.67,USD,True,var_22c69067d0a34b1189649b7af60f56b7,https://cdn.shopify.com/s/files/1/0695/1347/8453/files/40b1db24-c16e-49c2-864d-a04aa049131f.jpg,soldering
prd_eabb402f19c74815819caf7e594d3039,Switch Electronics | Your One Stop Component Shop,Mini 10W Soldering Station 100-450 °C,16.25,16.25,USD,True,var_519b4ddf473349a6aa63b9ec3dd48a0c,https://cdn.shopify.com/s/files/1/0695/1347/8453/files/924780f5-07f2-48ba-a798-cb1c94fe9507.jpg,soldering
prd_0191b927deb4407d9dbb324208d22636,Switch Electronics | Your One Stop Component Shop,AT-969 60W Soldering Station ESD Safe ATTEN,48.72,48.72,USD,True,var_4adba172cffe410d8ab8964df05aec7b,https://cdn.shopify.com/s/files/1/0695/1347/8453/files/985bfbfa-e499-476c-95d8-5c9472c58353_5e8a5527-0a19-405a-992e-355a317db70c.jpg,soldering
prd_de6f480712074bf0b361cd8fc9e682ea,Switch Electronics | Your One Stop Component Shop,150W High Power Digital Professional Soldering Station ST-1509 ATTEN,205.9,205.9,USD,True,var_a0254ad52745467c9060b066c95be540,https://cdn.shopify.com/s/files/1/0695/1347/8453/files/2b5d2529-c60e-4336-a201-1ab3ddcbaff7.jpg,soldering
prd_802d2c646ba74396964eedc63fcac298,Switch Electronics | Your One Stop Component Shop,ST-2065D Soldering Iron with LCD 65W ESD Safe ATTEN,31.59,31.59,USD,True,var_732242fdbdcf4f74a7ace271748137c2,https://cdn.shopify.com/s/files/1/0695/1347/8453/files/1e9e0ed1-5e9f-48ca-bbb6-f4b8250c6e5d.jpg,soldering
prd_1120b34b5bc746c0a9200bf952a73918,Switch Electronics | Your One Stop Component Shop,4 Piece 30W Soldering Iron Starter Kit,14.12,14.12,USD,True,var_db9fd39b9b814b48b4676f8545568541,https://cdn.shopify.com/s/files/1/0695/1347/8453/files/4496a2ce-1e28-41d1-bd7a-f28320993ddf.jpg,soldering
prd_53de2ff8044f4317a209b57c21830a06,Switch Electronics | Your One Stop Component Shop,2 in 1 Digital Soldering Rework Station ST-8902D ATTEN,252.49,252.49,USD,True,var_a135033ae9f54b41a78f03a1c8e22a28,https://cdn.shopify.com/s/files/1/0695/1347/8453/files/8bc0807d-1c69-4416-8f18-8a7c98c96968.jpg,soldering
prd_daf760bea8d24b61ac99c896f9c2f768,Switch Electronics | Your One Stop Component Shop,S58J470 XS25 230V 25W Soldering Iron Antex,42.55,42.55,USD,True,var_ec6c1cb22c874e37bf9ad4ac41b5b797,https://cdn.shopify.com/s/files/1/0695/1347/8453/files/db45aa74-6301-4003-869d-b959b4a8b53d.jpg,soldering
prd_40ac4aab0e404d408d1c837386bb2efe,Switch Electronics | Your One Stop Component Shop,ST-60 Premium Digital Soldering Station 60W ESD Safe ATTEN,105.33,105.33,USD,True,var_890746a99f794a28bf4dd73ec4b52799,https://cdn.shopify.com/s/files/1/0695/1347/8453/files/f3c86ee4-0274-46ef-b7d8-2bb2928b13ed.jpg,soldering
prd_a177f76f4c53445f91886a3381010838,Switch Electronics | Your One Stop Component Shop,MS-300 3 in 1 Soldering / Power Supply / Hot Air Rework Station ATTEN,377.07,377.07,USD,True,var_f71437ecfd7d4c3892e6aa5f76305399,https://cdn.shopify.com/s/files/1/0695/1347/8453/files/0f65e615-2249-466e-9e7c-5c85be74152c_9cb72e52-b351-4912-9c7f-4e37f600768d.jpg,soldering
prd_7561dd261b074f19a01551209959201d,bashfashion,"FNIRSI 9pcs/ Set Mini Soldering Station Digital Display Constant Temperature Smart Soldering Iron, Color: Black Standard 6 Heads",86,86,USD,True,var_34ac7080ec8e4c9088bffb075070a057,https://cdn.shopify.com/s/files/1/0772/1192/6824/files/TBD0604239604.jpg,soldering
prd_3a6d3d6a7614461dbbede116cbd50e82,Switch Electronics | Your One Stop Component Shop,ST-80 Premium Digital Soldering Station 80W ESD Safe ATTEN,126.41,126.41,USD,True,var_96e589fc7aa84a2489dc1069bd975648,https://cdn.shopify.com/s/files/1/0695/1347/8453/files/41357ae5-1f1f-4ae4-8459-aadac2e09c6a.jpg,soldering
prd_e219598d394749a5a10d65efcec5c9c1,Switch Electronics | Your One Stop Component Shop,40W Mains Powered Soldering Iron W/Stand,7.08,7.08,USD,True,var_2c6a01d39a0d4cabaf0053f1f750f0b5,https://cdn.shopify.com/s/files/1/0695/1347/8453/files/240e2caf-43bb-4bba-9264-debef9cb7dfc_5a394ad1-4f8e-49a4-9254-e0cf85e5bb85.jpg,soldering
prd_2195384c6d8549c48bd830e45526b2d5,Switch Electronics | Your One Stop Component Shop,30W Mains Powered Soldering Iron W/Stand,7.08,7.08,USD,True,var_10e719d50856403e90aae4e340eec30a,https://cdn.shopify.com/s/files/1/0695/1347/8453/files/260794f7-bb15-4514-be41-1d62b069aa6f.jpg,soldering
prd_ba6f2d4bca724d369f7cb9107fefff4f,Switch Electronics | Your One Stop Component Shop,60W Temperature Adjustable Soldering Iron W/Stand 480°C,10.98,10.98,USD,True,var_e81902389fb64821b9575476f67eb562,https://cdn.shopify.com/s/files/1/0695/1347/8453/files/2286c7ad-7c2b-4955-a70f-59ecd28c8203.jpg,soldering
prd_517e1e63a7ca45418e41c8b00c799d9d,Switch Electronics | Your One Stop Component Shop,ST-100 Premium Digital Soldering Station 100W ESD Safe ATTEN,173.83,173.83,USD,True,var_210addbb619049b086b7becc5f983ade,https://cdn.shopify.com/s/files/1/0695/1347/8453/files/a61f9e28-1aec-41a2-9650-3c0912aa4860.jpg,soldering
prd_0762ba2b429c416eaf439b15f0966ee9,Switch Electronics | Your One Stop Component Shop,8W Battery Powered Portable Soldering Iron,7.61,7.61,USD,True,var_d4dbeda14ac44f71b4f892abd4e2498c,https://cdn.shopify.com/s/files/1/0695/1347/8453/files/a0edb56b-350b-4aa9-a0f9-e9afc13f970c.jpg,soldering
prd_42a95fd163c649f0b68b332ba48e65dc,Switch Electronics | Your One Stop Component Shop,IRODA SolderPro 50K Cordless Butane Gas Soldering Iron 4-In-1 Kit 30-70W,41.95,41.95,USD,True,var_e8ec4eed006e41b29b0c5077dfcd210f,https://cdn.shopify.com/s/files/1/0695/1347/8453/files/bfa4b893-9ece-4bed-9aff-2327ba499a5b.jpg,soldering
prd_049fc04a8e3a4c30ae538961477d2811,Switch Electronics | Your One Stop Component Shop,100W High Power Digital Professional Tweezers Soldering Station ST-1509-N100 ATTEN,212.46,212.46,USD,True,var_b46977b2e63c43f9a68b486bc5787afb,https://cdn.shopify.com/s/files/1/0695/1347/8453/files/650a9a4c-856f-48cc-b518-93c209769e41.jpg,soldering
prd_8e0f53d2984a4c868bacca3f1b976b94,Switch Electronics | Your One Stop Component Shop,IRODA SolderPro 120 Cordless Butane Gas Soldering Iron 30-120W,54.72,54.72,USD,True,var_2bc3b40b601747e787215da0e00b1e30,https://cdn.shopify.com/s/files/1/0695/1347/8453/files/ebb7e628-db57-4984-a026-86b6b3036fc0.jpg,soldering
prd_0b0c1b06e90242228142db12d3bbabf1,Switch Electronics | Your One Stop Component Shop,50W Digital Adjustable Temperature Soldering Station 160°C to 480°C,49.19,49.19,USD,True,var_45b8e6c9f2114073b0301a8125b30eca,https://cdn.shopify.com/s/files/1/0695/1347/8453/files/bec4ac3d-14a7-4bd1-90ad-5c0b0e01b5c5.jpg,soldering
prd_b657e7bdc8c84df8814db5bbf07dd114,Mavigadget,Professional DIY Rechargeable Cordless Soldering Tool,32.95,32.95,USD,True,var_a4b1f878ffc1439b942c590bfe337e2e,https://cdn.shopify.com/s/files/1/0629/4939/2444/files/raw_17.jpg,soldering
prd_3aa1e35dac6a4afba5d2efe9c5a8dcf3,Switch Electronics | Your One Stop Component Shop,IRODA PRO-25LK Professional Rechargeable Soldering Iron Kit 30W,99.25,99.25,USD,True,var_fe59c420898d4777a37ea83f20c53db6,https://cdn.shopify.com/s/files/1/0695/1347/8453/files/24920e1e-c7fb-4d49-beb6-fb228604d903.jpg,soldering
prd_9eba24117b0345a0bbc84b1513eec00b,Mavigadget,Portable USB Soldering DIY Iron Kit,39.95,39.95,USD,True,var_842645858e8f48ef9b9972328453d02b,https://cdn.shopify.com/s/files/1/0629/4939/2444/files/S6e60f356ab704f0aad9af72312157d49z.webp,soldering
prd_dc690cdc27474224b61ddf56c90f80c8,Switch Electronics | Your One Stop Component Shop,S172470 M12 230V 12W Soldering Iron Antex,39.07,39.07,USD,True,var_8ced9e70b87f49679365652359ff277b,https://cdn.shopify.com/s/files/1/0695/1347/8453/files/0d9294d9-502b-42ea-86aa-fe9de0d7ba7b.jpg,soldering
prd_ddeec537704f4066acbe0ec5840a2c9b,Switch Electronics | Your One Stop Component Shop,48W Digital Temperature Adjustable ESD Safe Soldering Iron Station,60.41,60.41,USD,True,var_ccee8d114339442fbd4c794e5cd31404,https://cdn.shopify.com/s/files/1/0695/1347/8453/files/1a6799b7-dcaa-4d50-87f3-6da2d6574706.jpg,soldering
prd_067107772d43458aad7ab4107e0387cc,bashfashion,60W Adjustable Temperature Electric Soldering Iron Kit + 5 PCS Tips Portable Welding Repair Tool Tweezers Hobby knife(Orange),36,36,USD,True,var_b19f8f40c2fb422fa762a9842bc64ea3,https://cdn.shopify.com/s/files/1/0772/1192/6824/files/TBD052935002A.jpg,soldering
prd_38f0c1f7f6524ac48e33395f387e209e,bashfashion,FNIRSI HS-01 Smart Soldering Iron Digital Display Portable Mini Soldering Station(Black BC2),57,57,USD,True,var_c75259166408485c923a9b576b8c00d3,https://cdn.shopify.com/s/files/1/0772/1192/6824/files/TBD0603560101B.jpg,soldering
prd_8c659f682b594c5f8ff5ef7f274bdb3d,Switch Electronics | Your One Stop Component Shop,GT-6090A 90W Professional Intelligent Soldering Station ATTEN,431.54,431.54,USD,True,var_38e68109abc2455993a61162d9f6303e,https://cdn.shopify.com/s/files/1/0695/1347/8453/files/b62982e4-aeee-4508-b02f-f01b15b2092c.jpg,soldering
prd_167c07afe6f9453ba72427dfd9cccd39,bashfashion,FNIRSI HS-01 Smart Soldering Iron Digital Display Portable Mini Soldering Station(Blue KR),57,57,USD,True,var_59bf829e4e3b4c3893dca994527ca640,https://cdn.shopify.com/s/files/1/0772/1192/6824/files/TBD0603560101A.jpg,soldering
prd_291ce249f3264fb9ba1264c08db8def1,bashfashion,"FNIRSI Portable Constant Temperature Soldering Iron Set, Model: HS-02B Standard 3 Head",73,73,USD,True,var_744af1a4c63648139d0a0810f3ca1b4e,https://cdn.shopify.com/s/files/1/0772/1192/6824/files/TBD0604840608.jpg,soldering
prd_9de585d92b864956bff015b1999a6282,bashfashion,"FNIRSI Portable Constant Temperature Soldering Iron Set, Model: HS-02A Standard-B Round Tip",63,63,USD,True,var_c9b9a235f2b04392850da1c43d4bfd38,https://cdn.shopify.com/s/files/1/0772/1192/6824/files/TBD0604840601.jpg,soldering
prd_3fe1bb261c6743dfa6337b5df1082546,bashfashion,"FNIRSI 9pcs/ Set Mini Soldering Station Digital Display Constant Temperature Smart Soldering Iron, Color: Black BC2 with Power Supply",87,87,USD,True,var_de1fa1c70eaa4ff2a4d83aad0643a6b0,https://cdn.shopify.com/s/files/1/0772/1192/6824/files/TBD0604239606.jpg,soldering
prd_382de2013f2e491cb89c628c6ee863ac,bashfashion,MINIWARE TS101 PD DC Soldering Iron 90W Portable Soldering Pen(With KU Soldering Iron Head),110,110,USD,True,var_a4542683beb84c298f8103527fe5bd69,https://cdn.shopify.com/s/files/1/0772/1192/6824/files/TBD0603612101D.jpg,soldering
prd_85632601770e4932889f0e95560ecfc9,Switch Electronics | Your One Stop Component Shop,Battery DC Temperature Adjustable Soldering Iron Pen Rechargeable,23.56,23.56,USD,True,var_d4e4b9db450149d6ab79d5abc9e1d1bc,https://cdn.shopify.com/s/files/1/0695/1347/8453/files/e82bee8e-5d5e-4483-a990-9f811603e9b8.jpg,soldering
prd_6022b77eea674ff09cb082d37e28280f,Switch Electronics | Your One Stop Component Shop,SQ8W270 HP80 230V 80W Soldering Iron Antex,31.37,31.37,USD,True,var_b27a8f436e1b494a9d36daab94a9686d,https://cdn.shopify.com/s/files/1/0695/1347/8453/files/bf609273-37dc-4320-80a2-368eda156a3e.jpg,soldering
prd_d7a50fa6ca4a4cad9a811b9f5191f7ba,bashfashion,"SUGON T21 Constant Temperature Soldering Station 120W High Power Soldering Iron With I/IS/K Tip Nozzle, Spec: 115 Handle(US Plug)",174,174,USD,True,var_ef0e6022d904401cb48fbf28a75f593c,https://cdn.shopify.com/s/files/1/0772/1192/6824/files/TBD0605655403B.jpg,soldering
prd_b685a7c6742143f2a38475c9ea22bd66,bashfashion,"FNIRSI Portable Constant Temperature Soldering Iron Set, Model: HS-02B Standard K",63,63,USD,True,var_3c4ad09892ee46af8cb4249df4fb4541,https://cdn.shopify.com/s/files/1/0772/1192/6824/files/TBD0604840607.jpg,soldering
prd_57c1637acf894913802df4a314f69a37,Switch Electronics | Your One Stop Component Shop,GT-2010+ Portable USB Soldering Iron 10W ATTEN,53.6,53.6,USD,True,var_30b9912b0a404c3e9c563425b693b4df,https://cdn.shopify.com/s/files/1/0695/1347/8453/files/b98b23aa-9f25-488f-be63-6312b7b99dac_729b619e-29cd-4def-b114-2b66adf70e34.jpg,soldering
prd_5fda5fcc1cd4470ab47a89fef70c7084,Switch Electronics | Your One Stop Component Shop,IRODA SolderPro 100K Cordless Butane Gas Soldering Iron 4-In-1 Kit 30-150W,64.16,64.16,USD,True,var_14037f48c81e4aa1a25caa6c47105c21,https://cdn.shopify.com/s/files/1/0695/1347/8453/files/67fda924-733b-4941-b283-a03bd5e64af2.jpg,soldering
prd_8f5c49825e9841b0a637b5a92c1457e6,Switch Electronics | Your One Stop Component Shop,S272470 C15 230V 15W Soldering Iron Antex,39.07,39.07,USD,True,var_a11f91553d1045899b5878012453a929,https://cdn.shopify.com/s/files/1/0695/1347/8453/files/b03a8e2b-e0f7-4b1f-9823-2571eef3da36.jpg,soldering
prd_13345f746ecb470cbe2f427ba2e1b41f,bashfashion,AiXun T320+T245 Handle+3 Tips Intelligent Keyless Operation Precision Welding Station(US Plug),221,221,USD,True,var_92d72cbe31ae4e9a93179dd5ad7825f1,https://cdn.shopify.com/s/files/1/0772/1192/6824/files/TBD0606328302A.jpg,soldering
prd_9dd570b8b94f47a1b9fb7d2deab852f6,bashfashion,"Mijing H1 Split Intelligent Temperature Control Soldering Station for Mobile Phone Repair, Plug:US Plug",176,176,USD,True,var_46b506167f534a43ad763c633477a4f4,https://cdn.shopify.com/s/files/1/0772/1192/6824/files/EDA007225201.jpg,soldering
prd_db5e8585febe4765b8ea1a507dab126b,Switch Electronics | Your One Stop Component Shop,IRODA SolderPro 70 Cordless Butane Gas Soldering Iron 25-80W,26.78,26.78,USD,True,var_890cfa32c21e40cd86aafccb097b0cf1,https://cdn.shopify.com/s/files/1/0695/1347/8453/files/0cb43857-9e56-4c3f-945d-f793d3882cf2_187bf947-e2ad-456f-a327-aee1ad29657c.jpg,soldering
prd_d5f6df067a8a45c4891d32fa9d8bf818,bashfashion,"FNIRSI 14pcs/ Set Mini Soldering Station Digital Display Constant Temperature Smart Soldering Iron, Color: Black 6 Head With Power Supply",102,102,USD,True,var_6793b136105c486faf108846fd3c1ebc,https://cdn.shopify.com/s/files/1/0772/1192/6824/files/TBD0604239608.jpg,soldering
prd_9094c44089dd4b79a03fc565b75e8629,Switch Electronics | Your One Stop Component Shop,Chassis Mount PIR Sensor,7.27,7.27,USD,True,var_7ff016cbfe554a0796b67a60c1a4ef1c,https://cdn.shopify.com/s/files/1/0695/1347/8453/files/119b0626-edd7-4022-8091-e002295e37f5.jpg,sensor
prd_8c72f611552f4280a87ebc8de0d2d78c,Flipper,Flipper Zero,169,169,USD,True,var_c0e65b6b3bfa4578b4d58552b2897081,https://cdn.shopify.com/s/files/1/0527/9806/2745/files/product_flipper-zero_1.png,Flipper
prd_1f8a434108584936a8a0de0678f008e8,abc carpet & home,Cube Flipper Candleholder,29,29,USD,True,var_e1d89c8ae1724ce3bca2f45f9ac6aa99,https://cdn.shopify.com/s/files/1/0560/2223/7322/files/3047862_1.jpg,Flipper
prd_ea8d1af2d94e4b10a473a14024c402d7,Toyster Universe Singapore,JJRC X21 GPS 4K Intelligent Obstacle Avoidance RC Drone,111,111,USD,True,var_c461e16b86ca4ee28a9a7a3542321117,https://cdn.shopify.com/s/files/1/2240/9521/files/JjrcX21.png,drone
prd_af8bee0ed412458ea19ad67334eb4af1,Tech For Less,DJI Mavic 4 Pro CP.MA.00000848.02 Drone With Fly More Combo And RC 2,2464.49,2464.49,USD,True,var_6eecfba5f3f54b679a3ea1ebbb2094c7,https://cdn.shopify.com/s/files/1/0725/7020/8392/files/36d07a3e-e06e-46b9-832a-e30e26d6676f.jpg,drone
prd_5516a5afd4b34de48aebf87fee688468,Tech For Less,DJI Mini 5 Pro CP.MA.00000895.03 Drone Camera For Beginners With Fly,1042.49,1042.49,USD,True,var_9a0f5a36af3849c6902bb304bb62134d,https://cdn.shopify.com/s/files/1/0725/7020/8392/files/f54e3d55-00ea-411a-b7d5-88946827f468.jpg,drone
prd_d43f1a82b22047529ac7af7d9d4538ac,Mavigadget,Mini Smart Foldable RC HD FPV Drone,79.95,79.95,USD,True,var_74b74920d3394c43bd8d260cc296b8bc,https://cdn.shopify.com/s/files/1/0629/4939/2444/files/S40d1d568da11415b9aede02c4d9588ea4.jpg,drone
prd_f3ce89621cc4478fa5585f7e4d63782e,Mavigadget,Pocket Size Luggage Quadcopter Drone,67.95,67.95,USD,True,var_f3632211315e4e03b726e75d1c30b29c,https://cdn.shopify.com/s/files/1/0629/4939/2444/files/product-image-1556956651-removebg-preview.png,drone
prd_e7dbf688a5f1448c9da28891c2c4aef4,Mavigadget,Sky Wings Foldable Mini Bracelet Smart Drone,109.95,109.95,USD,True,var_ba029cd1a3814b1ba3c323844e5ce6cc,https://cdn.shopify.com/s/files/1/0629/4939/2444/files/5_212ef588-dd25-4a86-88a7-dfb75a09c0f5.jpg,drone
prd_7006e347fbc34a92862cbc615ee7d718,Mavigadget,360 Degree Wifi Camera Flip Toy Drone,70.95,70.95,USD,True,var_c828c687173841a2a6f1cc883c914265,https://cdn.shopify.com/s/files/1/0629/4939/2444/files/Se5381994f8b947479bfaabc34dc2d7a5v.jpg,drone
prd_36237d1225d545f2a49ea31336eb976b,Mavigadget,Ultra-Portable Mini Quadcopter Drone,40.95,40.95,USD,True,var_6d3edac3e87346429c6c6402eb5c16bc,https://cdn.shopify.com/s/files/1/0629/4939/2444/files/S30a749b1be384aeb91747dba9142dbcdM.webp,drone
prd_9d1185f0a3734b45be4ec39359dc3e30,Mavigadget,Advanced Obstacle Avoidance LCD Screen Brushless Drone,116.95,116.95,USD,True,var_1f8f2cbb931745a6b635f77a0c318994,https://cdn.shopify.com/s/files/1/0629/4939/2444/files/main-image-7_2.jpg,drone
prd_b9d524b0435e43748a3f24dac5415dc0,Mavigadget,Pro View Aerial Photography Foldable Travel Mini Drone,116.95,116.95,USD,True,var_42a6a9ef3308432ea2bf1c906c30475c,https://cdn.shopify.com/s/files/1/0629/4939/2444/files/S5c7672a161ee4683910d53722f5b936.jpg,drone
prd_bd0ed1f700454a5d997a9c7c8b7a2e47,Mavigadget,Easy Fly Dual Camera Mini Pocket Drone,64.95,64.95,USD,True,var_dcce690d438e4549bbd76f37fb91837e,https://cdn.shopify.com/s/files/1/0629/4939/2444/files/S6b38de41ebff4c50ae41a27900587749B.jpg,drone
prd_495ba7dad8a24fb9b060e65bd8f86306,Shoppy,JJRC H37 ELFIE Portable Mini RC Drone with Camera WiFi FPV With G-sensor Remote Control Quadcopter Helicopter Dron Toys,48,48,USD,True,var_29918002300c46e8aa8356ea6ffe62e4,https://cdn.shopify.com/s/files/1/0382/9257/products/jjrc-h37-elfie-portable-mini-rc-drone-with-camera-wifi-fpv-with-g-sensor-remote-control-quadcopter-helicopter-dron-toys.jpg,drone
prd_21cdf7e67b444f60a5c842fc98f36ac6,Shoppy,Mini Selfie Drone,28,28,USD,True,var_73b2457a02a44e0eb5134ecbe6ea876c,https://cdn.shopify.com/s/files/1/0382/9257/products/Mini-Selfie-Drone-Drone_87fd3792-625c-44d9-bcfc-45febad07e2e.jpg,drone
prd_7c0c6e3cecbe485bb60764e6b9595a6c,Shoppy,Mini JJRC H37 Drone,58,58,USD,True,var_8286ed9b4a0d4e0b9a4292be9f1ed8cc,https://cdn.shopify.com/s/files/1/0382/9257/products/Mini-JJRC-H37-Drone-Drone_76ca498e-d234-4e13-9699-712e089eaf55.jpg,drone
prd_2a58dfb73dd34536ac49835efe12df2a,Toyster Universe Singapore,JJRC X12 GPS 5G WiFi 4K HD Camera Optical RC Drone Black,220,220,USD,True,var_6518f27cf9b94b408ef157d74f1af1ef,https://cdn.shopify.com/s/files/1/2240/9521/files/JJRCX12.png,drone
prd_388af1df00b249fc9a4abcd7352ddd36,Mavigadget,Ultra Fun Mini Remote Control Adventure-Ready Drone,49.95,49.95,USD,True,var_0d251406f46642bc932b70bbaa1f9b8f,https://cdn.shopify.com/s/files/1/0629/4939/2444/files/S08ca9267068a4ca0b63fcac5fcd6c6bcc.webp,drone
prd_35039391048f44da8f6c7b401a6b4e1d,Toyster Universe Singapore,JJRC X9 Heron Quadcopter Drone,199,199,USD,True,var_8fb2ce45a0b743558c7019c4e1060f8b,https://cdn.shopify.com/s/files/1/2240/9521/files/JJRCX9HeronQuadcopter.jpg,drone
prd_af2b96231b614edc9dae9958db3e92cf,Shoppy,Shoppy Elfie Pink Drone,58,58,USD,True,var_33a99ab4075848ba9378ae9eb8bd676d,https://cdn.shopify.com/s/files/1/0382/9257/products/Shoppy-Elfie-Pink-Drone-Drone_654a99e3-7562-413f-878e-8bf773d014b6.jpg,drone
prd_0574812ef8cd4573bb1b94515e4d0973,Mavigadget,Portable Foldable Ultimate 4K Drone,79.95,79.95,USD,True,var_8a7d53621930450d9b9b3e80fbbb0865,https://cdn.shopify.com/s/files/1/0629/4939/2444/files/product-image-1176387396-sw.jpg,drone
prd_eee8a70ccb1b4eecb3287dda9f168ece,Mavigadget,Sky Tech 4G 2-Axis Stable Gimbal Drone,499.95,499.95,USD,True,var_260b290c78824b45b5cc62764d3a66e9,https://cdn.shopify.com/s/files/1/0629/4939/2444/files/20816534-4c1e-4fda-856b-c9e84b47c4e7.webp,drone
prd_4a0eea7f21974b4283e4a6ca5beafec0,Mavigadget,Flying Battle Sword Remote Control Drone Toy,76.95,76.95,USD,True,var_ddd90ecc69584a16a8f1ee3d374aa2c0,https://cdn.shopify.com/s/files/1/0629/4939/2444/files/S427d0a034e3d4f5da9c5f7280dd3ffd9R.webp,drone
prd_4ef8ccbe5afa4823b42e26ee9bc84350,Shoppy,Flying Drone,55,55,USD,True,var_97255ea0a2fb41e9b2436e3bbc320714,https://cdn.shopify.com/s/files/1/0382/9257/products/Flying-Drone-Gadgets_a316fa7b-ff87-4bea-ad33-a8937e400cab.jpg,drone
prd_0fce9f936e2e4e71845cfe4ecfc64c6b,Shoppy,Shoppy Mini Camera Drone CX-10,24,24,USD,True,var_113a23554a3449129f4790b42e095580,https://cdn.shopify.com/s/files/1/0382/9257/products/Shoppy-Mini-Camera-Drone-CX-10_085f074b-121c-4f3b-a2f8-3e9434183823.jpg,drone
prd_c7b3e41ea4fa4f4ba3545a6d52dcbba6,Mavigadget,Headless Water-Ground-Air Drone,69,69,USD,True,var_98159e63f64e401aa87d469a73df9e11,https://cdn.shopify.com/s/files/1/0629/4939/2444/files/product-image-1179904268-sw.jpg,drone
prd_1386b99e554a44a88f9cca91ccd6b17d,Mavigadget,4K Sky View Dual Camera Auto Return Drone,179.95,179.95,USD,True,var_047e36ec0ecd4dc3b2f1dcba250b58ec,https://cdn.shopify.com/s/files/1/0629/4939/2444/files/Sda92a5069d754a73a3e249cb17737375f.webp,drone
prd_0bbb45e8aa9a4dd29b005324407884c3,Mavigadget,Dual Camera Built-In Storage Box Five-sided Obstacle Avoidance Drone,96.95,96.95,USD,True,var_777c3757c2dd431c8f6a2e6514405b91,https://cdn.shopify.com/s/files/1/0629/4939/2444/files/Se911f6b0134b49c39c1e09c6d9a4a3ffG.jpg,drone
prd_c57a9159595644858450046deda6c614,Toyster Universe Singapore,RED5 Yellow Motion Control Drone,32,32,USD,True,var_b102c1f080c444878990cb869f439a9a,https://cdn.shopify.com/s/files/1/2240/9521/files/RED5YellowMotionControlDrone.png,drone
prd_4b807043cd624940b336da1d21a95e96,Toyster Universe Singapore,JJRC X17 6K-GPS Brushless 2-AXIS GIMBAL RC DRONE Orange,168,168,USD,True,var_7042672b8e014e3fba80ff58862f2f73,https://cdn.shopify.com/s/files/1/2240/9521/files/JJRCX17.jpg,drone
prd_b183d0fd135d410486b601bd2d724f95,Mavigadget,Wide Angle Lens Fully Protected Aerial Photography Drone,95.95,95.95,USD,True,var_7c0e86ff1f4842e0a217cb38adf5f94b,https://cdn.shopify.com/s/files/1/0629/4939/2444/files/5f8ed56e-befb-4d6b-87a5-72f1d9491381.jpg,drone
prd_a299e8388c3046abb0093007ddb7457c,Mavigadget,Motion Controlled Drone,49.95,49.95,USD,True,var_fb961a9ea51b4376909b0f28959687b3,https://cdn.shopify.com/s/files/1/0629/4939/2444/files/product-image-974246460-sw.jpg,drone
prd_10bd087a23c94ac4aa1e79715247de58,Toyster Universe Singapore,JJRC H108 DIY Assembly RC Drone Orange,28,28,USD,True,var_cb6e0783de4d47bf9780169f631193db,https://cdn.shopify.com/s/files/1/2240/9521/files/JJRCH108DIYAssemblyRCDrone.png,drone
prd_0c50ffbb8a624eb6b3342045ed31b9ae,Shoppy,Shoppy DIY Build Your Own Drone,28,28,USD,True,var_c8355c030999400c859e63b9edcd5f2c,https://cdn.shopify.com/s/files/1/0382/9257/products/Shoppy-DIY-Build-Your-Own-Drone-Drone_c25e27e5-6b6e-40e1-88d3-41ad856bc8b8.jpg,drone
prd_a224fcaa13264cc89cc9c8483775f7d6,Mavigadget,5D Obstacle Detection Aerial Imaging FPV Drone,54.95,54.95,USD,True,var_b0ed71e2bfdd47729aaddc600c832afa,https://cdn.shopify.com/s/files/1/0629/4939/2444/files/S9d5ff194c1684624886eaa2d46f87b37k.webp,drone
prd_9ce7a1c75b8b4da4be9b1a8f98479017,Mavigadget,Flying Bird Remote Control Drone Toy,39.95,39.95,USD,True,var_da610bfa1b2846c2a29574aac2b32aed,https://cdn.shopify.com/s/files/1/0629/4939/2444/files/Sfcd223912f4b43459c9bf852eda1d23fe.jpg,drone
prd_6104ecffc7db40b986a54bc796bad879,Shoppy,2017 New X8SW Wifi Drone RC quadcopter with 720p Wifi FPV HD camera Or 1080P HD Camera Headless Quad copter helicopter,44,44,USD,True,var_0df199a6da184dc7a760391ff5104f2e,https://cdn.shopify.com/s/files/1/0382/9257/products/2017-new-x8sw-wifi-drone-rc-quadcopter-with-720p-wifi-fpv-hd-camera-or-1080p-hd-camera-headless-quad-copter-helicopter-11.jpg,drone
prd_6e148f208391465798e9492334d05b1a,Mavigadget,Portable Quadcopter Gesture Sensing Drone with Led Light,25.95,25.95,USD,True,var_05819df0f1d7402c9dd1a49f87909ff6,https://cdn.shopify.com/s/files/1/0629/4939/2444/files/product-image-1659818860-sw.jpg,drone
prd_435b183719c048bea5ba8b7006ed8aec,Digitmakers.ca,Mosaic Element HT 3D Printer,9703,9703,USD,True,var_bd26cb39371548f9a95f4d841f444c09,https://cdn.shopify.com/s/files/1/1745/6181/files/CopyofElementHT-Powerful.png,3D printer
prd_37b5584e273548259bb6b0ad0a3a7818,bashfashion,"CREALITY CR-6 SE 350W Intelligent Leveling-free DIY 3D Printer, Print Size : 23.5 x 23.5 x 25cm, UK Plug",717,717,USD,True,var_e0274112e6904096997636794878d13b,https://cdn.shopify.com/s/files/1/0772/1192/6824/files/EPR2010UK.jpg,3D printer
prd_26af76336b3744478f4f3f4e35864adb,Digitmakers.ca,Raise3D Pro3 HS 3D Printer,5661,5661,USD,True,var_294fa2d9080044e885de6a6db0ea1242,https://cdn.shopify.com/s/files/1/1745/6181/files/Pro3-HS-Front-1_1024x1024_fd4347b4-fc82-421f-bf28-1d218f10d3f7.png,3D printer
prd_0e8b953136b248bc82434fb67f2f2e62,Digitmakers.ca,Prusa Core One Assembled 3D Printer - ETL Certified,1406,1406,USD,True,var_a42e49c8a22f4a6b919242a41b93b82e,https://cdn.shopify.com/s/files/1/1745/6181/files/Prusa_Core_One_Bundle.png,3D printer
prd_bf06be0380304e2d9fd78f145a9c12fa,bashfashion,"CREALITY CR-6 SE 350W Intelligent Leveling-free DIY 3D Printer, Print Size : 23.5 x 23.5 x 25cm, EU Plug",717,717,USD,True,var_0df7b31d7c4b4b878681eb1b14332f8e,https://cdn.shopify.com/s/files/1/0772/1192/6824/files/EPR2010EU.jpg,3D printer
prd_7568169618614e049c6b0506ad90fb89,Digitmakers.ca,Original Prusa XL+ 3D Printer - ETL Certified,4219,4219,USD,True,var_d036897ccbc448dd9e97d200b2da33ad,https://cdn.shopify.com/s/files/1/1745/6181/files/cd733665-494f-4718-b84d-73d9ab2c0f07.jpg,3D printer
prd_bc03b842a3154281ba9706a73438e22f,Digitmakers.ca,Raise3D Pro3 Plus HS 3D Printer,7700,7700,USD,True,var_70b2891a7c2d4707aba753720c0ce946,https://cdn.shopify.com/s/files/1/1745/6181/files/Pro3-Plus-HS-Front-1_1024x1024_0320b9db-6d68-47a3-a120-b996c38fbce5.png,3D printer
prd_087078eb9bd9489385c4eb880a0d5f12,bashfashion,"CREALITY CR-6 SE 350W Intelligent Leveling-free DIY 3D Printer, Print Size : 23.5 x 23.5 x 25cm, US Plug",725,725,USD,True,var_8ca1314c6455467e9499d3cefac0d378,https://cdn.shopify.com/s/files/1/0772/1192/6824/files/EPR2010US.jpg,3D printer
prd_59144480071f4f79ae36106ffb8b509c,Digitmakers.ca,DREMEL DIGILAB 3D40 3D Printer with Flex Plate,1348,1348,USD,True,var_cc9f76f3d04a4738b7c4a6c46d9026bc,https://cdn.shopify.com/s/files/1/1745/6181/products/3d40-DMwm.jpg,3D printer
prd_a7465901c85342e19941b083f5a3d35c,Digitmakers.ca,Bambu Lab X1E 3D Printer,2250,2250,USD,True,var_92ba477992e845dabe9235d8c0e31d2f,https://cdn.shopify.com/s/files/1/1745/6181/files/x1ecombo.jpg,3D printer
prd_7d146cd84a17420b86ccea133278dc1d,Digitmakers.ca,Mosaic Element 3D Printer,6792,6792,USD,True,var_e6aa046f9c244166af0d8b8003669d74,https://cdn.shopify.com/s/files/1/1745/6181/files/CopyofElement-8Material_a1a34c19-2bea-425d-92bf-5672202aafeb.png,3D printer
prd_c9c85dddbf2947e7b0afb7e7dc400972,Digitmakers.ca,Formlabs Form 4L Basic Package,7014,7014,USD,True,var_c0a2d99a23884a49afc1232ecfdd515d,https://cdn.shopify.com/s/files/1/1745/6181/files/Formlabs.png,3D printer
prd_61ee33c9f32c411b91ae36cfd0179d2f,Digitmakers.ca,Flashforge Creator 4 3D Printer,10547,10547,USD,True,var_684effd8207b4d11b1a021df020c3a3a,https://cdn.shopify.com/s/files/1/1745/6181/products/flashforge-creator-4.png,3D printer
prd_52e5b6b44be74e48951972475ffa00af,Digitmakers.ca,FLSUN S1 Pro 3d Printer - ETL Certified (USED Model) - PICK UP ONLY,528,528,USD,True,var_1610059432eb478289375e1c0f0f5c53,https://cdn.shopify.com/s/files/1/1745/6181/files/86de955c1cea00cfef34728d47f7a5f5_1120x_9aea3c32-4688-495c-84fc-9753ad39d3c3.jpg,3D printer
prd_20cdfb36767248429a3e2d0cd6058bac,Tech For Less,MakerBot SKETCHKIT-KIT SKETCH Classroom Dual 3D Printer Bundle,1221.49,1221.49,USD,True,var_2f48e1ed433f4d35b9b026b88537cdbe,https://cdn.shopify.com/s/files/1/0725/7020/8392/files/615fe8ec-f9b1-48a0-adca-fd4cf47365fe.jpg,3D printer
prd_3cbfb41e81044422982bf9594abce9ff,Digitmakers.ca,Modix 120X V4 3D Printer Kit (1200X600X640mm),8323,8323,USD,True,var_efbb4f68888b4396a94756081cce5502,https://cdn.shopify.com/s/files/1/1745/6181/files/Printer-BIG-20X-v4-Copy.png,3D printer
prd_e3e678b58e75455c9df1d6cfe5835191,Digitmakers.ca,Modix Big60 V4 3D Printer Kit (600x600x660mm),5618,5618,USD,True,var_a471d684ec89413da25c9e0af326bdc2,https://cdn.shopify.com/s/files/1/1745/6181/files/Printer-Big60-V4.jpg,3D printer
prd_2b08ddabd1424150b1de1854ed2fe417,Digitmakers.ca,Modix BIG-180X V4 3D Printer Kit (1800x600x600mm),17686,17686,USD,True,var_5415b614f73141ff981e7b278c85f71a,https://cdn.shopify.com/s/files/1/1745/6181/files/Modix-BIG-180X.jpg,3D printer
